ISO-10303-21;
HEADER;
/* Generated by software containing ST-Developer
 * from STEP Tools, Inc. (www.steptools.com) 
 */
/* OPTION: using custom schema-name function */

FILE_DESCRIPTION(
/* description */ (''),
/* implementation_level */ '2;1');

FILE_NAME(
/* name */ 'ImpellerOpen.stp',
/* time_stamp */ '2026-09-05T23:42:20+02:00',
/* author */ (''),
/* organization */ (''),
/* preprocessor_version */ 'ST-DEVELOPER v20',
/* originating_system */ 'SIEMENS PLM Software NX2406.9160',
/* authorisation */ '');

FILE_SCHEMA (('AUTOMOTIVE_DESIGN { 1 0 10303 214 3 1 1 1 }'));
ENDSEC;

DATA;
#10=SHAPE_REPRESENTATION_RELATIONSHIP('None',
'relationship between rotor_70_Open-None and rotor_70_Open-None',#22,#11);
#11=ADVANCED_BREP_SHAPE_REPRESENTATION('rotor_70_Open-None',(#32),#6329);
#12=SHAPE_DEFINITION_REPRESENTATION(#13,#22);
#13=PRODUCT_DEFINITION_SHAPE('','',#14);
#14=PRODUCT_DEFINITION(' ','',#16,#15);
#15=PRODUCT_DEFINITION_CONTEXT('part definition',#21,'design');
#16=PRODUCT_DEFINITION_FORMATION_WITH_SPECIFIED_SOURCE(' ',' ',#18,
 .NOT_KNOWN.);
#17=PRODUCT_RELATED_PRODUCT_CATEGORY('part','',(#18));
#18=PRODUCT('rotor_70_Open','rotor_70_Open',' ',(#19));
#19=PRODUCT_CONTEXT(' ',#21,'mechanical');
#20=APPLICATION_PROTOCOL_DEFINITION('international standard',
'automotive_design',2010,#21);
#21=APPLICATION_CONTEXT(
'core data for automotive mechanical design processes');
#22=SHAPE_REPRESENTATION('rotor_70_Open-None',(#2336),#6329);
#23=PRESENTATION_LAYER_ASSIGNMENT('1','Layer 1',(#32));
#24=STYLED_ITEM('',(#25),#32);
#25=PRESENTATION_STYLE_ASSIGNMENT((#26));
#26=SURFACE_STYLE_USAGE(.BOTH.,#27);
#27=SURFACE_SIDE_STYLE('',(#28));
#28=SURFACE_STYLE_FILL_AREA(#29);
#29=FILL_AREA_STYLE('',(#30));
#30=FILL_AREA_STYLE_COLOUR('',#31);
#31=COLOUR_RGB('medium steel',0.611764705882353,0.658823529411765,0.670588235294118);
#32=MANIFOLD_SOLID_BREP('',#33);
#33=CLOSED_SHELL('',(#202,#203,#204,#205,#206,#207,#208,#209,#210,#211,
#212,#213,#214,#215,#216,#217,#218,#219,#220,#221,#222,#223,#224,#225,#226,
#227,#228,#229,#230,#231,#232,#233,#234,#235,#236,#237,#238,#239,#240,#241,
#242,#243,#244,#245,#246,#247,#248,#249,#250,#251,#252,#253,#254,#255,#256,
#257,#258,#259,#260,#261,#262,#263,#264,#265,#266,#267,#268,#269,#270,#271,
#272,#273,#274,#275,#276,#277,#278,#279,#280,#281,#282,#283,#284,#285,#286,
#287,#288,#289,#290,#291,#292,#293,#294,#295,#296,#297,#298,#299,#300,#301,
#302,#303,#304,#305,#306,#307,#308,#309,#310,#311,#312,#313,#314,#315,#316,
#317,#318,#319,#320,#321,#322,#323,#324,#325,#326,#327,#328,#329,#330,#331,
#332,#333,#334,#335,#336,#337,#338,#339,#340,#341,#342));
#34=CONICAL_SURFACE('',#2663,70.0000000000001,44.9999999999998);
#35=CONICAL_SURFACE('',#2664,70.4000000000001,44.9999999999999);
#36=CONICAL_SURFACE('',#2665,35.4,44.9999999999998);
#37=(
BOUNDED_SURFACE()
B_SPLINE_SURFACE(3,2,((#4618,#4619,#4620),(#4621,#4622,#4623),(#4624,#4625,
#4626),(#4627,#4628,#4629),(#4630,#4631,#4632),(#4633,#4634,#4635),(#4636,
#4637,#4638),(#4639,#4640,#4641),(#4642,#4643,#4644),(#4645,#4646,#4647),
(#4648,#4649,#4650),(#4651,#4652,#4653),(#4654,#4655,#4656),(#4657,#4658,
#4659),(#4660,#4661,#4662),(#4663,#4664,#4665),(#4666,#4667,#4668),(#4669,
#4670,#4671)),.UNSPECIFIED.,.F.,.F.,.F.)
B_SPLINE_SURFACE_WITH_KNOTS((4,2,2,2,2,2,2,2,4),(3,3),(0.,0.125,0.25,0.375,
0.5,0.625,0.75,0.875,1.),(0.,1.),.UNSPECIFIED.)
GEOMETRIC_REPRESENTATION_ITEM()
RATIONAL_B_SPLINE_SURFACE(((1.,0.712529168503642,1.),(1.,0.712533655217459,
1.),(1.,0.711549780111981,1.),(1.,0.707938454301223,1.),(1.,0.705284169231867,
1.),(1.,0.699224153791844,1.),(1.,0.695805347477753,1.),(1.,0.689146778162686,
1.),(1.,0.686010157802672,1.),(1.,0.6811392495957,1.),(1.,0.679391067786531,
1.),(1.,0.678218153306222,1.),(1.,0.678765823331552,1.),(1.,0.682523484822305,
1.),(1.,0.685774250823882,1.),(1.,0.69467820111122,1.),(1.,0.700341724825932,
1.),(1.,0.707106781186548,1.)))
REPRESENTATION_ITEM('')
SURFACE()
);
#38=(
BOUNDED_SURFACE()
B_SPLINE_SURFACE(3,2,((#4676,#4677,#4678),(#4679,#4680,#4681),(#4682,#4683,
#4684),(#4685,#4686,#4687),(#4688,#4689,#4690),(#4691,#4692,#4693),(#4694,
#4695,#4696),(#4697,#4698,#4699),(#4700,#4701,#4702),(#4703,#4704,#4705),
(#4706,#4707,#4708),(#4709,#4710,#4711),(#4712,#4713,#4714),(#4715,#4716,
#4717)),.UNSPECIFIED.,.F.,.F.,.F.)
B_SPLINE_SURFACE_WITH_KNOTS((4,2,2,2,2,2,4),(3,3),(0.,0.25,0.5,0.625,0.75,
0.875,1.),(0.,1.),.UNSPECIFIED.)
GEOMETRIC_REPRESENTATION_ITEM()
RATIONAL_B_SPLINE_SURFACE(((1.,0.707106781186548,1.),(1.,0.723281066445432,
1.),(1.,0.735621953431045,1.),(1.,0.752036347335803,1.),(1.,0.756245695593943,
1.),(1.,0.758442935626131,1.),(1.,0.758531767125456,1.),(1.,0.757987892264947,
1.),(1.,0.757371928111434,1.),(1.,0.756042563751021,1.),(1.,0.755334167609751,
1.),(1.,0.754337193156289,1.),(1.,0.754036364152271,1.),(1.,0.754040327748759,
1.)))
REPRESENTATION_ITEM('')
SURFACE()
);
#39=(
BOUNDED_SURFACE()
B_SPLINE_SURFACE(3,2,((#5184,#5185,#5186),(#5187,#5188,#5189),(#5190,#5191,
#5192),(#5193,#5194,#5195),(#5196,#5197,#5198),(#5199,#5200,#5201),(#5202,
#5203,#5204),(#5205,#5206,#5207),(#5208,#5209,#5210),(#5211,#5212,#5213),
(#5214,#5215,#5216),(#5217,#5218,#5219),(#5220,#5221,#5222),(#5223,#5224,
#5225),(#5226,#5227,#5228),(#5229,#5230,#5231),(#5232,#5233,#5234),(#5235,
#5236,#5237)),.UNSPECIFIED.,.F.,.F.,.F.)
B_SPLINE_SURFACE_WITH_KNOTS((4,2,2,2,2,2,2,2,4),(3,3),(0.,0.125,0.25,0.375,
0.5,0.625,0.75,0.875,1.),(0.,1.),.UNSPECIFIED.)
GEOMETRIC_REPRESENTATION_ITEM()
RATIONAL_B_SPLINE_SURFACE(((1.,0.712529168503643,1.),(1.,0.712533655216724,
1.),(1.,0.711549780112959,1.),(1.,0.707938454300247,1.),(1.,0.7052841692352,
1.),(1.,0.699224153788511,1.),(1.,0.69580534747719,1.),(1.,0.689146778163246,
1.),(1.,0.686010157804615,1.),(1.,0.681139249593756,1.),(1.,0.679391067786672,
1.),(1.,0.678218153306085,1.),(1.,0.678765823333503,1.),(1.,0.682523484820354,
1.),(1.,0.685774250823742,1.),(1.,0.694678201111357,1.),(1.,0.70034172482583,
1.),(1.,0.707106781186548,1.)))
REPRESENTATION_ITEM('')
SURFACE()
);
#40=(
BOUNDED_SURFACE()
B_SPLINE_SURFACE(3,2,((#5242,#5243,#5244),(#5245,#5246,#5247),(#5248,#5249,
#5250),(#5251,#5252,#5253),(#5254,#5255,#5256),(#5257,#5258,#5259),(#5260,
#5261,#5262),(#5263,#5264,#5265),(#5266,#5267,#5268),(#5269,#5270,#5271),
(#5272,#5273,#5274),(#5275,#5276,#5277),(#5278,#5279,#5280),(#5281,#5282,
#5283),(#5284,#5285,#5286),(#5287,#5288,#5289),(#5290,#5291,#5292),(#5293,
#5294,#5295)),.UNSPECIFIED.,.F.,.F.,.F.)
B_SPLINE_SURFACE_WITH_KNOTS((4,2,2,2,2,2,2,2,4),(3,3),(0.,0.125,0.25,0.375,
0.5,0.625,0.75,0.875,1.),(0.,1.),.UNSPECIFIED.)
GEOMETRIC_REPRESENTATION_ITEM()
RATIONAL_B_SPLINE_SURFACE(((1.,0.712529168503643,1.),(1.,0.71253365521494,
1.),(1.,0.711549780115331,1.),(1.,0.707938454297873,1.),(1.,0.705284169232701,
1.),(1.,0.699224153791012,1.),(1.,0.695805347475084,1.),(1.,0.689146778165354,
1.),(1.,0.686010157801005,1.),(1.,0.681139249597364,1.),(1.,0.679391067787925,
1.),(1.,0.678218153304828,1.),(1.,0.678765823333642,1.),(1.,0.682523484820214,
1.),(1.,0.685774250823881,1.),(1.,0.694678201111219,1.),(1.,0.700341724825933,
1.),(1.,0.707106781186548,1.)))
REPRESENTATION_ITEM('')
SURFACE()
);
#41=(
BOUNDED_SURFACE()
B_SPLINE_SURFACE(3,2,((#5300,#5301,#5302),(#5303,#5304,#5305),(#5306,#5307,
#5308),(#5309,#5310,#5311),(#5312,#5313,#5314),(#5315,#5316,#5317),(#5318,
#5319,#5320),(#5321,#5322,#5323),(#5324,#5325,#5326),(#5327,#5328,#5329),
(#5330,#5331,#5332),(#5333,#5334,#5335),(#5336,#5337,#5338),(#5339,#5340,
#5341),(#5342,#5343,#5344),(#5345,#5346,#5347),(#5348,#5349,#5350),(#5351,
#5352,#5353)),.UNSPECIFIED.,.F.,.F.,.F.)
B_SPLINE_SURFACE_WITH_KNOTS((4,2,2,2,2,2,2,2,4),(3,3),(0.,0.125,0.25,0.375,
0.5,0.625,0.75,0.875,1.),(0.,1.),.UNSPECIFIED.)
GEOMETRIC_REPRESENTATION_ITEM()
RATIONAL_B_SPLINE_SURFACE(((1.,0.712529168503642,1.),(1.,0.7125336552162,
1.),(1.,0.711549780113656,1.),(1.,0.707938454299548,1.),(1.,0.705284169234367,
1.),(1.,0.699224153789345,1.),(1.,0.695805347477893,1.),(1.,0.689146778162545,
1.),(1.,0.686010157802671,1.),(1.,0.681139249595699,1.),(1.,0.679391067787368,
1.),(1.,0.678218153305386,1.),(1.,0.678765823331552,1.),(1.,0.682523484822304,
1.),(1.,0.685774250824437,1.),(1.,0.694678201110664,1.),(1.,0.70034172482635,
1.),(1.,0.707106781186548,1.)))
REPRESENTATION_ITEM('')
SURFACE()
);
#42=(
BOUNDED_SURFACE()
B_SPLINE_SURFACE(3,2,((#5358,#5359,#5360),(#5361,#5362,#5363),(#5364,#5365,
#5366),(#5367,#5368,#5369),(#5370,#5371,#5372),(#5373,#5374,#5375),(#5376,
#5377,#5378),(#5379,#5380,#5381),(#5382,#5383,#5384),(#5385,#5386,#5387),
(#5388,#5389,#5390),(#5391,#5392,#5393),(#5394,#5395,#5396),(#5397,#5398,
#5399),(#5400,#5401,#5402),(#5403,#5404,#5405),(#5406,#5407,#5408),(#5409,
#5410,#5411)),.UNSPECIFIED.,.F.,.F.,.F.)
B_SPLINE_SURFACE_WITH_KNOTS((4,2,2,2,2,2,2,2,4),(3,3),(0.,0.125,0.25,0.375,
0.5,0.625,0.75,0.875,1.),(0.,1.),.UNSPECIFIED.)
GEOMETRIC_REPRESENTATION_ITEM()
RATIONAL_B_SPLINE_SURFACE(((1.,0.712529168503642,1.),(1.,0.71253365521578,
1.),(1.,0.711549780114215,1.),(1.,0.70793845429899,1.),(1.,0.70528416923284,
1.),(1.,0.699224153790873,1.),(1.,0.695805347478314,1.),(1.,0.689146778162124,
1.),(1.,0.686010157802393,1.),(1.,0.681139249595976,1.),(1.,0.679391067787088,
1.),(1.,0.678218153305664,1.),(1.,0.678765823333085,1.),(1.,0.682523484820772,
1.),(1.,0.685774250825409,1.),(1.,0.694678201109692,1.),(1.,0.700341724827079,
1.),(1.,0.707106781186548,1.)))
REPRESENTATION_ITEM('')
SURFACE()
);
#43=(
BOUNDED_SURFACE()
B_SPLINE_SURFACE(3,2,((#5416,#5417,#5418),(#5419,#5420,#5421),(#5422,#5423,
#5424),(#5425,#5426,#5427),(#5428,#5429,#5430),(#5431,#5432,#5433),(#5434,
#5435,#5436),(#5437,#5438,#5439),(#5440,#5441,#5442),(#5443,#5444,#5445),
(#5446,#5447,#5448),(#5449,#5450,#5451),(#5452,#5453,#5454),(#5455,#5456,
#5457),(#5458,#5459,#5460),(#5461,#5462,#5463),(#5464,#5465,#5466),(#5467,
#5468,#5469)),.UNSPECIFIED.,.F.,.F.,.F.)
B_SPLINE_SURFACE_WITH_KNOTS((4,2,2,2,2,2,2,2,4),(3,3),(0.,0.125,0.25,0.375,
0.5,0.625,0.75,0.875,1.),(0.,1.),.UNSPECIFIED.)
GEOMETRIC_REPRESENTATION_ITEM()
RATIONAL_B_SPLINE_SURFACE(((1.,0.712529168503643,1.),(1.,0.712533655217982,
1.),(1.,0.711549780111284,1.),(1.,0.707938454301921,1.),(1.,0.70528416923381,
1.),(1.,0.699224153789899,1.),(1.,0.695805347479717,1.),(1.,0.689146778160717,
1.),(1.,0.686010157800728,1.),(1.,0.681139249597642,1.),(1.,0.679391067788483,
1.),(1.,0.67821815330427,1.),(1.,0.678765823333642,1.),(1.,0.682523484820214,
1.),(1.,0.685774250824437,1.),(1.,0.694678201110664,1.),(1.,0.70034172482635,
1.),(1.,0.707106781186548,1.)))
REPRESENTATION_ITEM('')
SURFACE()
);
#44=(
BOUNDED_SURFACE()
B_SPLINE_SURFACE(3,2,((#5474,#5475,#5476),(#5477,#5478,#5479),(#5480,#5481,
#5482),(#5483,#5484,#5485),(#5486,#5487,#5488),(#5489,#5490,#5491),(#5492,
#5493,#5494),(#5495,#5496,#5497),(#5498,#5499,#5500),(#5501,#5502,#5503),
(#5504,#5505,#5506),(#5507,#5508,#5509),(#5510,#5511,#5512),(#5513,#5514,
#5515),(#5516,#5517,#5518),(#5519,#5520,#5521),(#5522,#5523,#5524),(#5525,
#5526,#5527)),.UNSPECIFIED.,.F.,.F.,.F.)
B_SPLINE_SURFACE_WITH_KNOTS((4,2,2,2,2,2,2,2,4),(3,3),(0.,0.125,0.25,0.375,
0.5,0.625,0.75,0.875,1.),(0.,1.),.UNSPECIFIED.)
GEOMETRIC_REPRESENTATION_ITEM()
RATIONAL_B_SPLINE_SURFACE(((1.,0.712529168503643,1.),(1.,0.71253365521641,
1.),(1.,0.711549780113377,1.),(1.,0.707938454299827,1.),(1.,0.705284169233117,
1.),(1.,0.699224153790594,1.),(1.,0.695805347477752,1.),(1.,0.689146778162685,
1.),(1.,0.686010157802255,1.),(1.,0.681139249596115,1.),(1.,0.67939106778918,
1.),(1.,0.678218153303573,1.),(1.,0.678765823333085,1.),(1.,0.682523484820772,
1.),(1.,0.685774250824021,1.),(1.,0.694678201111081,1.),(1.,0.700341724826036,
1.),(1.,0.707106781186548,1.)))
REPRESENTATION_ITEM('')
SURFACE()
);
#45=(
BOUNDED_SURFACE()
B_SPLINE_SURFACE(3,2,((#5532,#5533,#5534),(#5535,#5536,#5537),(#5538,#5539,
#5540),(#5541,#5542,#5543),(#5544,#5545,#5546),(#5547,#5548,#5549),(#5550,
#5551,#5552),(#5553,#5554,#5555),(#5556,#5557,#5558),(#5559,#5560,#5561),
(#5562,#5563,#5564),(#5565,#5566,#5567),(#5568,#5569,#5570),(#5571,#5572,
#5573),(#5574,#5575,#5576),(#5577,#5578,#5579),(#5580,#5581,#5582),(#5583,
#5584,#5585)),.UNSPECIFIED.,.F.,.F.,.F.)
B_SPLINE_SURFACE_WITH_KNOTS((4,2,2,2,2,2,2,2,4),(3,3),(0.,0.125,0.25,0.375,
0.5,0.625,0.75,0.875,1.),(0.,1.),.UNSPECIFIED.)
GEOMETRIC_REPRESENTATION_ITEM()
RATIONAL_B_SPLINE_SURFACE(((1.,0.712529168503642,1.),(1.,0.712533655216619,
1.),(1.,0.711549780113098,1.),(1.,0.707938454300107,1.),(1.,0.705284169232005,
1.),(1.,0.699224153791705,1.),(1.,0.695805347478033,1.),(1.,0.689146778162404,
1.),(1.,0.686010157802254,1.),(1.,0.681139249596114,1.),(1.,0.679391067786669,
1.),(1.,0.678218153306082,1.),(1.,0.678765823330578,1.),(1.,0.682523484823281,
1.),(1.,0.685774250825824,1.),(1.,0.694678201109275,1.),(1.,0.700341724827392,
1.),(1.,0.707106781186548,1.)))
REPRESENTATION_ITEM('')
SURFACE()
);
#46=(
BOUNDED_SURFACE()
B_SPLINE_SURFACE(3,2,((#5590,#5591,#5592),(#5593,#5594,#5595),(#5596,#5597,
#5598),(#5599,#5600,#5601),(#5602,#5603,#5604),(#5605,#5606,#5607),(#5608,
#5609,#5610),(#5611,#5612,#5613),(#5614,#5615,#5616),(#5617,#5618,#5619),
(#5620,#5621,#5622),(#5623,#5624,#5625),(#5626,#5627,#5628),(#5629,#5630,
#5631),(#5632,#5633,#5634),(#5635,#5636,#5637),(#5638,#5639,#5640),(#5641,
#5642,#5643)),.UNSPECIFIED.,.F.,.F.,.F.)
B_SPLINE_SURFACE_WITH_KNOTS((4,2,2,2,2,2,2,2,4),(3,3),(0.,0.125,0.25,0.375,
0.5,0.625,0.75,0.875,1.),(0.,1.),.UNSPECIFIED.)
GEOMETRIC_REPRESENTATION_ITEM()
RATIONAL_B_SPLINE_SURFACE(((1.,0.712529168503642,1.),(1.,0.712533655214316,
1.),(1.,0.711549780116168,1.),(1.,0.707938454297035,1.),(1.,0.705284169232145,
1.),(1.,0.699224153791567,1.),(1.,0.695805347479296,1.),(1.,0.689146778161139,
1.),(1.,0.686010157803366,1.),(1.,0.681139249595005,1.),(1.,0.679391067785415,
1.),(1.,0.678218153307337,1.),(1.,0.678765823332528,1.),(1.,0.68252348482133,
1.),(1.,0.685774250824437,1.),(1.,0.694678201110664,1.),(1.,0.700341724826349,
1.),(1.,0.707106781186548,1.)))
REPRESENTATION_ITEM('')
SURFACE()
);
#47=(
BOUNDED_SURFACE()
B_SPLINE_SURFACE(3,2,((#5648,#5649,#5650),(#5651,#5652,#5653),(#5654,#5655,
#5656),(#5657,#5658,#5659),(#5660,#5661,#5662),(#5663,#5664,#5665),(#5666,
#5667,#5668),(#5669,#5670,#5671),(#5672,#5673,#5674),(#5675,#5676,#5677),
(#5678,#5679,#5680),(#5681,#5682,#5683),(#5684,#5685,#5686),(#5687,#5688,
#5689),(#5690,#5691,#5692),(#5693,#5694,#5695),(#5696,#5697,#5698),(#5699,
#5700,#5701)),.UNSPECIFIED.,.F.,.F.,.F.)
B_SPLINE_SURFACE_WITH_KNOTS((4,2,2,2,2,2,2,2,4),(3,3),(0.,0.125,0.25,0.375,
0.5,0.625,0.75,0.875,1.),(0.,1.),.UNSPECIFIED.)
GEOMETRIC_REPRESENTATION_ITEM()
RATIONAL_B_SPLINE_SURFACE(((1.,0.712529168503643,1.),(1.,0.712533655215571,
1.),(1.,0.711549780114494,1.),(1.,0.707938454298711,1.),(1.,0.705284169233117,
1.),(1.,0.699224153790595,1.),(1.,0.695805347477611,1.),(1.,0.689146778162825,
1.),(1.,0.686010157803226,1.),(1.,0.681139249595142,1.),(1.,0.679391067788064,
1.),(1.,0.678218153304688,1.),(1.,0.67876582333183,1.),(1.,0.682523484822025,
1.),(1.,0.685774250823743,1.),(1.,0.694678201111357,1.),(1.,0.70034172482583,
1.),(1.,0.707106781186546,1.)))
REPRESENTATION_ITEM('')
SURFACE()
);
#48=(
BOUNDED_SURFACE()
B_SPLINE_SURFACE(3,2,((#5706,#5707,#5708),(#5709,#5710,#5711),(#5712,#5713,
#5714),(#5715,#5716,#5717),(#5718,#5719,#5720),(#5721,#5722,#5723),(#5724,
#5725,#5726),(#5727,#5728,#5729),(#5730,#5731,#5732),(#5733,#5734,#5735),
(#5736,#5737,#5738),(#5739,#5740,#5741),(#5742,#5743,#5744),(#5745,#5746,
#5747),(#5748,#5749,#5750),(#5751,#5752,#5753),(#5754,#5755,#5756),(#5757,
#5758,#5759)),.UNSPECIFIED.,.F.,.F.,.F.)
B_SPLINE_SURFACE_WITH_KNOTS((4,2,2,2,2,2,2,2,4),(3,3),(0.,0.125,0.25,0.375,
0.5,0.625,0.75,0.875,1.),(0.,1.),.UNSPECIFIED.)
GEOMETRIC_REPRESENTATION_ITEM()
RATIONAL_B_SPLINE_SURFACE(((1.,0.712529168503643,1.),(1.,0.712533655214837,
1.),(1.,0.711549780115471,1.),(1.,0.707938454297734,1.),(1.,0.705284169233812,
1.),(1.,0.6992241537899,1.),(1.,0.695805347477752,1.),(1.,0.689146778162685,
1.),(1.,0.686010157801144,1.),(1.,0.681139249597225,1.),(1.,0.679391067788065,
1.),(1.,0.678218153304689,1.),(1.,0.678765823330575,1.),(1.,0.682523484823279,
1.),(1.,0.685774250824437,1.),(1.,0.694678201110664,1.),(1.,0.700341724826349,
1.),(1.,0.707106781186548,1.)))
REPRESENTATION_ITEM('')
SURFACE()
);
#49=(
BOUNDED_SURFACE()
B_SPLINE_SURFACE(3,2,((#5764,#5765,#5766),(#5767,#5768,#5769),(#5770,#5771,
#5772),(#5773,#5774,#5775),(#5776,#5777,#5778),(#5779,#5780,#5781),(#5782,
#5783,#5784),(#5785,#5786,#5787),(#5788,#5789,#5790),(#5791,#5792,#5793),
(#5794,#5795,#5796),(#5797,#5798,#5799),(#5800,#5801,#5802),(#5803,#5804,
#5805),(#5806,#5807,#5808),(#5809,#5810,#5811),(#5812,#5813,#5814),(#5815,
#5816,#5817)),.UNSPECIFIED.,.F.,.F.,.F.)
B_SPLINE_SURFACE_WITH_KNOTS((4,2,2,2,2,2,2,2,4),(3,3),(0.,0.125,0.25,0.375,
0.5,0.625,0.75,0.875,1.),(0.,1.),.UNSPECIFIED.)
GEOMETRIC_REPRESENTATION_ITEM()
RATIONAL_B_SPLINE_SURFACE(((1.,0.712529168503643,1.),(1.,0.712533655216094,
1.),(1.,0.711549780113796,1.),(1.,0.707938454299408,1.),(1.,0.705284169232144,
1.),(1.,0.699224153791566,1.),(1.,0.695805347479718,1.),(1.,0.689146778160719,
1.),(1.,0.686010157800589,1.),(1.,0.68113924959778,1.),(1.,0.679391067786113,
1.),(1.,0.678218153306641,1.),(1.,0.678765823330995,1.),(1.,0.682523484822862,
1.),(1.,0.685774250825964,1.),(1.,0.694678201109137,1.),(1.,0.700341724827496,
1.),(1.,0.707106781186548,1.)))
REPRESENTATION_ITEM('')
SURFACE()
);
#50=(
BOUNDED_SURFACE()
B_SPLINE_SURFACE(3,2,((#5822,#5823,#5824),(#5825,#5826,#5827),(#5828,#5829,
#5830),(#5831,#5832,#5833),(#5834,#5835,#5836),(#5837,#5838,#5839),(#5840,
#5841,#5842),(#5843,#5844,#5845),(#5846,#5847,#5848),(#5849,#5850,#5851),
(#5852,#5853,#5854),(#5855,#5856,#5857),(#5858,#5859,#5860),(#5861,#5862,
#5863)),.UNSPECIFIED.,.F.,.F.,.F.)
B_SPLINE_SURFACE_WITH_KNOTS((4,2,2,2,2,2,4),(3,3),(0.,0.25,0.5,0.625,0.75,
0.875,1.),(0.,1.),.UNSPECIFIED.)
GEOMETRIC_REPRESENTATION_ITEM()
RATIONAL_B_SPLINE_SURFACE(((1.,0.707106781186548,1.),(1.,0.723281066447117,
1.),(1.,0.735621953428799,1.),(1.,0.75203634733805,1.),(1.,0.756245695592822,
1.),(1.,0.758442935626694,1.),(1.,0.758531767126302,1.),(1.,0.757987892264102,
1.),(1.,0.757371928108616,1.),(1.,0.756042563753839,1.),(1.,0.755334167610875,
1.),(1.,0.754337193155167,1.),(1.,0.754036364153113,1.),(1.,0.754040327748758,
1.)))
REPRESENTATION_ITEM('')
SURFACE()
);
#51=(
BOUNDED_SURFACE()
B_SPLINE_SURFACE(3,2,((#5868,#5869,#5870),(#5871,#5872,#5873),(#5874,#5875,
#5876),(#5877,#5878,#5879),(#5880,#5881,#5882),(#5883,#5884,#5885),(#5886,
#5887,#5888),(#5889,#5890,#5891),(#5892,#5893,#5894),(#5895,#5896,#5897),
(#5898,#5899,#5900),(#5901,#5902,#5903),(#5904,#5905,#5906),(#5907,#5908,
#5909)),.UNSPECIFIED.,.F.,.F.,.F.)
B_SPLINE_SURFACE_WITH_KNOTS((4,2,2,2,2,2,4),(3,3),(0.,0.25,0.5,0.625,0.75,
0.875,1.),(0.,1.),.UNSPECIFIED.)
GEOMETRIC_REPRESENTATION_ITEM()
RATIONAL_B_SPLINE_SURFACE(((1.,0.707106781186548,1.),(1.,0.723281066446907,
1.),(1.,0.735621953429079,1.),(1.,0.752036347337768,1.),(1.,0.756245695593943,
1.),(1.,0.758442935626132,1.),(1.,0.758531767125879,1.),(1.,0.757987892264525,
1.),(1.,0.757371928110306,1.),(1.,0.756042563752148,1.),(1.,0.755334167610454,
1.),(1.,0.754337193155588,1.),(1.,0.754036364152798,1.),(1.,0.754040327748758,
1.)))
REPRESENTATION_ITEM('')
SURFACE()
);
#52=(
BOUNDED_SURFACE()
B_SPLINE_SURFACE(3,2,((#5914,#5915,#5916),(#5917,#5918,#5919),(#5920,#5921,
#5922),(#5923,#5924,#5925),(#5926,#5927,#5928),(#5929,#5930,#5931),(#5932,
#5933,#5934),(#5935,#5936,#5937),(#5938,#5939,#5940),(#5941,#5942,#5943),
(#5944,#5945,#5946),(#5947,#5948,#5949),(#5950,#5951,#5952),(#5953,#5954,
#5955)),.UNSPECIFIED.,.F.,.F.,.F.)
B_SPLINE_SURFACE_WITH_KNOTS((4,2,2,2,2,2,4),(3,3),(0.,0.25,0.5,0.625,0.75,
0.875,1.),(0.,1.),.UNSPECIFIED.)
GEOMETRIC_REPRESENTATION_ITEM()
RATIONAL_B_SPLINE_SURFACE(((1.,0.707106781186548,1.),(1.,0.723281066447117,
1.),(1.,0.735621953428799,1.),(1.,0.75203634733805,1.),(1.,0.756245695594505,
1.),(1.,0.758442935625852,1.),(1.,0.758531767125598,1.),(1.,0.757987892264807,
1.),(1.,0.757371928110448,1.),(1.,0.756042563752007,1.),(1.,0.75533416760891,
1.),(1.,0.754337193157131,1.),(1.,0.754036364151639,1.),(1.,0.754040327748757,
1.)))
REPRESENTATION_ITEM('')
SURFACE()
);
#53=(
BOUNDED_SURFACE()
B_SPLINE_SURFACE(3,2,((#5960,#5961,#5962),(#5963,#5964,#5965),(#5966,#5967,
#5968),(#5969,#5970,#5971),(#5972,#5973,#5974),(#5975,#5976,#5977),(#5978,
#5979,#5980),(#5981,#5982,#5983),(#5984,#5985,#5986),(#5987,#5988,#5989),
(#5990,#5991,#5992),(#5993,#5994,#5995),(#5996,#5997,#5998),(#5999,#6000,
#6001)),.UNSPECIFIED.,.F.,.F.,.F.)
B_SPLINE_SURFACE_WITH_KNOTS((4,2,2,2,2,2,4),(3,3),(0.,0.25,0.5,0.625,0.75,
0.875,1.),(0.,1.),.UNSPECIFIED.)
GEOMETRIC_REPRESENTATION_ITEM()
RATIONAL_B_SPLINE_SURFACE(((1.,0.707106781186548,1.),(1.,0.723281066448804,
1.),(1.,0.735621953426554,1.),(1.,0.752036347340296,1.),(1.,0.756245695595346,
1.),(1.,0.75844293562543,1.),(1.,0.758531767124047,1.),(1.,0.757987892266358,
1.),(1.,0.757371928109179,1.),(1.,0.756042563753275,1.),(1.,0.755334167609472,
1.),(1.,0.754337193156571,1.),(1.,0.75403636415206,1.),(1.,0.754040327748758,
1.)))
REPRESENTATION_ITEM('')
SURFACE()
);
#54=(
BOUNDED_SURFACE()
B_SPLINE_SURFACE(3,2,((#6006,#6007,#6008),(#6009,#6010,#6011),(#6012,#6013,
#6014),(#6015,#6016,#6017),(#6018,#6019,#6020),(#6021,#6022,#6023),(#6024,
#6025,#6026),(#6027,#6028,#6029),(#6030,#6031,#6032),(#6033,#6034,#6035),
(#6036,#6037,#6038),(#6039,#6040,#6041),(#6042,#6043,#6044),(#6045,#6046,
#6047)),.UNSPECIFIED.,.F.,.F.,.F.)
B_SPLINE_SURFACE_WITH_KNOTS((4,2,2,2,2,2,4),(3,3),(0.,0.25,0.5,0.625,0.75,
0.875,1.),(0.,1.),.UNSPECIFIED.)
GEOMETRIC_REPRESENTATION_ITEM()
RATIONAL_B_SPLINE_SURFACE(((1.,0.707106781186548,1.),(1.,0.723281066447118,
1.),(1.,0.735621953428798,1.),(1.,0.752036347338049,1.),(1.,0.756245695595065,
1.),(1.,0.75844293562557,1.),(1.,0.758531767126301,1.),(1.,0.757987892264102,
1.),(1.,0.75737192811087,1.),(1.,0.756042563751584,1.),(1.,0.75533416760919,
1.),(1.,0.75433719315685,1.),(1.,0.754036364151851,1.),(1.,0.754040327748758,
1.)))
REPRESENTATION_ITEM('')
SURFACE()
);
#55=(
BOUNDED_SURFACE()
B_SPLINE_SURFACE(3,2,((#6052,#6053,#6054),(#6055,#6056,#6057),(#6058,#6059,
#6060),(#6061,#6062,#6063),(#6064,#6065,#6066),(#6067,#6068,#6069),(#6070,
#6071,#6072),(#6073,#6074,#6075),(#6076,#6077,#6078),(#6079,#6080,#6081),
(#6082,#6083,#6084),(#6085,#6086,#6087),(#6088,#6089,#6090),(#6091,#6092,
#6093)),.UNSPECIFIED.,.F.,.F.,.F.)
B_SPLINE_SURFACE_WITH_KNOTS((4,2,2,2,2,2,4),(3,3),(0.,0.25,0.5,0.625,0.75,
0.875,1.),(0.,1.),.UNSPECIFIED.)
GEOMETRIC_REPRESENTATION_ITEM()
RATIONAL_B_SPLINE_SURFACE(((1.,0.707106781186548,1.),(1.,0.723281066447118,
1.),(1.,0.735621953428799,1.),(1.,0.75203634733805,1.),(1.,0.756245695595065,
1.),(1.,0.75844293562557,1.),(1.,0.758531767128135,1.),(1.,0.757987892262271,
1.),(1.,0.757371928110587,1.),(1.,0.756042563751865,1.),(1.,0.755334167610031,
1.),(1.,0.754337193156007,1.),(1.,0.754036364152484,1.),(1.,0.754040327748758,
1.)))
REPRESENTATION_ITEM('')
SURFACE()
);
#56=(
BOUNDED_SURFACE()
B_SPLINE_SURFACE(3,2,((#6098,#6099,#6100),(#6101,#6102,#6103),(#6104,#6105,
#6106),(#6107,#6108,#6109),(#6110,#6111,#6112),(#6113,#6114,#6115),(#6116,
#6117,#6118),(#6119,#6120,#6121),(#6122,#6123,#6124),(#6125,#6126,#6127),
(#6128,#6129,#6130),(#6131,#6132,#6133),(#6134,#6135,#6136),(#6137,#6138,
#6139)),.UNSPECIFIED.,.F.,.F.,.F.)
B_SPLINE_SURFACE_WITH_KNOTS((4,2,2,2,2,2,4),(3,3),(0.,0.25,0.5,0.625,0.75,
0.875,1.),(0.,1.),.UNSPECIFIED.)
GEOMETRIC_REPRESENTATION_ITEM()
RATIONAL_B_SPLINE_SURFACE(((1.,0.707106781186547,1.),(1.,0.723281066448804,
1.),(1.,0.735621953426554,1.),(1.,0.752036347340297,1.),(1.,0.756245695594224,
1.),(1.,0.758442935625992,1.),(1.,0.758531767125739,1.),(1.,0.757987892264667,
1.),(1.,0.757371928110729,1.),(1.,0.756042563751725,1.),(1.,0.755334167610033,
1.),(1.,0.754337193156009,1.),(1.,0.754036364152483,1.),(1.,0.754040327748758,
1.)))
REPRESENTATION_ITEM('')
SURFACE()
);
#57=(
BOUNDED_SURFACE()
B_SPLINE_SURFACE(3,2,((#6144,#6145,#6146),(#6147,#6148,#6149),(#6150,#6151,
#6152),(#6153,#6154,#6155),(#6156,#6157,#6158),(#6159,#6160,#6161),(#6162,
#6163,#6164),(#6165,#6166,#6167),(#6168,#6169,#6170),(#6171,#6172,#6173),
(#6174,#6175,#6176),(#6177,#6178,#6179),(#6180,#6181,#6182),(#6183,#6184,
#6185)),.UNSPECIFIED.,.F.,.F.,.F.)
B_SPLINE_SURFACE_WITH_KNOTS((4,2,2,2,2,2,4),(3,3),(0.,0.25,0.5,0.625,0.75,
0.875,1.),(0.,1.),.UNSPECIFIED.)
GEOMETRIC_REPRESENTATION_ITEM()
RATIONAL_B_SPLINE_SURFACE(((1.,0.707106781186548,1.),(1.,0.723281066445641,
1.),(1.,0.735621953430764,1.),(1.,0.752036347336083,1.),(1.,0.756245695594224,
1.),(1.,0.758442935625992,1.),(1.,0.75853176712616,1.),(1.,0.757987892264242,
1.),(1.,0.757371928110166,1.),(1.,0.756042563752289,1.),(1.,0.75533416760961,
1.),(1.,0.754337193156428,1.),(1.,0.754036364152168,1.),(1.,0.754040327748759,
1.)))
REPRESENTATION_ITEM('')
SURFACE()
);
#58=(
BOUNDED_SURFACE()
B_SPLINE_SURFACE(3,2,((#6190,#6191,#6192),(#6193,#6194,#6195),(#6196,#6197,
#6198),(#6199,#6200,#6201),(#6202,#6203,#6204),(#6205,#6206,#6207),(#6208,
#6209,#6210),(#6211,#6212,#6213),(#6214,#6215,#6216),(#6217,#6218,#6219),
(#6220,#6221,#6222),(#6223,#6224,#6225),(#6226,#6227,#6228),(#6229,#6230,
#6231)),.UNSPECIFIED.,.F.,.F.,.F.)
B_SPLINE_SURFACE_WITH_KNOTS((4,2,2,2,2,2,4),(3,3),(0.,0.25,0.5,0.625,0.75,
0.875,1.),(0.,1.),.UNSPECIFIED.)
GEOMETRIC_REPRESENTATION_ITEM()
RATIONAL_B_SPLINE_SURFACE(((1.,0.707106781186548,1.),(1.,0.723281066447118,
1.),(1.,0.735621953428798,1.),(1.,0.752036347338049,1.),(1.,0.756245695595346,
1.),(1.,0.75844293562543,1.),(1.,0.758531767125596,1.),(1.,0.757987892264806,
1.),(1.,0.757371928110306,1.),(1.,0.756042563752147,1.),(1.,0.755334167612135,
1.),(1.,0.754337193153902,1.),(1.,0.754036364154064,1.),(1.,0.754040327748758,
1.)))
REPRESENTATION_ITEM('')
SURFACE()
);
#59=(
BOUNDED_SURFACE()
B_SPLINE_SURFACE(3,2,((#6236,#6237,#6238),(#6239,#6240,#6241),(#6242,#6243,
#6244),(#6245,#6246,#6247),(#6248,#6249,#6250),(#6251,#6252,#6253),(#6254,
#6255,#6256),(#6257,#6258,#6259),(#6260,#6261,#6262),(#6263,#6264,#6265),
(#6266,#6267,#6268),(#6269,#6270,#6271),(#6272,#6273,#6274),(#6275,#6276,
#6277)),.UNSPECIFIED.,.F.,.F.,.F.)
B_SPLINE_SURFACE_WITH_KNOTS((4,2,2,2,2,2,4),(3,3),(0.,0.25,0.5,0.625,0.75,
0.875,1.),(0.,1.),.UNSPECIFIED.)
GEOMETRIC_REPRESENTATION_ITEM()
RATIONAL_B_SPLINE_SURFACE(((1.,0.707106781186548,1.),(1.,0.72328106644775,
1.),(1.,0.735621953427957,1.),(1.,0.752036347338893,1.),(1.,0.756245695595066,
1.),(1.,0.758442935625571,1.),(1.,0.758531767127711,1.),(1.,0.757987892262693,
1.),(1.,0.757371928108052,1.),(1.,0.756042563754403,1.),(1.,0.755334167611575,
1.),(1.,0.754337193154465,1.),(1.,0.754036364153643,1.),(1.,0.754040327748757,
1.)))
REPRESENTATION_ITEM('')
SURFACE()
);
#60=(
BOUNDED_SURFACE()
B_SPLINE_SURFACE(3,2,((#6282,#6283,#6284),(#6285,#6286,#6287),(#6288,#6289,
#6290),(#6291,#6292,#6293),(#6294,#6295,#6296),(#6297,#6298,#6299),(#6300,
#6301,#6302),(#6303,#6304,#6305),(#6306,#6307,#6308),(#6309,#6310,#6311),
(#6312,#6313,#6314),(#6315,#6316,#6317),(#6318,#6319,#6320),(#6321,#6322,
#6323)),.UNSPECIFIED.,.F.,.F.,.F.)
B_SPLINE_SURFACE_WITH_KNOTS((4,2,2,2,2,2,4),(3,3),(0.,0.25,0.5,0.625,0.75,
0.875,1.),(0.,1.),.UNSPECIFIED.)
GEOMETRIC_REPRESENTATION_ITEM()
RATIONAL_B_SPLINE_SURFACE(((1.,0.707106781186546,1.),(1.,0.723281066443321,
1.),(1.,0.735621953433853,1.),(1.,0.752036347332996,1.),(1.,0.756245695595065,
1.),(1.,0.75844293562557,1.),(1.,0.758531767125738,1.),(1.,0.757987892264666,
1.),(1.,0.75737192810946,1.),(1.,0.756042563752993,1.),(1.,0.755334167610733,
1.),(1.,0.754337193155306,1.),(1.,0.75403636415301,1.),(1.,0.754040327748758,
1.)))
REPRESENTATION_ITEM('')
SURFACE()
);
#61=FACE_BOUND('',#572,.T.);
#62=FACE_BOUND('',#573,.T.);
#63=FACE_BOUND('',#574,.T.);
#64=FACE_BOUND('',#575,.T.);
#65=FACE_BOUND('',#576,.T.);
#66=FACE_BOUND('',#577,.T.);
#67=FACE_BOUND('',#578,.T.);
#68=FACE_BOUND('',#579,.T.);
#69=FACE_BOUND('',#580,.T.);
#70=FACE_BOUND('',#581,.T.);
#71=FACE_BOUND('',#582,.T.);
#72=FACE_BOUND('',#583,.T.);
#73=FACE_BOUND('',#682,.T.);
#74=FACE_BOUND('',#683,.T.);
#75=FACE_BOUND('',#684,.T.);
#76=FACE_BOUND('',#685,.T.);
#77=FACE_BOUND('',#686,.T.);
#78=FACE_BOUND('',#687,.T.);
#79=TOROIDAL_SURFACE('',#2425,95.,40.);
#80=TOROIDAL_SURFACE('',#2426,95.,40.);
#81=TOROIDAL_SURFACE('',#2427,95.,40.);
#82=TOROIDAL_SURFACE('',#2428,95.,40.);
#83=TOROIDAL_SURFACE('',#2429,95.,40.);
#84=TOROIDAL_SURFACE('',#2430,95.,40.);
#85=TOROIDAL_SURFACE('',#2431,95.,40.);
#86=TOROIDAL_SURFACE('',#2432,95.,40.);
#87=TOROIDAL_SURFACE('',#2433,95.,40.);
#88=TOROIDAL_SURFACE('',#2434,95.,40.);
#89=TOROIDAL_SURFACE('',#2435,95.,40.);
#90=TOROIDAL_SURFACE('',#2518,95.,40.);
#91=TOROIDAL_SURFACE('',#2526,98.,2.);
#92=TOROIDAL_SURFACE('',#2528,107.,2.);
#93=TOROIDAL_SURFACE('',#2578,98.,2.);
#94=TOROIDAL_SURFACE('',#2582,98.,2.);
#95=TOROIDAL_SURFACE('',#2586,98.,2.);
#96=TOROIDAL_SURFACE('',#2590,98.,2.);
#97=TOROIDAL_SURFACE('',#2594,98.,2.);
#98=TOROIDAL_SURFACE('',#2598,98.,2.);
#99=TOROIDAL_SURFACE('',#2602,98.,2.);
#100=TOROIDAL_SURFACE('',#2606,98.,2.);
#101=TOROIDAL_SURFACE('',#2610,98.,2.);
#102=TOROIDAL_SURFACE('',#2614,98.,2.);
#103=TOROIDAL_SURFACE('',#2618,98.,2.);
#104=TOROIDAL_SURFACE('',#2620,107.,2.);
#105=TOROIDAL_SURFACE('',#2624,107.,2.);
#106=TOROIDAL_SURFACE('',#2628,107.,2.);
#107=TOROIDAL_SURFACE('',#2632,107.,2.);
#108=TOROIDAL_SURFACE('',#2636,107.,2.);
#109=TOROIDAL_SURFACE('',#2640,107.,2.);
#110=TOROIDAL_SURFACE('',#2644,107.,2.);
#111=TOROIDAL_SURFACE('',#2648,107.,2.);
#112=TOROIDAL_SURFACE('',#2652,107.,2.);
#113=TOROIDAL_SURFACE('',#2656,107.,2.);
#114=TOROIDAL_SURFACE('',#2660,107.,2.);
#115=B_SPLINE_CURVE_WITH_KNOTS('',3,(#3597,#3598,#3599,#3600,#3601,#3602,
#3603,#3604,#3605,#3606,#3607,#3608,#3609,#3610,#3611,#3612),
 .UNSPECIFIED.,.F.,.F.,(4,2,2,2,2,2,2,4),(0.,0.125,0.249999999999999,0.499999999999999,
0.624999999999999,0.749999999999999,0.875,1.),.UNSPECIFIED.);
#116=B_SPLINE_CURVE_WITH_KNOTS('',3,(#3613,#3614,#3615,#3616,#3617,#3618,
#3619,#3620,#3621,#3622,#3623,#3624,#3625,#3626,#3627,#3628),
 .UNSPECIFIED.,.F.,.F.,(4,2,2,2,2,2,2,4),(0.,0.125,0.25,0.5,0.625,0.75,
0.875,1.),.UNSPECIFIED.);
#117=B_SPLINE_CURVE_WITH_KNOTS('',3,(#3630,#3631,#3632,#3633,#3634,#3635,
#3636,#3637,#3638,#3639,#3640,#3641,#3642,#3643,#3644,#3645),
 .UNSPECIFIED.,.F.,.F.,(4,2,2,2,2,2,2,4),(0.,0.125,0.25,0.5,0.625,0.75,
0.875,1.),.UNSPECIFIED.);
#118=B_SPLINE_CURVE_WITH_KNOTS('',3,(#3646,#3647,#3648,#3649,#3650,#3651,
#3652,#3653,#3654,#3655,#3656,#3657,#3658,#3659,#3660,#3661),
 .UNSPECIFIED.,.F.,.F.,(4,2,2,2,2,2,2,4),(0.,0.125,0.25,0.5,0.625,0.75,
0.875,1.),.UNSPECIFIED.);
#119=B_SPLINE_CURVE_WITH_KNOTS('',3,(#3663,#3664,#3665,#3666,#3667,#3668,
#3669,#3670,#3671,#3672,#3673,#3674,#3675,#3676,#3677,#3678),
 .UNSPECIFIED.,.F.,.F.,(4,2,2,2,2,2,2,4),(0.,0.125,0.25,0.5,0.625,0.75,
0.875,1.),.UNSPECIFIED.);
#120=B_SPLINE_CURVE_WITH_KNOTS('',3,(#3679,#3680,#3681,#3682,#3683,#3684,
#3685,#3686,#3687,#3688,#3689,#3690,#3691,#3692,#3693,#3694),
 .UNSPECIFIED.,.F.,.F.,(4,2,2,2,2,2,2,4),(0.,0.125,0.249999999999999,0.499999999999999,
0.624999999999999,0.75,0.875,1.),.UNSPECIFIED.);
#121=B_SPLINE_CURVE_WITH_KNOTS('',3,(#3696,#3697,#3698,#3699,#3700,#3701,
#3702,#3703,#3704,#3705,#3706,#3707,#3708,#3709,#3710,#3711),
 .UNSPECIFIED.,.F.,.F.,(4,2,2,2,2,2,2,4),(0.,0.125,0.25,0.5,0.625,0.75,
0.875,1.),.UNSPECIFIED.);
#122=B_SPLINE_CURVE_WITH_KNOTS('',3,(#3712,#3713,#3714,#3715,#3716,#3717,
#3718,#3719,#3720,#3721,#3722,#3723,#3724,#3725,#3726,#3727),
 .UNSPECIFIED.,.F.,.F.,(4,2,2,2,2,2,2,4),(0.,0.125,0.25,0.5,0.625,0.75,
0.875,1.),.UNSPECIFIED.);
#123=B_SPLINE_CURVE_WITH_KNOTS('',3,(#3729,#3730,#3731,#3732,#3733,#3734,
#3735,#3736,#3737,#3738,#3739,#3740,#3741,#3742,#3743,#3744),
 .UNSPECIFIED.,.F.,.F.,(4,2,2,2,2,2,2,4),(0.,0.125,0.25,0.5,0.625,0.75,
0.875,1.),.UNSPECIFIED.);
#124=B_SPLINE_CURVE_WITH_KNOTS('',3,(#3745,#3746,#3747,#3748,#3749,#3750,
#3751,#3752,#3753,#3754,#3755,#3756,#3757,#3758,#3759,#3760),
 .UNSPECIFIED.,.F.,.F.,(4,2,2,2,2,2,2,4),(0.,0.125,0.25,0.5,0.625,0.75,
0.875,1.),.UNSPECIFIED.);
#125=B_SPLINE_CURVE_WITH_KNOTS('',3,(#3762,#3763,#3764,#3765,#3766,#3767,
#3768,#3769,#3770,#3771,#3772,#3773,#3774,#3775,#3776,#3777),
 .UNSPECIFIED.,.F.,.F.,(4,2,2,2,2,2,2,4),(0.,0.125,0.25,0.5,0.625,0.75,
0.875,1.),.UNSPECIFIED.);
#126=B_SPLINE_CURVE_WITH_KNOTS('',3,(#3778,#3779,#3780,#3781,#3782,#3783,
#3784,#3785,#3786,#3787,#3788,#3789,#3790,#3791,#3792,#3793),
 .UNSPECIFIED.,.F.,.F.,(4,2,2,2,2,2,2,4),(0.,0.125,0.250000000000001,0.500000000000001,
0.625000000000001,0.75,0.875,1.),.UNSPECIFIED.);
#127=B_SPLINE_CURVE_WITH_KNOTS('',3,(#3795,#3796,#3797,#3798,#3799,#3800,
#3801,#3802,#3803,#3804,#3805,#3806,#3807,#3808,#3809,#3810),
 .UNSPECIFIED.,.F.,.F.,(4,2,2,2,2,2,2,4),(0.,0.125,0.25,0.5,0.625,0.75,
0.875,1.),.UNSPECIFIED.);
#128=B_SPLINE_CURVE_WITH_KNOTS('',3,(#3811,#3812,#3813,#3814,#3815,#3816,
#3817,#3818,#3819,#3820,#3821,#3822,#3823,#3824,#3825,#3826),
 .UNSPECIFIED.,.F.,.F.,(4,2,2,2,2,2,2,4),(0.,0.125,0.25,0.5,0.625,0.75,
0.875,1.),.UNSPECIFIED.);
#129=B_SPLINE_CURVE_WITH_KNOTS('',3,(#3828,#3829,#3830,#3831,#3832,#3833,
#3834,#3835,#3836,#3837,#3838,#3839,#3840,#3841,#3842,#3843),
 .UNSPECIFIED.,.F.,.F.,(4,2,2,2,2,2,2,4),(0.,0.125,0.25,0.5,0.625,0.75,
0.875,1.),.UNSPECIFIED.);
#130=B_SPLINE_CURVE_WITH_KNOTS('',3,(#3844,#3845,#3846,#3847,#3848,#3849,
#3850,#3851,#3852,#3853,#3854,#3855,#3856,#3857,#3858,#3859),
 .UNSPECIFIED.,.F.,.F.,(4,2,2,2,2,2,2,4),(0.,0.125,0.25,0.5,0.625,0.75,
0.875,1.),.UNSPECIFIED.);
#131=B_SPLINE_CURVE_WITH_KNOTS('',3,(#3861,#3862,#3863,#3864,#3865,#3866,
#3867,#3868,#3869,#3870,#3871,#3872,#3873,#3874,#3875,#3876),
 .UNSPECIFIED.,.F.,.F.,(4,2,2,2,2,2,2,4),(0.,0.125,0.25,0.5,0.625,0.75,
0.875,1.),.UNSPECIFIED.);
#132=B_SPLINE_CURVE_WITH_KNOTS('',3,(#3877,#3878,#3879,#3880,#3881,#3882,
#3883,#3884,#3885,#3886,#3887,#3888,#3889,#3890,#3891,#3892),
 .UNSPECIFIED.,.F.,.F.,(4,2,2,2,2,2,2,4),(0.,0.125,0.250000000000001,0.500000000000001,
0.625000000000001,0.75,0.875,1.),.UNSPECIFIED.);
#133=B_SPLINE_CURVE_WITH_KNOTS('',3,(#3894,#3895,#3896,#3897,#3898,#3899,
#3900,#3901,#3902,#3903,#3904,#3905,#3906,#3907,#3908,#3909),
 .UNSPECIFIED.,.F.,.F.,(4,2,2,2,2,2,2,4),(0.,0.125,0.25,0.499999999999999,
0.624999999999999,0.749999999999999,0.875,1.),.UNSPECIFIED.);
#134=B_SPLINE_CURVE_WITH_KNOTS('',3,(#3910,#3911,#3912,#3913,#3914,#3915,
#3916,#3917,#3918,#3919,#3920,#3921,#3922,#3923,#3924,#3925),
 .UNSPECIFIED.,.F.,.F.,(4,2,2,2,2,2,2,4),(0.,0.125,0.25,0.5,0.625,0.75,
0.875,1.),.UNSPECIFIED.);
#135=B_SPLINE_CURVE_WITH_KNOTS('',3,(#3927,#3928,#3929,#3930,#3931,#3932,
#3933,#3934,#3935,#3936,#3937,#3938,#3939,#3940,#3941,#3942),
 .UNSPECIFIED.,.F.,.F.,(4,2,2,2,2,2,2,4),(0.,0.125,0.25,0.5,0.625,0.75,
0.875,1.),.UNSPECIFIED.);
#136=B_SPLINE_CURVE_WITH_KNOTS('',3,(#3943,#3944,#3945,#3946,#3947,#3948,
#3949,#3950,#3951,#3952,#3953,#3954,#3955,#3956,#3957,#3958),
 .UNSPECIFIED.,.F.,.F.,(4,2,2,2,2,2,2,4),(0.,0.125,0.25,0.5,0.625,0.75,
0.875,1.),.UNSPECIFIED.);
#137=B_SPLINE_CURVE_WITH_KNOTS('',3,(#4101,#4102,#4103,#4104,#4105,#4106,
#4107,#4108,#4109,#4110,#4111,#4112,#4113,#4114,#4115,#4116),
 .UNSPECIFIED.,.F.,.F.,(4,3,3,3,3,4),(0.,0.278526183361475,0.529589741391634,
0.721539259936391,0.878702570157005,1.),.UNSPECIFIED.);
#138=B_SPLINE_CURVE_WITH_KNOTS('',3,(#4121,#4122,#4123,#4124,#4125,#4126,
#4127,#4128,#4129,#4130,#4131,#4132,#4133,#4134,#4135,#4136),
 .UNSPECIFIED.,.F.,.F.,(4,3,3,3,3,4),(0.,0.152589833476727,0.30417513490849,
0.507914973112613,0.773181972178836,1.),.UNSPECIFIED.);
#139=B_SPLINE_CURVE_WITH_KNOTS('',3,(#4137,#4138,#4139,#4140,#4141,#4142,
#4143,#4144,#4145,#4146,#4147,#4148,#4149,#4150,#4151,#4152),
 .UNSPECIFIED.,.F.,.F.,(4,3,3,3,3,4),(0.,0.278526183361474,0.529589741391645,
0.721539259936401,0.878702570157017,1.),.UNSPECIFIED.);
#140=B_SPLINE_CURVE_WITH_KNOTS('',3,(#4157,#4158,#4159,#4160,#4161,#4162,
#4163,#4164,#4165,#4166,#4167,#4168,#4169,#4170,#4171,#4172),
 .UNSPECIFIED.,.F.,.F.,(4,3,3,3,3,4),(0.,0.152589833476729,0.304175134908492,
0.507914973112609,0.773181972178828,1.),.UNSPECIFIED.);
#141=B_SPLINE_CURVE_WITH_KNOTS('',3,(#4173,#4174,#4175,#4176,#4177,#4178,
#4179,#4180,#4181,#4182,#4183,#4184,#4185,#4186,#4187,#4188),
 .UNSPECIFIED.,.F.,.F.,(4,3,3,3,3,4),(0.,0.278526183361476,0.529589741391638,
0.721539259936391,0.878702570157008,1.),.UNSPECIFIED.);
#142=B_SPLINE_CURVE_WITH_KNOTS('',3,(#4193,#4194,#4195,#4196,#4197,#4198,
#4199,#4200,#4201,#4202,#4203,#4204,#4205,#4206,#4207,#4208),
 .UNSPECIFIED.,.F.,.F.,(4,3,3,3,3,4),(0.,0.152589833476726,0.30417513490849,
0.507914973112605,0.773181972178823,1.),.UNSPECIFIED.);
#143=B_SPLINE_CURVE_WITH_KNOTS('',3,(#4209,#4210,#4211,#4212,#4213,#4214,
#4215,#4216,#4217,#4218,#4219,#4220,#4221,#4222,#4223,#4224),
 .UNSPECIFIED.,.F.,.F.,(4,3,3,3,3,4),(0.,0.27852618336147,0.529589741391629,
0.721539259936389,0.878702570157007,1.),.UNSPECIFIED.);
#144=B_SPLINE_CURVE_WITH_KNOTS('',3,(#4229,#4230,#4231,#4232,#4233,#4234,
#4235,#4236,#4237,#4238,#4239,#4240,#4241,#4242,#4243,#4244),
 .UNSPECIFIED.,.F.,.F.,(4,3,3,3,3,4),(0.,0.152589833476728,0.304175134908492,
0.507914973112615,0.773181972178819,1.),.UNSPECIFIED.);
#145=B_SPLINE_CURVE_WITH_KNOTS('',3,(#4245,#4246,#4247,#4248,#4249,#4250,
#4251,#4252,#4253,#4254,#4255,#4256,#4257,#4258,#4259,#4260),
 .UNSPECIFIED.,.F.,.F.,(4,3,3,3,3,4),(0.,0.278526183361473,0.529589741391634,
0.721539259936397,0.878702570157018,1.),.UNSPECIFIED.);
#146=B_SPLINE_CURVE_WITH_KNOTS('',3,(#4265,#4266,#4267,#4268,#4269,#4270,
#4271,#4272,#4273,#4274,#4275,#4276,#4277,#4278,#4279,#4280),
 .UNSPECIFIED.,.F.,.F.,(4,3,3,3,3,4),(0.,0.152589833476729,0.304175134908494,
0.507914973112623,0.773181972178838,1.),.UNSPECIFIED.);
#147=B_SPLINE_CURVE_WITH_KNOTS('',3,(#4281,#4282,#4283,#4284,#4285,#4286,
#4287,#4288,#4289,#4290,#4291,#4292,#4293,#4294,#4295,#4296),
 .UNSPECIFIED.,.F.,.F.,(4,3,3,3,3,4),(0.,0.278526183361489,0.529589741391673,
0.721539259936435,0.87870257015707,1.),.UNSPECIFIED.);
#148=B_SPLINE_CURVE_WITH_KNOTS('',3,(#4301,#4302,#4303,#4304,#4305,#4306,
#4307,#4308,#4309,#4310,#4311,#4312,#4313,#4314,#4315,#4316),
 .UNSPECIFIED.,.F.,.F.,(4,3,3,3,3,4),(0.,0.152589833476682,0.304175134908454,
0.507914973112587,0.773181972178828,1.),.UNSPECIFIED.);
#149=B_SPLINE_CURVE_WITH_KNOTS('',3,(#4317,#4318,#4319,#4320,#4321,#4322,
#4323,#4324,#4325,#4326,#4327,#4328,#4329,#4330,#4331,#4332),
 .UNSPECIFIED.,.F.,.F.,(4,3,3,3,3,4),(0.,0.278526183361471,0.529589741391631,
0.721539259936392,0.878702570157012,1.),.UNSPECIFIED.);
#150=B_SPLINE_CURVE_WITH_KNOTS('',3,(#4337,#4338,#4339,#4340,#4341,#4342,
#4343,#4344,#4345,#4346,#4347,#4348,#4349,#4350,#4351,#4352),
 .UNSPECIFIED.,.F.,.F.,(4,3,3,3,3,4),(0.,0.152589833476728,0.304175134908492,
0.507914973112619,0.773181972178841,1.),.UNSPECIFIED.);
#151=B_SPLINE_CURVE_WITH_KNOTS('',3,(#4353,#4354,#4355,#4356,#4357,#4358,
#4359,#4360,#4361,#4362,#4363,#4364,#4365,#4366,#4367,#4368),
 .UNSPECIFIED.,.F.,.F.,(4,3,3,3,3,4),(0.,0.278526183361473,0.529589741391637,
0.721539259936395,0.878702570157013,1.),.UNSPECIFIED.);
#152=B_SPLINE_CURVE_WITH_KNOTS('',3,(#4373,#4374,#4375,#4376,#4377,#4378,
#4379,#4380,#4381,#4382,#4383,#4384,#4385,#4386,#4387,#4388),
 .UNSPECIFIED.,.F.,.F.,(4,3,3,3,3,4),(0.,0.152589833476729,0.304175134908492,
0.507914973112622,0.773181972178843,1.),.UNSPECIFIED.);
#153=B_SPLINE_CURVE_WITH_KNOTS('',3,(#4389,#4390,#4391,#4392,#4393,#4394,
#4395,#4396,#4397,#4398,#4399,#4400,#4401,#4402,#4403,#4404),
 .UNSPECIFIED.,.F.,.F.,(4,3,3,3,3,4),(0.,0.278526183361473,0.529589741391636,
0.721539259936394,0.87870257015701,1.),.UNSPECIFIED.);
#154=B_SPLINE_CURVE_WITH_KNOTS('',3,(#4409,#4410,#4411,#4412,#4413,#4414,
#4415,#4416,#4417,#4418,#4419,#4420,#4421,#4422,#4423,#4424),
 .UNSPECIFIED.,.F.,.F.,(4,3,3,3,3,4),(0.,0.152589833476729,0.304175134908497,
0.507914973112613,0.773181972178842,1.),.UNSPECIFIED.);
#155=B_SPLINE_CURVE_WITH_KNOTS('',3,(#4425,#4426,#4427,#4428,#4429,#4430,
#4431,#4432,#4433,#4434,#4435,#4436,#4437,#4438,#4439,#4440),
 .UNSPECIFIED.,.F.,.F.,(4,3,3,3,3,4),(0.,0.278526183361472,0.529589741391637,
0.721539259936393,0.878702570157012,1.),.UNSPECIFIED.);
#156=B_SPLINE_CURVE_WITH_KNOTS('',3,(#4445,#4446,#4447,#4448,#4449,#4450,
#4451,#4452,#4453,#4454,#4455,#4456,#4457,#4458,#4459,#4460),
 .UNSPECIFIED.,.F.,.F.,(4,3,3,3,3,4),(0.,0.15258983347673,0.304175134908493,
0.507914973112616,0.773181972178841,1.),.UNSPECIFIED.);
#157=B_SPLINE_CURVE_WITH_KNOTS('',3,(#4461,#4462,#4463,#4464,#4465,#4466,
#4467,#4468,#4469,#4470,#4471,#4472,#4473,#4474,#4475,#4476),
 .UNSPECIFIED.,.F.,.F.,(4,3,3,3,3,4),(0.,0.278526183361473,0.529589741391649,
0.721539259936397,0.878702570157017,1.),.UNSPECIFIED.);
#158=B_SPLINE_CURVE_WITH_KNOTS('',3,(#4481,#4482,#4483,#4484,#4485,#4486,
#4487,#4488,#4489,#4490,#4491,#4492,#4493,#4494,#4495,#4496),
 .UNSPECIFIED.,.F.,.F.,(4,3,3,3,3,4),(0.,0.15258983347673,0.304175134908494,
0.507914973112614,0.773181972178838,1.),.UNSPECIFIED.);
#159=B_SPLINE_CURVE_WITH_KNOTS('',3,(#4497,#4498,#4499,#4500,#4501,#4502,
#4503,#4504,#4505,#4506,#4507,#4508,#4509,#4510,#4511,#4512),
 .UNSPECIFIED.,.F.,.F.,(4,3,3,3,3,4),(0.,0.278526183361474,0.529589741391638,
0.721539259936396,0.878702570157015,1.),.UNSPECIFIED.);
#160=B_SPLINE_CURVE_WITH_KNOTS('',3,(#4517,#4518,#4519,#4520,#4521,#4522,
#4523,#4524,#4525,#4526,#4527,#4528,#4529,#4530,#4531,#4532),
 .UNSPECIFIED.,.F.,.F.,(4,3,3,3,3,4),(0.,0.152589833476728,0.304175134908489,
0.507914973112612,0.773181972178835,1.),.UNSPECIFIED.);
#161=B_SPLINE_CURVE_WITH_KNOTS('',3,(#4540,#4541,#4542,#4543,#4544,#4545,
#4546,#4547,#4548,#4549,#4550,#4551,#4552,#4553,#4554,#4555),
 .UNSPECIFIED.,.F.,.F.,(4,2,2,2,2,2,2,4),(0.,0.125,0.25,0.5,0.625,0.75,
0.875,1.),.UNSPECIFIED.);
#162=B_SPLINE_CURVE_WITH_KNOTS('',3,(#4556,#4557,#4558,#4559,#4560,#4561,
#4562,#4563,#4564,#4565,#4566,#4567,#4568,#4569,#4570,#4571),
 .UNSPECIFIED.,.F.,.F.,(4,2,2,2,2,2,2,4),(0.,0.125,0.25,0.5,0.625,0.75,
0.875,1.),.UNSPECIFIED.);
#163=B_SPLINE_CURVE_WITH_KNOTS('',3,(#4575,#4576,#4577,#4578,#4579,#4580,
#4581,#4582,#4583,#4584,#4585,#4586,#4587,#4588,#4589,#4590),
 .UNSPECIFIED.,.F.,.F.,(4,2,2,2,2,2,2,4),(0.,0.125,0.25,0.375,0.5,0.75,
0.875,1.),.UNSPECIFIED.);
#164=B_SPLINE_CURVE_WITH_KNOTS('',3,(#4596,#4597,#4598,#4599,#4600,#4601,
#4602,#4603,#4604,#4605,#4606,#4607,#4608,#4609,#4610,#4611),
 .UNSPECIFIED.,.F.,.F.,(4,2,2,2,2,2,2,4),(0.,0.125,0.25,0.375,0.5,0.75,
0.875,1.),.UNSPECIFIED.);
#165=B_SPLINE_CURVE_WITH_KNOTS('',3,(#4721,#4722,#4723,#4724,#4725,#4726,
#4727,#4728,#4729,#4730,#4731,#4732,#4733,#4734,#4735,#4736),
 .UNSPECIFIED.,.F.,.F.,(4,2,2,2,2,2,2,4),(0.,0.125,0.25,0.375,0.5,0.75,
0.875,1.),.UNSPECIFIED.);
#166=B_SPLINE_CURVE_WITH_KNOTS('',3,(#4742,#4743,#4744,#4745,#4746,#4747,
#4748,#4749,#4750,#4751,#4752,#4753,#4754,#4755,#4756,#4757),
 .UNSPECIFIED.,.F.,.F.,(4,2,2,2,2,2,2,4),(0.,0.125,0.25,0.375,0.5,0.749999999999999,
0.875,1.),.UNSPECIFIED.);
#167=B_SPLINE_CURVE_WITH_KNOTS('',3,(#4763,#4764,#4765,#4766,#4767,#4768,
#4769,#4770,#4771,#4772,#4773,#4774,#4775,#4776,#4777,#4778),
 .UNSPECIFIED.,.F.,.F.,(4,2,2,2,2,2,2,4),(0.,0.125,0.25,0.375,0.5,0.75,
0.875,1.),.UNSPECIFIED.);
#168=B_SPLINE_CURVE_WITH_KNOTS('',3,(#4784,#4785,#4786,#4787,#4788,#4789,
#4790,#4791,#4792,#4793,#4794,#4795,#4796,#4797,#4798,#4799),
 .UNSPECIFIED.,.F.,.F.,(4,2,2,2,2,2,2,4),(0.,0.125,0.25,0.375,0.5,0.75,
0.875,1.),.UNSPECIFIED.);
#169=B_SPLINE_CURVE_WITH_KNOTS('',3,(#4805,#4806,#4807,#4808,#4809,#4810,
#4811,#4812,#4813,#4814,#4815,#4816,#4817,#4818,#4819,#4820),
 .UNSPECIFIED.,.F.,.F.,(4,2,2,2,2,2,2,4),(0.,0.125,0.25,0.375,0.5,0.75,
0.875,1.),.UNSPECIFIED.);
#170=B_SPLINE_CURVE_WITH_KNOTS('',3,(#4826,#4827,#4828,#4829,#4830,#4831,
#4832,#4833,#4834,#4835,#4836,#4837,#4838,#4839,#4840,#4841),
 .UNSPECIFIED.,.F.,.F.,(4,2,2,2,2,2,2,4),(0.,0.125,0.25,0.375,0.5,0.75,
0.875,1.),.UNSPECIFIED.);
#171=B_SPLINE_CURVE_WITH_KNOTS('',3,(#4847,#4848,#4849,#4850,#4851,#4852,
#4853,#4854,#4855,#4856,#4857,#4858,#4859,#4860,#4861,#4862),
 .UNSPECIFIED.,.F.,.F.,(4,2,2,2,2,2,2,4),(0.,0.125,0.25,0.375,0.5,0.75,
0.875,1.),.UNSPECIFIED.);
#172=B_SPLINE_CURVE_WITH_KNOTS('',3,(#4868,#4869,#4870,#4871,#4872,#4873,
#4874,#4875,#4876,#4877,#4878,#4879,#4880,#4881,#4882,#4883),
 .UNSPECIFIED.,.F.,.F.,(4,2,2,2,2,2,2,4),(0.,0.125,0.25,0.375,0.5,0.75,
0.875,1.),.UNSPECIFIED.);
#173=B_SPLINE_CURVE_WITH_KNOTS('',3,(#4889,#4890,#4891,#4892,#4893,#4894,
#4895,#4896,#4897,#4898,#4899,#4900,#4901,#4902,#4903,#4904),
 .UNSPECIFIED.,.F.,.F.,(4,2,2,2,2,2,2,4),(0.,0.125,0.25,0.375,0.5,0.75,
0.875,1.),.UNSPECIFIED.);
#174=B_SPLINE_CURVE_WITH_KNOTS('',3,(#4910,#4911,#4912,#4913,#4914,#4915,
#4916,#4917,#4918,#4919,#4920,#4921,#4922,#4923,#4924,#4925),
 .UNSPECIFIED.,.F.,.F.,(4,2,2,2,2,2,2,4),(0.,0.125,0.25,0.375,0.5,0.75,
0.875,1.),.UNSPECIFIED.);
#175=B_SPLINE_CURVE_WITH_KNOTS('',3,(#4931,#4932,#4933,#4934,#4935,#4936,
#4937,#4938,#4939,#4940,#4941,#4942,#4943,#4944,#4945,#4946),
 .UNSPECIFIED.,.F.,.F.,(4,2,2,2,2,2,2,4),(0.,0.125,0.25,0.375,0.5,0.75,
0.875,1.),.UNSPECIFIED.);
#176=B_SPLINE_CURVE_WITH_KNOTS('',3,(#4952,#4953,#4954,#4955,#4956,#4957,
#4958,#4959,#4960,#4961,#4962,#4963,#4964,#4965,#4966,#4967),
 .UNSPECIFIED.,.F.,.F.,(4,2,2,2,2,2,2,4),(0.,0.125,0.25,0.375,0.5,0.749999999999999,
0.875,1.),.UNSPECIFIED.);
#177=B_SPLINE_CURVE_WITH_KNOTS('',3,(#4973,#4974,#4975,#4976,#4977,#4978,
#4979,#4980,#4981,#4982,#4983,#4984,#4985,#4986,#4987,#4988),
 .UNSPECIFIED.,.F.,.F.,(4,2,2,2,2,2,2,4),(0.,0.125,0.25,0.375,0.5,0.75,
0.875,1.),.UNSPECIFIED.);
#178=B_SPLINE_CURVE_WITH_KNOTS('',3,(#4994,#4995,#4996,#4997,#4998,#4999,
#5000,#5001,#5002,#5003,#5004,#5005,#5006,#5007,#5008,#5009),
 .UNSPECIFIED.,.F.,.F.,(4,2,2,2,2,2,2,4),(0.,0.125,0.25,0.375,0.500000000000001,
0.75,0.875,1.),.UNSPECIFIED.);
#179=B_SPLINE_CURVE_WITH_KNOTS('',3,(#5015,#5016,#5017,#5018,#5019,#5020,
#5021,#5022,#5023,#5024,#5025,#5026,#5027,#5028,#5029,#5030),
 .UNSPECIFIED.,.F.,.F.,(4,2,2,2,2,2,2,4),(0.,0.125,0.25,0.375,0.5,0.75,
0.875,1.),.UNSPECIFIED.);
#180=B_SPLINE_CURVE_WITH_KNOTS('',3,(#5036,#5037,#5038,#5039,#5040,#5041,
#5042,#5043,#5044,#5045,#5046,#5047,#5048,#5049,#5050,#5051),
 .UNSPECIFIED.,.F.,.F.,(4,2,2,2,2,2,2,4),(0.,0.125,0.25,0.375,0.5,0.75,
0.875,1.),.UNSPECIFIED.);
#181=B_SPLINE_CURVE_WITH_KNOTS('',3,(#5057,#5058,#5059,#5060,#5061,#5062,
#5063,#5064,#5065,#5066,#5067,#5068,#5069,#5070,#5071,#5072),
 .UNSPECIFIED.,.F.,.F.,(4,2,2,2,2,2,2,4),(0.,0.125,0.25,0.375,0.5,0.75,
0.875,1.),.UNSPECIFIED.);
#182=B_SPLINE_CURVE_WITH_KNOTS('',3,(#5078,#5079,#5080,#5081,#5082,#5083,
#5084,#5085,#5086,#5087,#5088,#5089,#5090,#5091,#5092,#5093),
 .UNSPECIFIED.,.F.,.F.,(4,2,2,2,2,2,2,4),(0.,0.125,0.25,0.375,0.5,0.75,
0.875,1.),.UNSPECIFIED.);
#183=B_SPLINE_CURVE_WITH_KNOTS('',3,(#5099,#5100,#5101,#5102,#5103,#5104,
#5105,#5106,#5107,#5108,#5109,#5110,#5111,#5112,#5113,#5114),
 .UNSPECIFIED.,.F.,.F.,(4,2,2,2,2,2,2,4),(0.,0.125,0.25,0.375,0.5,0.75,
0.875,1.),.UNSPECIFIED.);
#184=B_SPLINE_CURVE_WITH_KNOTS('',3,(#5120,#5121,#5122,#5123,#5124,#5125,
#5126,#5127,#5128,#5129,#5130,#5131,#5132,#5133,#5134,#5135),
 .UNSPECIFIED.,.F.,.F.,(4,2,2,2,2,2,2,4),(0.,0.125,0.249999999999999,0.374999999999999,
0.499999999999999,0.749999999999999,0.875,1.),.UNSPECIFIED.);
#185=B_SPLINE_CURVE_WITH_KNOTS('',3,(#5141,#5142,#5143,#5144,#5145,#5146,
#5147,#5148,#5149,#5150,#5151,#5152,#5153,#5154,#5155,#5156),
 .UNSPECIFIED.,.F.,.F.,(4,2,2,2,2,2,2,4),(0.,0.125,0.25,0.375,0.5,0.75,
0.875,1.),.UNSPECIFIED.);
#186=B_SPLINE_CURVE_WITH_KNOTS('',3,(#5162,#5163,#5164,#5165,#5166,#5167,
#5168,#5169,#5170,#5171,#5172,#5173,#5174,#5175,#5176,#5177),
 .UNSPECIFIED.,.F.,.F.,(4,2,2,2,2,2,2,4),(0.,0.125,0.25,0.375,0.5,0.75,
0.875,1.),.UNSPECIFIED.);
#187=PLANE('',#2374);
#188=PLANE('',#2379);
#189=PLANE('',#2384);
#190=PLANE('',#2389);
#191=PLANE('',#2394);
#192=PLANE('',#2399);
#193=PLANE('',#2404);
#194=PLANE('',#2409);
#195=PLANE('',#2414);
#196=PLANE('',#2419);
#197=PLANE('',#2424);
#198=PLANE('',#2500);
#199=PLANE('',#2505);
#200=PLANE('',#2511);
#201=PLANE('',#2517);
#202=ADVANCED_FACE('',(#406),#343,.T.);
#203=ADVANCED_FACE('',(#407),#344,.T.);
#204=ADVANCED_FACE('',(#408),#345,.T.);
#205=ADVANCED_FACE('',(#409),#346,.T.);
#206=ADVANCED_FACE('',(#410),#347,.T.);
#207=ADVANCED_FACE('',(#411),#348,.T.);
#208=ADVANCED_FACE('',(#412),#349,.T.);
#209=ADVANCED_FACE('',(#413),#350,.T.);
#210=ADVANCED_FACE('',(#414),#351,.T.);
#211=ADVANCED_FACE('',(#415),#352,.T.);
#212=ADVANCED_FACE('',(#416),#353,.T.);
#213=ADVANCED_FACE('',(#417),#187,.F.);
#214=ADVANCED_FACE('',(#418),#188,.F.);
#215=ADVANCED_FACE('',(#419),#189,.F.);
#216=ADVANCED_FACE('',(#420),#190,.F.);
#217=ADVANCED_FACE('',(#421),#191,.F.);
#218=ADVANCED_FACE('',(#422),#192,.F.);
#219=ADVANCED_FACE('',(#423),#193,.F.);
#220=ADVANCED_FACE('',(#424),#194,.F.);
#221=ADVANCED_FACE('',(#425),#195,.F.);
#222=ADVANCED_FACE('',(#426),#196,.F.);
#223=ADVANCED_FACE('',(#427),#197,.F.);
#224=ADVANCED_FACE('',(#428),#79,.F.);
#225=ADVANCED_FACE('',(#429),#80,.F.);
#226=ADVANCED_FACE('',(#430),#81,.F.);
#227=ADVANCED_FACE('',(#431),#82,.F.);
#228=ADVANCED_FACE('',(#432),#83,.F.);
#229=ADVANCED_FACE('',(#433),#84,.F.);
#230=ADVANCED_FACE('',(#434),#85,.F.);
#231=ADVANCED_FACE('',(#435),#86,.F.);
#232=ADVANCED_FACE('',(#436),#87,.F.);
#233=ADVANCED_FACE('',(#437),#88,.F.);
#234=ADVANCED_FACE('',(#438),#89,.F.);
#235=ADVANCED_FACE('',(#439),#354,.T.);
#236=ADVANCED_FACE('',(#61,#62),#198,.F.);
#237=ADVANCED_FACE('',(#63,#64),#355,.F.);
#238=ADVANCED_FACE('',(#65,#66),#199,.F.);
#239=ADVANCED_FACE('',(#67,#68),#356,.T.);
#240=ADVANCED_FACE('',(#69,#70),#200,.F.);
#241=ADVANCED_FACE('',(#71,#72),#357,.T.);
#242=ADVANCED_FACE('',(#440),#201,.F.);
#243=ADVANCED_FACE('',(#441),#90,.F.);
#244=ADVANCED_FACE('',(#442),#358,.F.);
#245=ADVANCED_FACE('',(#443),#359,.T.);
#246=ADVANCED_FACE('',(#444),#360,.F.);
#247=ADVANCED_FACE('',(#445),#37,.T.);
#248=ADVANCED_FACE('',(#446),#91,.F.);
#249=ADVANCED_FACE('',(#447),#92,.F.);
#250=ADVANCED_FACE('',(#448),#38,.T.);
#251=ADVANCED_FACE('',(#449),#361,.F.);
#252=ADVANCED_FACE('',(#450),#362,.F.);
#253=ADVANCED_FACE('',(#451),#363,.T.);
#254=ADVANCED_FACE('',(#452),#364,.F.);
#255=ADVANCED_FACE('',(#453),#365,.T.);
#256=ADVANCED_FACE('',(#454),#366,.F.);
#257=ADVANCED_FACE('',(#455),#367,.T.);
#258=ADVANCED_FACE('',(#456),#368,.F.);
#259=ADVANCED_FACE('',(#457),#369,.T.);
#260=ADVANCED_FACE('',(#458),#370,.F.);
#261=ADVANCED_FACE('',(#459),#371,.T.);
#262=ADVANCED_FACE('',(#460),#372,.F.);
#263=ADVANCED_FACE('',(#461),#373,.T.);
#264=ADVANCED_FACE('',(#462),#374,.F.);
#265=ADVANCED_FACE('',(#463),#375,.T.);
#266=ADVANCED_FACE('',(#464),#376,.F.);
#267=ADVANCED_FACE('',(#465),#377,.T.);
#268=ADVANCED_FACE('',(#466),#378,.F.);
#269=ADVANCED_FACE('',(#467),#379,.T.);
#270=ADVANCED_FACE('',(#468),#380,.F.);
#271=ADVANCED_FACE('',(#469),#381,.T.);
#272=ADVANCED_FACE('',(#470),#382,.F.);
#273=ADVANCED_FACE('',(#471),#383,.T.);
#274=ADVANCED_FACE('',(#472),#384,.F.);
#275=ADVANCED_FACE('',(#473),#39,.T.);
#276=ADVANCED_FACE('',(#474),#93,.F.);
#277=ADVANCED_FACE('',(#475),#385,.F.);
#278=ADVANCED_FACE('',(#476),#40,.T.);
#279=ADVANCED_FACE('',(#477),#94,.F.);
#280=ADVANCED_FACE('',(#478),#386,.F.);
#281=ADVANCED_FACE('',(#479),#41,.T.);
#282=ADVANCED_FACE('',(#480),#95,.F.);
#283=ADVANCED_FACE('',(#481),#387,.F.);
#284=ADVANCED_FACE('',(#482),#42,.T.);
#285=ADVANCED_FACE('',(#483),#96,.F.);
#286=ADVANCED_FACE('',(#484),#388,.F.);
#287=ADVANCED_FACE('',(#485),#43,.T.);
#288=ADVANCED_FACE('',(#486),#97,.F.);
#289=ADVANCED_FACE('',(#487),#389,.F.);
#290=ADVANCED_FACE('',(#488),#44,.T.);
#291=ADVANCED_FACE('',(#489),#98,.F.);
#292=ADVANCED_FACE('',(#490),#390,.F.);
#293=ADVANCED_FACE('',(#491),#45,.T.);
#294=ADVANCED_FACE('',(#492),#99,.F.);
#295=ADVANCED_FACE('',(#493),#391,.F.);
#296=ADVANCED_FACE('',(#494),#46,.T.);
#297=ADVANCED_FACE('',(#495),#100,.F.);
#298=ADVANCED_FACE('',(#496),#392,.F.);
#299=ADVANCED_FACE('',(#497),#47,.T.);
#300=ADVANCED_FACE('',(#498),#101,.F.);
#301=ADVANCED_FACE('',(#499),#393,.F.);
#302=ADVANCED_FACE('',(#500),#48,.T.);
#303=ADVANCED_FACE('',(#501),#102,.F.);
#304=ADVANCED_FACE('',(#502),#394,.F.);
#305=ADVANCED_FACE('',(#503),#49,.T.);
#306=ADVANCED_FACE('',(#504),#103,.F.);
#307=ADVANCED_FACE('',(#505),#104,.F.);
#308=ADVANCED_FACE('',(#506),#50,.T.);
#309=ADVANCED_FACE('',(#507),#395,.F.);
#310=ADVANCED_FACE('',(#508),#105,.F.);
#311=ADVANCED_FACE('',(#509),#51,.T.);
#312=ADVANCED_FACE('',(#510),#396,.F.);
#313=ADVANCED_FACE('',(#511),#106,.F.);
#314=ADVANCED_FACE('',(#512),#52,.T.);
#315=ADVANCED_FACE('',(#513),#397,.F.);
#316=ADVANCED_FACE('',(#514),#107,.F.);
#317=ADVANCED_FACE('',(#515),#53,.T.);
#318=ADVANCED_FACE('',(#516),#398,.F.);
#319=ADVANCED_FACE('',(#517),#108,.F.);
#320=ADVANCED_FACE('',(#518),#54,.T.);
#321=ADVANCED_FACE('',(#519),#399,.F.);
#322=ADVANCED_FACE('',(#520),#109,.F.);
#323=ADVANCED_FACE('',(#521),#55,.T.);
#324=ADVANCED_FACE('',(#522),#400,.F.);
#325=ADVANCED_FACE('',(#523),#110,.F.);
#326=ADVANCED_FACE('',(#524),#56,.T.);
#327=ADVANCED_FACE('',(#525),#401,.F.);
#328=ADVANCED_FACE('',(#526),#111,.F.);
#329=ADVANCED_FACE('',(#527),#57,.T.);
#330=ADVANCED_FACE('',(#528),#402,.F.);
#331=ADVANCED_FACE('',(#529),#112,.F.);
#332=ADVANCED_FACE('',(#530),#58,.T.);
#333=ADVANCED_FACE('',(#531),#403,.F.);
#334=ADVANCED_FACE('',(#532),#113,.F.);
#335=ADVANCED_FACE('',(#533),#59,.T.);
#336=ADVANCED_FACE('',(#534),#404,.F.);
#337=ADVANCED_FACE('',(#535),#114,.F.);
#338=ADVANCED_FACE('',(#536),#60,.T.);
#339=ADVANCED_FACE('',(#537),#405,.F.);
#340=ADVANCED_FACE('',(#73,#74),#34,.T.);
#341=ADVANCED_FACE('',(#75,#76),#35,.T.);
#342=ADVANCED_FACE('',(#77,#78),#36,.F.);
#343=CYLINDRICAL_SURFACE('',#2339,55.);
#344=CYLINDRICAL_SURFACE('',#2342,55.);
#345=CYLINDRICAL_SURFACE('',#2345,55.);
#346=CYLINDRICAL_SURFACE('',#2348,55.);
#347=CYLINDRICAL_SURFACE('',#2351,55.);
#348=CYLINDRICAL_SURFACE('',#2354,55.);
#349=CYLINDRICAL_SURFACE('',#2357,55.);
#350=CYLINDRICAL_SURFACE('',#2360,55.);
#351=CYLINDRICAL_SURFACE('',#2363,55.);
#352=CYLINDRICAL_SURFACE('',#2366,55.);
#353=CYLINDRICAL_SURFACE('',#2369,55.);
#354=CYLINDRICAL_SURFACE('',#2438,55.);
#355=CYLINDRICAL_SURFACE('',#2502,35.);
#356=CYLINDRICAL_SURFACE('',#2508,70.0000000000001);
#357=CYLINDRICAL_SURFACE('',#2513,150.);
#358=CYLINDRICAL_SURFACE('',#2520,100.);
#359=CYLINDRICAL_SURFACE('',#2522,105.);
#360=CYLINDRICAL_SURFACE('',#2524,2.);
#361=CYLINDRICAL_SURFACE('',#2530,2.);
#362=CYLINDRICAL_SURFACE('',#2532,100.);
#363=CYLINDRICAL_SURFACE('',#2534,105.);
#364=CYLINDRICAL_SURFACE('',#2536,100.);
#365=CYLINDRICAL_SURFACE('',#2538,105.);
#366=CYLINDRICAL_SURFACE('',#2540,100.);
#367=CYLINDRICAL_SURFACE('',#2542,105.);
#368=CYLINDRICAL_SURFACE('',#2544,100.);
#369=CYLINDRICAL_SURFACE('',#2546,105.);
#370=CYLINDRICAL_SURFACE('',#2548,100.);
#371=CYLINDRICAL_SURFACE('',#2550,105.);
#372=CYLINDRICAL_SURFACE('',#2552,100.);
#373=CYLINDRICAL_SURFACE('',#2554,105.);
#374=CYLINDRICAL_SURFACE('',#2556,100.);
#375=CYLINDRICAL_SURFACE('',#2558,105.);
#376=CYLINDRICAL_SURFACE('',#2560,100.);
#377=CYLINDRICAL_SURFACE('',#2562,105.);
#378=CYLINDRICAL_SURFACE('',#2564,100.);
#379=CYLINDRICAL_SURFACE('',#2566,105.);
#380=CYLINDRICAL_SURFACE('',#2568,100.);
#381=CYLINDRICAL_SURFACE('',#2570,105.);
#382=CYLINDRICAL_SURFACE('',#2572,100.);
#383=CYLINDRICAL_SURFACE('',#2574,105.);
#384=CYLINDRICAL_SURFACE('',#2576,2.);
#385=CYLINDRICAL_SURFACE('',#2580,2.);
#386=CYLINDRICAL_SURFACE('',#2584,2.);
#387=CYLINDRICAL_SURFACE('',#2588,2.);
#388=CYLINDRICAL_SURFACE('',#2592,2.);
#389=CYLINDRICAL_SURFACE('',#2596,2.);
#390=CYLINDRICAL_SURFACE('',#2600,2.);
#391=CYLINDRICAL_SURFACE('',#2604,2.);
#392=CYLINDRICAL_SURFACE('',#2608,2.);
#393=CYLINDRICAL_SURFACE('',#2612,2.);
#394=CYLINDRICAL_SURFACE('',#2616,2.);
#395=CYLINDRICAL_SURFACE('',#2622,2.);
#396=CYLINDRICAL_SURFACE('',#2626,2.);
#397=CYLINDRICAL_SURFACE('',#2630,2.);
#398=CYLINDRICAL_SURFACE('',#2634,2.);
#399=CYLINDRICAL_SURFACE('',#2638,2.);
#400=CYLINDRICAL_SURFACE('',#2642,2.);
#401=CYLINDRICAL_SURFACE('',#2646,2.);
#402=CYLINDRICAL_SURFACE('',#2650,2.);
#403=CYLINDRICAL_SURFACE('',#2654,2.);
#404=CYLINDRICAL_SURFACE('',#2658,2.);
#405=CYLINDRICAL_SURFACE('',#2662,2.);
#406=FACE_OUTER_BOUND('',#538,.T.);
#407=FACE_OUTER_BOUND('',#539,.T.);
#408=FACE_OUTER_BOUND('',#540,.T.);
#409=FACE_OUTER_BOUND('',#541,.T.);
#410=FACE_OUTER_BOUND('',#542,.T.);
#411=FACE_OUTER_BOUND('',#543,.T.);
#412=FACE_OUTER_BOUND('',#544,.T.);
#413=FACE_OUTER_BOUND('',#545,.T.);
#414=FACE_OUTER_BOUND('',#546,.T.);
#415=FACE_OUTER_BOUND('',#547,.T.);
#416=FACE_OUTER_BOUND('',#548,.T.);
#417=FACE_OUTER_BOUND('',#549,.T.);
#418=FACE_OUTER_BOUND('',#550,.T.);
#419=FACE_OUTER_BOUND('',#551,.T.);
#420=FACE_OUTER_BOUND('',#552,.T.);
#421=FACE_OUTER_BOUND('',#553,.T.);
#422=FACE_OUTER_BOUND('',#554,.T.);
#423=FACE_OUTER_BOUND('',#555,.T.);
#424=FACE_OUTER_BOUND('',#556,.T.);
#425=FACE_OUTER_BOUND('',#557,.T.);
#426=FACE_OUTER_BOUND('',#558,.T.);
#427=FACE_OUTER_BOUND('',#559,.T.);
#428=FACE_OUTER_BOUND('',#560,.T.);
#429=FACE_OUTER_BOUND('',#561,.T.);
#430=FACE_OUTER_BOUND('',#562,.T.);
#431=FACE_OUTER_BOUND('',#563,.T.);
#432=FACE_OUTER_BOUND('',#564,.T.);
#433=FACE_OUTER_BOUND('',#565,.T.);
#434=FACE_OUTER_BOUND('',#566,.T.);
#435=FACE_OUTER_BOUND('',#567,.T.);
#436=FACE_OUTER_BOUND('',#568,.T.);
#437=FACE_OUTER_BOUND('',#569,.T.);
#438=FACE_OUTER_BOUND('',#570,.T.);
#439=FACE_OUTER_BOUND('',#571,.T.);
#440=FACE_OUTER_BOUND('',#584,.T.);
#441=FACE_OUTER_BOUND('',#585,.T.);
#442=FACE_OUTER_BOUND('',#586,.T.);
#443=FACE_OUTER_BOUND('',#587,.T.);
#444=FACE_OUTER_BOUND('',#588,.T.);
#445=FACE_OUTER_BOUND('',#589,.T.);
#446=FACE_OUTER_BOUND('',#590,.T.);
#447=FACE_OUTER_BOUND('',#591,.T.);
#448=FACE_OUTER_BOUND('',#592,.T.);
#449=FACE_OUTER_BOUND('',#593,.T.);
#450=FACE_OUTER_BOUND('',#594,.T.);
#451=FACE_OUTER_BOUND('',#595,.T.);
#452=FACE_OUTER_BOUND('',#596,.T.);
#453=FACE_OUTER_BOUND('',#597,.T.);
#454=FACE_OUTER_BOUND('',#598,.T.);
#455=FACE_OUTER_BOUND('',#599,.T.);
#456=FACE_OUTER_BOUND('',#600,.T.);
#457=FACE_OUTER_BOUND('',#601,.T.);
#458=FACE_OUTER_BOUND('',#602,.T.);
#459=FACE_OUTER_BOUND('',#603,.T.);
#460=FACE_OUTER_BOUND('',#604,.T.);
#461=FACE_OUTER_BOUND('',#605,.T.);
#462=FACE_OUTER_BOUND('',#606,.T.);
#463=FACE_OUTER_BOUND('',#607,.T.);
#464=FACE_OUTER_BOUND('',#608,.T.);
#465=FACE_OUTER_BOUND('',#609,.T.);
#466=FACE_OUTER_BOUND('',#610,.T.);
#467=FACE_OUTER_BOUND('',#611,.T.);
#468=FACE_OUTER_BOUND('',#612,.T.);
#469=FACE_OUTER_BOUND('',#613,.T.);
#470=FACE_OUTER_BOUND('',#614,.T.);
#471=FACE_OUTER_BOUND('',#615,.T.);
#472=FACE_OUTER_BOUND('',#616,.T.);
#473=FACE_OUTER_BOUND('',#617,.T.);
#474=FACE_OUTER_BOUND('',#618,.T.);
#475=FACE_OUTER_BOUND('',#619,.T.);
#476=FACE_OUTER_BOUND('',#620,.T.);
#477=FACE_OUTER_BOUND('',#621,.T.);
#478=FACE_OUTER_BOUND('',#622,.T.);
#479=FACE_OUTER_BOUND('',#623,.T.);
#480=FACE_OUTER_BOUND('',#624,.T.);
#481=FACE_OUTER_BOUND('',#625,.T.);
#482=FACE_OUTER_BOUND('',#626,.T.);
#483=FACE_OUTER_BOUND('',#627,.T.);
#484=FACE_OUTER_BOUND('',#628,.T.);
#485=FACE_OUTER_BOUND('',#629,.T.);
#486=FACE_OUTER_BOUND('',#630,.T.);
#487=FACE_OUTER_BOUND('',#631,.T.);
#488=FACE_OUTER_BOUND('',#632,.T.);
#489=FACE_OUTER_BOUND('',#633,.T.);
#490=FACE_OUTER_BOUND('',#634,.T.);
#491=FACE_OUTER_BOUND('',#635,.T.);
#492=FACE_OUTER_BOUND('',#636,.T.);
#493=FACE_OUTER_BOUND('',#637,.T.);
#494=FACE_OUTER_BOUND('',#638,.T.);
#495=FACE_OUTER_BOUND('',#639,.T.);
#496=FACE_OUTER_BOUND('',#640,.T.);
#497=FACE_OUTER_BOUND('',#641,.T.);
#498=FACE_OUTER_BOUND('',#642,.T.);
#499=FACE_OUTER_BOUND('',#643,.T.);
#500=FACE_OUTER_BOUND('',#644,.T.);
#501=FACE_OUTER_BOUND('',#645,.T.);
#502=FACE_OUTER_BOUND('',#646,.T.);
#503=FACE_OUTER_BOUND('',#647,.T.);
#504=FACE_OUTER_BOUND('',#648,.T.);
#505=FACE_OUTER_BOUND('',#649,.T.);
#506=FACE_OUTER_BOUND('',#650,.T.);
#507=FACE_OUTER_BOUND('',#651,.T.);
#508=FACE_OUTER_BOUND('',#652,.T.);
#509=FACE_OUTER_BOUND('',#653,.T.);
#510=FACE_OUTER_BOUND('',#654,.T.);
#511=FACE_OUTER_BOUND('',#655,.T.);
#512=FACE_OUTER_BOUND('',#656,.T.);
#513=FACE_OUTER_BOUND('',#657,.T.);
#514=FACE_OUTER_BOUND('',#658,.T.);
#515=FACE_OUTER_BOUND('',#659,.T.);
#516=FACE_OUTER_BOUND('',#660,.T.);
#517=FACE_OUTER_BOUND('',#661,.T.);
#518=FACE_OUTER_BOUND('',#662,.T.);
#519=FACE_OUTER_BOUND('',#663,.T.);
#520=FACE_OUTER_BOUND('',#664,.T.);
#521=FACE_OUTER_BOUND('',#665,.T.);
#522=FACE_OUTER_BOUND('',#666,.T.);
#523=FACE_OUTER_BOUND('',#667,.T.);
#524=FACE_OUTER_BOUND('',#668,.T.);
#525=FACE_OUTER_BOUND('',#669,.T.);
#526=FACE_OUTER_BOUND('',#670,.T.);
#527=FACE_OUTER_BOUND('',#671,.T.);
#528=FACE_OUTER_BOUND('',#672,.T.);
#529=FACE_OUTER_BOUND('',#673,.T.);
#530=FACE_OUTER_BOUND('',#674,.T.);
#531=FACE_OUTER_BOUND('',#675,.T.);
#532=FACE_OUTER_BOUND('',#676,.T.);
#533=FACE_OUTER_BOUND('',#677,.T.);
#534=FACE_OUTER_BOUND('',#678,.T.);
#535=FACE_OUTER_BOUND('',#679,.T.);
#536=FACE_OUTER_BOUND('',#680,.T.);
#537=FACE_OUTER_BOUND('',#681,.T.);
#538=EDGE_LOOP('',(#832,#833,#834,#835));
#539=EDGE_LOOP('',(#836,#837,#838,#839));
#540=EDGE_LOOP('',(#840,#841,#842,#843));
#541=EDGE_LOOP('',(#844,#845,#846,#847));
#542=EDGE_LOOP('',(#848,#849,#850,#851));
#543=EDGE_LOOP('',(#852,#853,#854,#855));
#544=EDGE_LOOP('',(#856,#857,#858,#859));
#545=EDGE_LOOP('',(#860,#861,#862,#863));
#546=EDGE_LOOP('',(#864,#865,#866,#867));
#547=EDGE_LOOP('',(#868,#869,#870,#871));
#548=EDGE_LOOP('',(#872,#873,#874,#875));
#549=EDGE_LOOP('',(#876,#877,#878,#879));
#550=EDGE_LOOP('',(#880,#881,#882,#883));
#551=EDGE_LOOP('',(#884,#885,#886,#887));
#552=EDGE_LOOP('',(#888,#889,#890,#891));
#553=EDGE_LOOP('',(#892,#893,#894,#895));
#554=EDGE_LOOP('',(#896,#897,#898,#899));
#555=EDGE_LOOP('',(#900,#901,#902,#903));
#556=EDGE_LOOP('',(#904,#905,#906,#907));
#557=EDGE_LOOP('',(#908,#909,#910,#911));
#558=EDGE_LOOP('',(#912,#913,#914,#915));
#559=EDGE_LOOP('',(#916,#917,#918,#919));
#560=EDGE_LOOP('',(#920,#921,#922,#923));
#561=EDGE_LOOP('',(#924,#925,#926,#927));
#562=EDGE_LOOP('',(#928,#929,#930,#931));
#563=EDGE_LOOP('',(#932,#933,#934,#935));
#564=EDGE_LOOP('',(#936,#937,#938,#939));
#565=EDGE_LOOP('',(#940,#941,#942,#943));
#566=EDGE_LOOP('',(#944,#945,#946,#947));
#567=EDGE_LOOP('',(#948,#949,#950,#951));
#568=EDGE_LOOP('',(#952,#953,#954,#955));
#569=EDGE_LOOP('',(#956,#957,#958,#959));
#570=EDGE_LOOP('',(#960,#961,#962,#963));
#571=EDGE_LOOP('',(#964,#965,#966,#967));
#572=EDGE_LOOP('',(#968));
#573=EDGE_LOOP('',(#969,#970,#971,#972,#973,#974,#975,#976,#977,#978,#979,
#980,#981,#982,#983,#984,#985,#986,#987,#988,#989,#990,#991,#992,#993,#994,
#995,#996,#997,#998,#999,#1000,#1001,#1002,#1003,#1004,#1005,#1006,#1007,
#1008,#1009,#1010,#1011,#1012,#1013,#1014,#1015,#1016,#1017,#1018,#1019,
#1020,#1021,#1022,#1023,#1024,#1025,#1026,#1027,#1028,#1029,#1030,#1031,
#1032,#1033,#1034,#1035,#1036,#1037,#1038,#1039,#1040));
#574=EDGE_LOOP('',(#1041));
#575=EDGE_LOOP('',(#1042));
#576=EDGE_LOOP('',(#1043));
#577=EDGE_LOOP('',(#1044));
#578=EDGE_LOOP('',(#1045));
#579=EDGE_LOOP('',(#1046));
#580=EDGE_LOOP('',(#1047));
#581=EDGE_LOOP('',(#1048));
#582=EDGE_LOOP('',(#1049,#1050,#1051,#1052,#1053,#1054,#1055,#1056,#1057,
#1058,#1059,#1060,#1061,#1062,#1063,#1064,#1065,#1066,#1067,#1068,#1069,
#1070,#1071,#1072,#1073,#1074,#1075,#1076,#1077,#1078,#1079,#1080,#1081,
#1082,#1083,#1084,#1085,#1086,#1087,#1088,#1089,#1090,#1091,#1092,#1093,
#1094,#1095,#1096,#1097,#1098,#1099,#1100,#1101,#1102,#1103,#1104,#1105,
#1106,#1107,#1108,#1109,#1110,#1111,#1112,#1113,#1114,#1115,#1116,#1117,
#1118,#1119,#1120));
#583=EDGE_LOOP('',(#1121));
#584=EDGE_LOOP('',(#1122,#1123,#1124,#1125));
#585=EDGE_LOOP('',(#1126,#1127,#1128,#1129));
#586=EDGE_LOOP('',(#1130,#1131,#1132,#1133,#1134));
#587=EDGE_LOOP('',(#1135,#1136,#1137,#1138,#1139));
#588=EDGE_LOOP('',(#1140,#1141,#1142,#1143));
#589=EDGE_LOOP('',(#1144,#1145,#1146,#1147));
#590=EDGE_LOOP('',(#1148,#1149,#1150,#1151));
#591=EDGE_LOOP('',(#1152,#1153,#1154,#1155));
#592=EDGE_LOOP('',(#1156,#1157,#1158,#1159));
#593=EDGE_LOOP('',(#1160,#1161,#1162,#1163));
#594=EDGE_LOOP('',(#1164,#1165,#1166,#1167,#1168));
#595=EDGE_LOOP('',(#1169,#1170,#1171,#1172,#1173));
#596=EDGE_LOOP('',(#1174,#1175,#1176,#1177,#1178));
#597=EDGE_LOOP('',(#1179,#1180,#1181,#1182,#1183));
#598=EDGE_LOOP('',(#1184,#1185,#1186,#1187,#1188));
#599=EDGE_LOOP('',(#1189,#1190,#1191,#1192,#1193));
#600=EDGE_LOOP('',(#1194,#1195,#1196,#1197,#1198));
#601=EDGE_LOOP('',(#1199,#1200,#1201,#1202,#1203));
#602=EDGE_LOOP('',(#1204,#1205,#1206,#1207,#1208));
#603=EDGE_LOOP('',(#1209,#1210,#1211,#1212,#1213));
#604=EDGE_LOOP('',(#1214,#1215,#1216,#1217,#1218));
#605=EDGE_LOOP('',(#1219,#1220,#1221,#1222,#1223));
#606=EDGE_LOOP('',(#1224,#1225,#1226,#1227,#1228));
#607=EDGE_LOOP('',(#1229,#1230,#1231,#1232,#1233));
#608=EDGE_LOOP('',(#1234,#1235,#1236,#1237,#1238));
#609=EDGE_LOOP('',(#1239,#1240,#1241,#1242,#1243));
#610=EDGE_LOOP('',(#1244,#1245,#1246,#1247,#1248));
#611=EDGE_LOOP('',(#1249,#1250,#1251,#1252,#1253));
#612=EDGE_LOOP('',(#1254,#1255,#1256,#1257,#1258));
#613=EDGE_LOOP('',(#1259,#1260,#1261,#1262,#1263));
#614=EDGE_LOOP('',(#1264,#1265,#1266,#1267,#1268));
#615=EDGE_LOOP('',(#1269,#1270,#1271,#1272,#1273));
#616=EDGE_LOOP('',(#1274,#1275,#1276,#1277));
#617=EDGE_LOOP('',(#1278,#1279,#1280,#1281));
#618=EDGE_LOOP('',(#1282,#1283,#1284,#1285));
#619=EDGE_LOOP('',(#1286,#1287,#1288,#1289));
#620=EDGE_LOOP('',(#1290,#1291,#1292,#1293));
#621=EDGE_LOOP('',(#1294,#1295,#1296,#1297));
#622=EDGE_LOOP('',(#1298,#1299,#1300,#1301));
#623=EDGE_LOOP('',(#1302,#1303,#1304,#1305));
#624=EDGE_LOOP('',(#1306,#1307,#1308,#1309));
#625=EDGE_LOOP('',(#1310,#1311,#1312,#1313));
#626=EDGE_LOOP('',(#1314,#1315,#1316,#1317));
#627=EDGE_LOOP('',(#1318,#1319,#1320,#1321));
#628=EDGE_LOOP('',(#1322,#1323,#1324,#1325));
#629=EDGE_LOOP('',(#1326,#1327,#1328,#1329));
#630=EDGE_LOOP('',(#1330,#1331,#1332,#1333));
#631=EDGE_LOOP('',(#1334,#1335,#1336,#1337));
#632=EDGE_LOOP('',(#1338,#1339,#1340,#1341));
#633=EDGE_LOOP('',(#1342,#1343,#1344,#1345));
#634=EDGE_LOOP('',(#1346,#1347,#1348,#1349));
#635=EDGE_LOOP('',(#1350,#1351,#1352,#1353));
#636=EDGE_LOOP('',(#1354,#1355,#1356,#1357));
#637=EDGE_LOOP('',(#1358,#1359,#1360,#1361));
#638=EDGE_LOOP('',(#1362,#1363,#1364,#1365));
#639=EDGE_LOOP('',(#1366,#1367,#1368,#1369));
#640=EDGE_LOOP('',(#1370,#1371,#1372,#1373));
#641=EDGE_LOOP('',(#1374,#1375,#1376,#1377));
#642=EDGE_LOOP('',(#1378,#1379,#1380,#1381));
#643=EDGE_LOOP('',(#1382,#1383,#1384,#1385));
#644=EDGE_LOOP('',(#1386,#1387,#1388,#1389));
#645=EDGE_LOOP('',(#1390,#1391,#1392,#1393));
#646=EDGE_LOOP('',(#1394,#1395,#1396,#1397));
#647=EDGE_LOOP('',(#1398,#1399,#1400,#1401));
#648=EDGE_LOOP('',(#1402,#1403,#1404,#1405));
#649=EDGE_LOOP('',(#1406,#1407,#1408,#1409));
#650=EDGE_LOOP('',(#1410,#1411,#1412,#1413));
#651=EDGE_LOOP('',(#1414,#1415,#1416,#1417));
#652=EDGE_LOOP('',(#1418,#1419,#1420,#1421));
#653=EDGE_LOOP('',(#1422,#1423,#1424,#1425));
#654=EDGE_LOOP('',(#1426,#1427,#1428,#1429));
#655=EDGE_LOOP('',(#1430,#1431,#1432,#1433));
#656=EDGE_LOOP('',(#1434,#1435,#1436,#1437));
#657=EDGE_LOOP('',(#1438,#1439,#1440,#1441));
#658=EDGE_LOOP('',(#1442,#1443,#1444,#1445));
#659=EDGE_LOOP('',(#1446,#1447,#1448,#1449));
#660=EDGE_LOOP('',(#1450,#1451,#1452,#1453));
#661=EDGE_LOOP('',(#1454,#1455,#1456,#1457));
#662=EDGE_LOOP('',(#1458,#1459,#1460,#1461));
#663=EDGE_LOOP('',(#1462,#1463,#1464,#1465));
#664=EDGE_LOOP('',(#1466,#1467,#1468,#1469));
#665=EDGE_LOOP('',(#1470,#1471,#1472,#1473));
#666=EDGE_LOOP('',(#1474,#1475,#1476,#1477));
#667=EDGE_LOOP('',(#1478,#1479,#1480,#1481));
#668=EDGE_LOOP('',(#1482,#1483,#1484,#1485));
#669=EDGE_LOOP('',(#1486,#1487,#1488,#1489));
#670=EDGE_LOOP('',(#1490,#1491,#1492,#1493));
#671=EDGE_LOOP('',(#1494,#1495,#1496,#1497));
#672=EDGE_LOOP('',(#1498,#1499,#1500,#1501));
#673=EDGE_LOOP('',(#1502,#1503,#1504,#1505));
#674=EDGE_LOOP('',(#1506,#1507,#1508,#1509));
#675=EDGE_LOOP('',(#1510,#1511,#1512,#1513));
#676=EDGE_LOOP('',(#1514,#1515,#1516,#1517));
#677=EDGE_LOOP('',(#1518,#1519,#1520,#1521));
#678=EDGE_LOOP('',(#1522,#1523,#1524,#1525));
#679=EDGE_LOOP('',(#1526,#1527,#1528,#1529));
#680=EDGE_LOOP('',(#1530,#1531,#1532,#1533));
#681=EDGE_LOOP('',(#1534,#1535,#1536,#1537));
#682=EDGE_LOOP('',(#1538));
#683=EDGE_LOOP('',(#1539));
#684=EDGE_LOOP('',(#1540));
#685=EDGE_LOOP('',(#1541));
#686=EDGE_LOOP('',(#1542));
#687=EDGE_LOOP('',(#1543));
#688=LINE('',#3402,#760);
#689=LINE('',#3406,#761);
#690=LINE('',#3411,#762);
#691=LINE('',#3415,#763);
#692=LINE('',#3420,#764);
#693=LINE('',#3424,#765);
#694=LINE('',#3429,#766);
#695=LINE('',#3433,#767);
#696=LINE('',#3438,#768);
#697=LINE('',#3442,#769);
#698=LINE('',#3447,#770);
#699=LINE('',#3451,#771);
#700=LINE('',#3456,#772);
#701=LINE('',#3460,#773);
#702=LINE('',#3465,#774);
#703=LINE('',#3469,#775);
#704=LINE('',#3474,#776);
#705=LINE('',#3478,#777);
#706=LINE('',#3483,#778);
#707=LINE('',#3487,#779);
#708=LINE('',#3492,#780);
#709=LINE('',#3496,#781);
#710=LINE('',#3963,#782);
#711=LINE('',#3967,#783);
#712=LINE('',#4118,#784);
#713=LINE('',#4119,#785);
#714=LINE('',#4154,#786);
#715=LINE('',#4155,#787);
#716=LINE('',#4190,#788);
#717=LINE('',#4191,#789);
#718=LINE('',#4226,#790);
#719=LINE('',#4227,#791);
#720=LINE('',#4262,#792);
#721=LINE('',#4263,#793);
#722=LINE('',#4298,#794);
#723=LINE('',#4299,#795);
#724=LINE('',#4334,#796);
#725=LINE('',#4335,#797);
#726=LINE('',#4370,#798);
#727=LINE('',#4371,#799);
#728=LINE('',#4406,#800);
#729=LINE('',#4407,#801);
#730=LINE('',#4442,#802);
#731=LINE('',#4443,#803);
#732=LINE('',#4478,#804);
#733=LINE('',#4479,#805);
#734=LINE('',#4514,#806);
#735=LINE('',#4515,#807);
#736=LINE('',#4592,#808);
#737=LINE('',#4594,#809);
#738=LINE('',#4738,#810);
#739=LINE('',#4740,#811);
#740=LINE('',#4780,#812);
#741=LINE('',#4782,#813);
#742=LINE('',#4822,#814);
#743=LINE('',#4824,#815);
#744=LINE('',#4864,#816);
#745=LINE('',#4866,#817);
#746=LINE('',#4906,#818);
#747=LINE('',#4908,#819);
#748=LINE('',#4948,#820);
#749=LINE('',#4950,#821);
#750=LINE('',#4990,#822);
#751=LINE('',#4992,#823);
#752=LINE('',#5032,#824);
#753=LINE('',#5034,#825);
#754=LINE('',#5074,#826);
#755=LINE('',#5076,#827);
#756=LINE('',#5116,#828);
#757=LINE('',#5118,#829);
#758=LINE('',#5158,#830);
#759=LINE('',#5160,#831);
#760=VECTOR('',#2670,1.);
#761=VECTOR('',#2673,1.);
#762=VECTOR('',#2678,1.);
#763=VECTOR('',#2681,1.);
#764=VECTOR('',#2686,1.);
#765=VECTOR('',#2689,1.);
#766=VECTOR('',#2694,1.);
#767=VECTOR('',#2697,1.);
#768=VECTOR('',#2702,1.);
#769=VECTOR('',#2705,1.);
#770=VECTOR('',#2710,1.);
#771=VECTOR('',#2713,1.);
#772=VECTOR('',#2718,1.);
#773=VECTOR('',#2721,1.);
#774=VECTOR('',#2726,1.);
#775=VECTOR('',#2729,1.);
#776=VECTOR('',#2734,1.);
#777=VECTOR('',#2737,1.);
#778=VECTOR('',#2742,1.);
#779=VECTOR('',#2745,1.);
#780=VECTOR('',#2750,1.);
#781=VECTOR('',#2753,1.);
#782=VECTOR('',#2890,1.);
#783=VECTOR('',#2893,1.);
#784=VECTOR('',#3044,1.);
#785=VECTOR('',#3045,1.);
#786=VECTOR('',#3046,1.);
#787=VECTOR('',#3047,1.);
#788=VECTOR('',#3048,1.);
#789=VECTOR('',#3049,1.);
#790=VECTOR('',#3050,1.);
#791=VECTOR('',#3051,1.);
#792=VECTOR('',#3052,1.);
#793=VECTOR('',#3053,1.);
#794=VECTOR('',#3054,1.);
#795=VECTOR('',#3055,1.);
#796=VECTOR('',#3056,1.);
#797=VECTOR('',#3057,1.);
#798=VECTOR('',#3058,1.);
#799=VECTOR('',#3059,1.);
#800=VECTOR('',#3060,1.);
#801=VECTOR('',#3061,1.);
#802=VECTOR('',#3062,1.);
#803=VECTOR('',#3063,1.);
#804=VECTOR('',#3064,1.);
#805=VECTOR('',#3065,1.);
#806=VECTOR('',#3066,1.);
#807=VECTOR('',#3067,1.);
#808=VECTOR('',#3082,1.);
#809=VECTOR('',#3085,1.);
#810=VECTOR('',#3108,1.);
#811=VECTOR('',#3111,1.);
#812=VECTOR('',#3118,1.);
#813=VECTOR('',#3121,1.);
#814=VECTOR('',#3128,1.);
#815=VECTOR('',#3131,1.);
#816=VECTOR('',#3138,1.);
#817=VECTOR('',#3141,1.);
#818=VECTOR('',#3148,1.);
#819=VECTOR('',#3151,1.);
#820=VECTOR('',#3158,1.);
#821=VECTOR('',#3161,1.);
#822=VECTOR('',#3168,1.);
#823=VECTOR('',#3171,1.);
#824=VECTOR('',#3178,1.);
#825=VECTOR('',#3181,1.);
#826=VECTOR('',#3188,1.);
#827=VECTOR('',#3191,1.);
#828=VECTOR('',#3198,1.);
#829=VECTOR('',#3201,1.);
#830=VECTOR('',#3208,1.);
#831=VECTOR('',#3211,1.);
#832=ORIENTED_EDGE('',*,*,#1768,.F.);
#833=ORIENTED_EDGE('',*,*,#1769,.T.);
#834=ORIENTED_EDGE('',*,*,#1770,.T.);
#835=ORIENTED_EDGE('',*,*,#1771,.T.);
#836=ORIENTED_EDGE('',*,*,#1772,.F.);
#837=ORIENTED_EDGE('',*,*,#1773,.T.);
#838=ORIENTED_EDGE('',*,*,#1774,.T.);
#839=ORIENTED_EDGE('',*,*,#1775,.T.);
#840=ORIENTED_EDGE('',*,*,#1776,.F.);
#841=ORIENTED_EDGE('',*,*,#1777,.T.);
#842=ORIENTED_EDGE('',*,*,#1778,.T.);
#843=ORIENTED_EDGE('',*,*,#1779,.T.);
#844=ORIENTED_EDGE('',*,*,#1780,.F.);
#845=ORIENTED_EDGE('',*,*,#1781,.T.);
#846=ORIENTED_EDGE('',*,*,#1782,.T.);
#847=ORIENTED_EDGE('',*,*,#1783,.T.);
#848=ORIENTED_EDGE('',*,*,#1784,.F.);
#849=ORIENTED_EDGE('',*,*,#1785,.T.);
#850=ORIENTED_EDGE('',*,*,#1786,.T.);
#851=ORIENTED_EDGE('',*,*,#1787,.T.);
#852=ORIENTED_EDGE('',*,*,#1788,.F.);
#853=ORIENTED_EDGE('',*,*,#1789,.T.);
#854=ORIENTED_EDGE('',*,*,#1790,.T.);
#855=ORIENTED_EDGE('',*,*,#1791,.T.);
#856=ORIENTED_EDGE('',*,*,#1792,.F.);
#857=ORIENTED_EDGE('',*,*,#1793,.T.);
#858=ORIENTED_EDGE('',*,*,#1794,.T.);
#859=ORIENTED_EDGE('',*,*,#1795,.T.);
#860=ORIENTED_EDGE('',*,*,#1796,.F.);
#861=ORIENTED_EDGE('',*,*,#1797,.T.);
#862=ORIENTED_EDGE('',*,*,#1798,.T.);
#863=ORIENTED_EDGE('',*,*,#1799,.T.);
#864=ORIENTED_EDGE('',*,*,#1800,.F.);
#865=ORIENTED_EDGE('',*,*,#1801,.T.);
#866=ORIENTED_EDGE('',*,*,#1802,.T.);
#867=ORIENTED_EDGE('',*,*,#1803,.T.);
#868=ORIENTED_EDGE('',*,*,#1804,.F.);
#869=ORIENTED_EDGE('',*,*,#1805,.T.);
#870=ORIENTED_EDGE('',*,*,#1806,.T.);
#871=ORIENTED_EDGE('',*,*,#1807,.T.);
#872=ORIENTED_EDGE('',*,*,#1808,.F.);
#873=ORIENTED_EDGE('',*,*,#1809,.T.);
#874=ORIENTED_EDGE('',*,*,#1810,.T.);
#875=ORIENTED_EDGE('',*,*,#1811,.T.);
#876=ORIENTED_EDGE('',*,*,#1812,.F.);
#877=ORIENTED_EDGE('',*,*,#1813,.T.);
#878=ORIENTED_EDGE('',*,*,#1814,.T.);
#879=ORIENTED_EDGE('',*,*,#1815,.T.);
#880=ORIENTED_EDGE('',*,*,#1816,.F.);
#881=ORIENTED_EDGE('',*,*,#1817,.T.);
#882=ORIENTED_EDGE('',*,*,#1818,.T.);
#883=ORIENTED_EDGE('',*,*,#1819,.T.);
#884=ORIENTED_EDGE('',*,*,#1820,.F.);
#885=ORIENTED_EDGE('',*,*,#1821,.T.);
#886=ORIENTED_EDGE('',*,*,#1822,.T.);
#887=ORIENTED_EDGE('',*,*,#1823,.T.);
#888=ORIENTED_EDGE('',*,*,#1824,.F.);
#889=ORIENTED_EDGE('',*,*,#1825,.T.);
#890=ORIENTED_EDGE('',*,*,#1826,.T.);
#891=ORIENTED_EDGE('',*,*,#1827,.T.);
#892=ORIENTED_EDGE('',*,*,#1828,.F.);
#893=ORIENTED_EDGE('',*,*,#1829,.T.);
#894=ORIENTED_EDGE('',*,*,#1830,.T.);
#895=ORIENTED_EDGE('',*,*,#1831,.T.);
#896=ORIENTED_EDGE('',*,*,#1832,.F.);
#897=ORIENTED_EDGE('',*,*,#1833,.T.);
#898=ORIENTED_EDGE('',*,*,#1834,.T.);
#899=ORIENTED_EDGE('',*,*,#1835,.T.);
#900=ORIENTED_EDGE('',*,*,#1836,.F.);
#901=ORIENTED_EDGE('',*,*,#1837,.T.);
#902=ORIENTED_EDGE('',*,*,#1838,.T.);
#903=ORIENTED_EDGE('',*,*,#1839,.T.);
#904=ORIENTED_EDGE('',*,*,#1840,.F.);
#905=ORIENTED_EDGE('',*,*,#1841,.T.);
#906=ORIENTED_EDGE('',*,*,#1842,.T.);
#907=ORIENTED_EDGE('',*,*,#1843,.T.);
#908=ORIENTED_EDGE('',*,*,#1844,.F.);
#909=ORIENTED_EDGE('',*,*,#1845,.T.);
#910=ORIENTED_EDGE('',*,*,#1846,.T.);
#911=ORIENTED_EDGE('',*,*,#1847,.T.);
#912=ORIENTED_EDGE('',*,*,#1848,.F.);
#913=ORIENTED_EDGE('',*,*,#1849,.T.);
#914=ORIENTED_EDGE('',*,*,#1850,.T.);
#915=ORIENTED_EDGE('',*,*,#1851,.T.);
#916=ORIENTED_EDGE('',*,*,#1852,.F.);
#917=ORIENTED_EDGE('',*,*,#1853,.T.);
#918=ORIENTED_EDGE('',*,*,#1854,.T.);
#919=ORIENTED_EDGE('',*,*,#1855,.T.);
#920=ORIENTED_EDGE('',*,*,#1770,.F.);
#921=ORIENTED_EDGE('',*,*,#1856,.T.);
#922=ORIENTED_EDGE('',*,*,#1812,.T.);
#923=ORIENTED_EDGE('',*,*,#1857,.T.);
#924=ORIENTED_EDGE('',*,*,#1774,.F.);
#925=ORIENTED_EDGE('',*,*,#1858,.T.);
#926=ORIENTED_EDGE('',*,*,#1816,.T.);
#927=ORIENTED_EDGE('',*,*,#1859,.T.);
#928=ORIENTED_EDGE('',*,*,#1778,.F.);
#929=ORIENTED_EDGE('',*,*,#1860,.T.);
#930=ORIENTED_EDGE('',*,*,#1820,.T.);
#931=ORIENTED_EDGE('',*,*,#1861,.T.);
#932=ORIENTED_EDGE('',*,*,#1782,.F.);
#933=ORIENTED_EDGE('',*,*,#1862,.T.);
#934=ORIENTED_EDGE('',*,*,#1824,.T.);
#935=ORIENTED_EDGE('',*,*,#1863,.T.);
#936=ORIENTED_EDGE('',*,*,#1786,.F.);
#937=ORIENTED_EDGE('',*,*,#1864,.T.);
#938=ORIENTED_EDGE('',*,*,#1828,.T.);
#939=ORIENTED_EDGE('',*,*,#1865,.T.);
#940=ORIENTED_EDGE('',*,*,#1790,.F.);
#941=ORIENTED_EDGE('',*,*,#1866,.T.);
#942=ORIENTED_EDGE('',*,*,#1832,.T.);
#943=ORIENTED_EDGE('',*,*,#1867,.T.);
#944=ORIENTED_EDGE('',*,*,#1794,.F.);
#945=ORIENTED_EDGE('',*,*,#1868,.T.);
#946=ORIENTED_EDGE('',*,*,#1836,.T.);
#947=ORIENTED_EDGE('',*,*,#1869,.T.);
#948=ORIENTED_EDGE('',*,*,#1798,.F.);
#949=ORIENTED_EDGE('',*,*,#1870,.T.);
#950=ORIENTED_EDGE('',*,*,#1840,.T.);
#951=ORIENTED_EDGE('',*,*,#1871,.T.);
#952=ORIENTED_EDGE('',*,*,#1802,.F.);
#953=ORIENTED_EDGE('',*,*,#1872,.T.);
#954=ORIENTED_EDGE('',*,*,#1844,.T.);
#955=ORIENTED_EDGE('',*,*,#1873,.T.);
#956=ORIENTED_EDGE('',*,*,#1806,.F.);
#957=ORIENTED_EDGE('',*,*,#1874,.T.);
#958=ORIENTED_EDGE('',*,*,#1848,.T.);
#959=ORIENTED_EDGE('',*,*,#1875,.T.);
#960=ORIENTED_EDGE('',*,*,#1810,.F.);
#961=ORIENTED_EDGE('',*,*,#1876,.T.);
#962=ORIENTED_EDGE('',*,*,#1852,.T.);
#963=ORIENTED_EDGE('',*,*,#1877,.T.);
#964=ORIENTED_EDGE('',*,*,#1878,.T.);
#965=ORIENTED_EDGE('',*,*,#1879,.T.);
#966=ORIENTED_EDGE('',*,*,#1880,.F.);
#967=ORIENTED_EDGE('',*,*,#1881,.T.);
#968=ORIENTED_EDGE('',*,*,#1882,.F.);
#969=ORIENTED_EDGE('',*,*,#1883,.T.);
#970=ORIENTED_EDGE('',*,*,#1884,.T.);
#971=ORIENTED_EDGE('',*,*,#1880,.T.);
#972=ORIENTED_EDGE('',*,*,#1885,.T.);
#973=ORIENTED_EDGE('',*,*,#1886,.T.);
#974=ORIENTED_EDGE('',*,*,#1887,.T.);
#975=ORIENTED_EDGE('',*,*,#1888,.T.);
#976=ORIENTED_EDGE('',*,*,#1889,.T.);
#977=ORIENTED_EDGE('',*,*,#1804,.T.);
#978=ORIENTED_EDGE('',*,*,#1890,.T.);
#979=ORIENTED_EDGE('',*,*,#1891,.T.);
#980=ORIENTED_EDGE('',*,*,#1892,.T.);
#981=ORIENTED_EDGE('',*,*,#1893,.T.);
#982=ORIENTED_EDGE('',*,*,#1894,.T.);
#983=ORIENTED_EDGE('',*,*,#1800,.T.);
#984=ORIENTED_EDGE('',*,*,#1895,.T.);
#985=ORIENTED_EDGE('',*,*,#1896,.T.);
#986=ORIENTED_EDGE('',*,*,#1897,.T.);
#987=ORIENTED_EDGE('',*,*,#1898,.T.);
#988=ORIENTED_EDGE('',*,*,#1899,.T.);
#989=ORIENTED_EDGE('',*,*,#1772,.T.);
#990=ORIENTED_EDGE('',*,*,#1900,.T.);
#991=ORIENTED_EDGE('',*,*,#1901,.T.);
#992=ORIENTED_EDGE('',*,*,#1902,.T.);
#993=ORIENTED_EDGE('',*,*,#1903,.T.);
#994=ORIENTED_EDGE('',*,*,#1904,.T.);
#995=ORIENTED_EDGE('',*,*,#1768,.T.);
#996=ORIENTED_EDGE('',*,*,#1905,.T.);
#997=ORIENTED_EDGE('',*,*,#1906,.T.);
#998=ORIENTED_EDGE('',*,*,#1907,.T.);
#999=ORIENTED_EDGE('',*,*,#1908,.T.);
#1000=ORIENTED_EDGE('',*,*,#1909,.T.);
#1001=ORIENTED_EDGE('',*,*,#1776,.T.);
#1002=ORIENTED_EDGE('',*,*,#1910,.T.);
#1003=ORIENTED_EDGE('',*,*,#1911,.T.);
#1004=ORIENTED_EDGE('',*,*,#1912,.T.);
#1005=ORIENTED_EDGE('',*,*,#1913,.T.);
#1006=ORIENTED_EDGE('',*,*,#1914,.T.);
#1007=ORIENTED_EDGE('',*,*,#1780,.T.);
#1008=ORIENTED_EDGE('',*,*,#1915,.T.);
#1009=ORIENTED_EDGE('',*,*,#1916,.T.);
#1010=ORIENTED_EDGE('',*,*,#1917,.T.);
#1011=ORIENTED_EDGE('',*,*,#1918,.T.);
#1012=ORIENTED_EDGE('',*,*,#1919,.T.);
#1013=ORIENTED_EDGE('',*,*,#1784,.T.);
#1014=ORIENTED_EDGE('',*,*,#1920,.T.);
#1015=ORIENTED_EDGE('',*,*,#1921,.T.);
#1016=ORIENTED_EDGE('',*,*,#1922,.T.);
#1017=ORIENTED_EDGE('',*,*,#1923,.T.);
#1018=ORIENTED_EDGE('',*,*,#1924,.T.);
#1019=ORIENTED_EDGE('',*,*,#1788,.T.);
#1020=ORIENTED_EDGE('',*,*,#1925,.T.);
#1021=ORIENTED_EDGE('',*,*,#1926,.T.);
#1022=ORIENTED_EDGE('',*,*,#1927,.T.);
#1023=ORIENTED_EDGE('',*,*,#1928,.T.);
#1024=ORIENTED_EDGE('',*,*,#1929,.T.);
#1025=ORIENTED_EDGE('',*,*,#1796,.T.);
#1026=ORIENTED_EDGE('',*,*,#1930,.T.);
#1027=ORIENTED_EDGE('',*,*,#1931,.T.);
#1028=ORIENTED_EDGE('',*,*,#1932,.T.);
#1029=ORIENTED_EDGE('',*,*,#1933,.T.);
#1030=ORIENTED_EDGE('',*,*,#1934,.T.);
#1031=ORIENTED_EDGE('',*,*,#1792,.T.);
#1032=ORIENTED_EDGE('',*,*,#1935,.T.);
#1033=ORIENTED_EDGE('',*,*,#1936,.T.);
#1034=ORIENTED_EDGE('',*,*,#1937,.T.);
#1035=ORIENTED_EDGE('',*,*,#1938,.T.);
#1036=ORIENTED_EDGE('',*,*,#1939,.T.);
#1037=ORIENTED_EDGE('',*,*,#1808,.T.);
#1038=ORIENTED_EDGE('',*,*,#1940,.T.);
#1039=ORIENTED_EDGE('',*,*,#1941,.T.);
#1040=ORIENTED_EDGE('',*,*,#1942,.T.);
#1041=ORIENTED_EDGE('',*,*,#1943,.T.);
#1042=ORIENTED_EDGE('',*,*,#1882,.T.);
#1043=ORIENTED_EDGE('',*,*,#1944,.T.);
#1044=ORIENTED_EDGE('',*,*,#1945,.T.);
#1045=ORIENTED_EDGE('',*,*,#1946,.T.);
#1046=ORIENTED_EDGE('',*,*,#1947,.T.);
#1047=ORIENTED_EDGE('',*,*,#1948,.T.);
#1048=ORIENTED_EDGE('',*,*,#1949,.F.);
#1049=ORIENTED_EDGE('',*,*,#1950,.F.);
#1050=ORIENTED_EDGE('',*,*,#1951,.T.);
#1051=ORIENTED_EDGE('',*,*,#1952,.T.);
#1052=ORIENTED_EDGE('',*,*,#1942,.F.);
#1053=ORIENTED_EDGE('',*,*,#1953,.F.);
#1054=ORIENTED_EDGE('',*,*,#1954,.T.);
#1055=ORIENTED_EDGE('',*,*,#1854,.F.);
#1056=ORIENTED_EDGE('',*,*,#1955,.T.);
#1057=ORIENTED_EDGE('',*,*,#1956,.T.);
#1058=ORIENTED_EDGE('',*,*,#1937,.F.);
#1059=ORIENTED_EDGE('',*,*,#1957,.F.);
#1060=ORIENTED_EDGE('',*,*,#1958,.T.);
#1061=ORIENTED_EDGE('',*,*,#1838,.F.);
#1062=ORIENTED_EDGE('',*,*,#1959,.T.);
#1063=ORIENTED_EDGE('',*,*,#1960,.T.);
#1064=ORIENTED_EDGE('',*,*,#1932,.F.);
#1065=ORIENTED_EDGE('',*,*,#1961,.F.);
#1066=ORIENTED_EDGE('',*,*,#1962,.T.);
#1067=ORIENTED_EDGE('',*,*,#1842,.F.);
#1068=ORIENTED_EDGE('',*,*,#1963,.T.);
#1069=ORIENTED_EDGE('',*,*,#1964,.T.);
#1070=ORIENTED_EDGE('',*,*,#1927,.F.);
#1071=ORIENTED_EDGE('',*,*,#1965,.F.);
#1072=ORIENTED_EDGE('',*,*,#1966,.T.);
#1073=ORIENTED_EDGE('',*,*,#1834,.F.);
#1074=ORIENTED_EDGE('',*,*,#1967,.T.);
#1075=ORIENTED_EDGE('',*,*,#1968,.T.);
#1076=ORIENTED_EDGE('',*,*,#1922,.F.);
#1077=ORIENTED_EDGE('',*,*,#1969,.F.);
#1078=ORIENTED_EDGE('',*,*,#1970,.T.);
#1079=ORIENTED_EDGE('',*,*,#1830,.F.);
#1080=ORIENTED_EDGE('',*,*,#1971,.T.);
#1081=ORIENTED_EDGE('',*,*,#1972,.T.);
#1082=ORIENTED_EDGE('',*,*,#1917,.F.);
#1083=ORIENTED_EDGE('',*,*,#1973,.F.);
#1084=ORIENTED_EDGE('',*,*,#1974,.T.);
#1085=ORIENTED_EDGE('',*,*,#1826,.F.);
#1086=ORIENTED_EDGE('',*,*,#1975,.T.);
#1087=ORIENTED_EDGE('',*,*,#1976,.T.);
#1088=ORIENTED_EDGE('',*,*,#1912,.F.);
#1089=ORIENTED_EDGE('',*,*,#1977,.F.);
#1090=ORIENTED_EDGE('',*,*,#1978,.T.);
#1091=ORIENTED_EDGE('',*,*,#1822,.F.);
#1092=ORIENTED_EDGE('',*,*,#1979,.T.);
#1093=ORIENTED_EDGE('',*,*,#1980,.T.);
#1094=ORIENTED_EDGE('',*,*,#1907,.F.);
#1095=ORIENTED_EDGE('',*,*,#1981,.F.);
#1096=ORIENTED_EDGE('',*,*,#1982,.T.);
#1097=ORIENTED_EDGE('',*,*,#1814,.F.);
#1098=ORIENTED_EDGE('',*,*,#1983,.T.);
#1099=ORIENTED_EDGE('',*,*,#1984,.T.);
#1100=ORIENTED_EDGE('',*,*,#1902,.F.);
#1101=ORIENTED_EDGE('',*,*,#1985,.F.);
#1102=ORIENTED_EDGE('',*,*,#1986,.T.);
#1103=ORIENTED_EDGE('',*,*,#1818,.F.);
#1104=ORIENTED_EDGE('',*,*,#1987,.T.);
#1105=ORIENTED_EDGE('',*,*,#1988,.T.);
#1106=ORIENTED_EDGE('',*,*,#1897,.F.);
#1107=ORIENTED_EDGE('',*,*,#1989,.F.);
#1108=ORIENTED_EDGE('',*,*,#1990,.T.);
#1109=ORIENTED_EDGE('',*,*,#1846,.F.);
#1110=ORIENTED_EDGE('',*,*,#1991,.T.);
#1111=ORIENTED_EDGE('',*,*,#1992,.T.);
#1112=ORIENTED_EDGE('',*,*,#1892,.F.);
#1113=ORIENTED_EDGE('',*,*,#1993,.F.);
#1114=ORIENTED_EDGE('',*,*,#1994,.T.);
#1115=ORIENTED_EDGE('',*,*,#1850,.F.);
#1116=ORIENTED_EDGE('',*,*,#1995,.T.);
#1117=ORIENTED_EDGE('',*,*,#1996,.T.);
#1118=ORIENTED_EDGE('',*,*,#1887,.F.);
#1119=ORIENTED_EDGE('',*,*,#1997,.F.);
#1120=ORIENTED_EDGE('',*,*,#1998,.T.);
#1121=ORIENTED_EDGE('',*,*,#1949,.T.);
#1122=ORIENTED_EDGE('',*,*,#1950,.T.);
#1123=ORIENTED_EDGE('',*,*,#1999,.T.);
#1124=ORIENTED_EDGE('',*,*,#2000,.F.);
#1125=ORIENTED_EDGE('',*,*,#2001,.T.);
#1126=ORIENTED_EDGE('',*,*,#2000,.T.);
#1127=ORIENTED_EDGE('',*,*,#2002,.T.);
#1128=ORIENTED_EDGE('',*,*,#1878,.F.);
#1129=ORIENTED_EDGE('',*,*,#2003,.T.);
#1130=ORIENTED_EDGE('',*,*,#1952,.F.);
#1131=ORIENTED_EDGE('',*,*,#2004,.T.);
#1132=ORIENTED_EDGE('',*,*,#2005,.T.);
#1133=ORIENTED_EDGE('',*,*,#2006,.T.);
#1134=ORIENTED_EDGE('',*,*,#1883,.F.);
#1135=ORIENTED_EDGE('',*,*,#1941,.F.);
#1136=ORIENTED_EDGE('',*,*,#2007,.T.);
#1137=ORIENTED_EDGE('',*,*,#2008,.T.);
#1138=ORIENTED_EDGE('',*,*,#2009,.T.);
#1139=ORIENTED_EDGE('',*,*,#1953,.T.);
#1140=ORIENTED_EDGE('',*,*,#1884,.F.);
#1141=ORIENTED_EDGE('',*,*,#2006,.F.);
#1142=ORIENTED_EDGE('',*,*,#2010,.F.);
#1143=ORIENTED_EDGE('',*,*,#1881,.F.);
#1144=ORIENTED_EDGE('',*,*,#2010,.T.);
#1145=ORIENTED_EDGE('',*,*,#2005,.F.);
#1146=ORIENTED_EDGE('',*,*,#2011,.F.);
#1147=ORIENTED_EDGE('',*,*,#2003,.F.);
#1148=ORIENTED_EDGE('',*,*,#2011,.T.);
#1149=ORIENTED_EDGE('',*,*,#2004,.F.);
#1150=ORIENTED_EDGE('',*,*,#1951,.F.);
#1151=ORIENTED_EDGE('',*,*,#2001,.F.);
#1152=ORIENTED_EDGE('',*,*,#1954,.F.);
#1153=ORIENTED_EDGE('',*,*,#2009,.F.);
#1154=ORIENTED_EDGE('',*,*,#2012,.F.);
#1155=ORIENTED_EDGE('',*,*,#1855,.F.);
#1156=ORIENTED_EDGE('',*,*,#2012,.T.);
#1157=ORIENTED_EDGE('',*,*,#2008,.F.);
#1158=ORIENTED_EDGE('',*,*,#2013,.F.);
#1159=ORIENTED_EDGE('',*,*,#1877,.F.);
#1160=ORIENTED_EDGE('',*,*,#2013,.T.);
#1161=ORIENTED_EDGE('',*,*,#2007,.F.);
#1162=ORIENTED_EDGE('',*,*,#1940,.F.);
#1163=ORIENTED_EDGE('',*,*,#1811,.F.);
#1164=ORIENTED_EDGE('',*,*,#1956,.F.);
#1165=ORIENTED_EDGE('',*,*,#2014,.T.);
#1166=ORIENTED_EDGE('',*,*,#2015,.T.);
#1167=ORIENTED_EDGE('',*,*,#2016,.T.);
#1168=ORIENTED_EDGE('',*,*,#1938,.F.);
#1169=ORIENTED_EDGE('',*,*,#1936,.F.);
#1170=ORIENTED_EDGE('',*,*,#2017,.T.);
#1171=ORIENTED_EDGE('',*,*,#2018,.T.);
#1172=ORIENTED_EDGE('',*,*,#2019,.T.);
#1173=ORIENTED_EDGE('',*,*,#1957,.T.);
#1174=ORIENTED_EDGE('',*,*,#1996,.F.);
#1175=ORIENTED_EDGE('',*,*,#2020,.T.);
#1176=ORIENTED_EDGE('',*,*,#2021,.T.);
#1177=ORIENTED_EDGE('',*,*,#2022,.T.);
#1178=ORIENTED_EDGE('',*,*,#1888,.F.);
#1179=ORIENTED_EDGE('',*,*,#1886,.F.);
#1180=ORIENTED_EDGE('',*,*,#2023,.T.);
#1181=ORIENTED_EDGE('',*,*,#2024,.T.);
#1182=ORIENTED_EDGE('',*,*,#2025,.T.);
#1183=ORIENTED_EDGE('',*,*,#1997,.T.);
#1184=ORIENTED_EDGE('',*,*,#1992,.F.);
#1185=ORIENTED_EDGE('',*,*,#2026,.T.);
#1186=ORIENTED_EDGE('',*,*,#2027,.T.);
#1187=ORIENTED_EDGE('',*,*,#2028,.T.);
#1188=ORIENTED_EDGE('',*,*,#1893,.F.);
#1189=ORIENTED_EDGE('',*,*,#1891,.F.);
#1190=ORIENTED_EDGE('',*,*,#2029,.T.);
#1191=ORIENTED_EDGE('',*,*,#2030,.T.);
#1192=ORIENTED_EDGE('',*,*,#2031,.T.);
#1193=ORIENTED_EDGE('',*,*,#1993,.T.);
#1194=ORIENTED_EDGE('',*,*,#1964,.F.);
#1195=ORIENTED_EDGE('',*,*,#2032,.T.);
#1196=ORIENTED_EDGE('',*,*,#2033,.T.);
#1197=ORIENTED_EDGE('',*,*,#2034,.T.);
#1198=ORIENTED_EDGE('',*,*,#1928,.F.);
#1199=ORIENTED_EDGE('',*,*,#1926,.F.);
#1200=ORIENTED_EDGE('',*,*,#2035,.T.);
#1201=ORIENTED_EDGE('',*,*,#2036,.T.);
#1202=ORIENTED_EDGE('',*,*,#2037,.T.);
#1203=ORIENTED_EDGE('',*,*,#1965,.T.);
#1204=ORIENTED_EDGE('',*,*,#1960,.F.);
#1205=ORIENTED_EDGE('',*,*,#2038,.T.);
#1206=ORIENTED_EDGE('',*,*,#2039,.T.);
#1207=ORIENTED_EDGE('',*,*,#2040,.T.);
#1208=ORIENTED_EDGE('',*,*,#1933,.F.);
#1209=ORIENTED_EDGE('',*,*,#1931,.F.);
#1210=ORIENTED_EDGE('',*,*,#2041,.T.);
#1211=ORIENTED_EDGE('',*,*,#2042,.T.);
#1212=ORIENTED_EDGE('',*,*,#2043,.T.);
#1213=ORIENTED_EDGE('',*,*,#1961,.T.);
#1214=ORIENTED_EDGE('',*,*,#1968,.F.);
#1215=ORIENTED_EDGE('',*,*,#2044,.T.);
#1216=ORIENTED_EDGE('',*,*,#2045,.T.);
#1217=ORIENTED_EDGE('',*,*,#2046,.T.);
#1218=ORIENTED_EDGE('',*,*,#1923,.F.);
#1219=ORIENTED_EDGE('',*,*,#1921,.F.);
#1220=ORIENTED_EDGE('',*,*,#2047,.T.);
#1221=ORIENTED_EDGE('',*,*,#2048,.T.);
#1222=ORIENTED_EDGE('',*,*,#2049,.T.);
#1223=ORIENTED_EDGE('',*,*,#1969,.T.);
#1224=ORIENTED_EDGE('',*,*,#1972,.F.);
#1225=ORIENTED_EDGE('',*,*,#2050,.T.);
#1226=ORIENTED_EDGE('',*,*,#2051,.T.);
#1227=ORIENTED_EDGE('',*,*,#2052,.T.);
#1228=ORIENTED_EDGE('',*,*,#1918,.F.);
#1229=ORIENTED_EDGE('',*,*,#1916,.F.);
#1230=ORIENTED_EDGE('',*,*,#2053,.T.);
#1231=ORIENTED_EDGE('',*,*,#2054,.T.);
#1232=ORIENTED_EDGE('',*,*,#2055,.T.);
#1233=ORIENTED_EDGE('',*,*,#1973,.T.);
#1234=ORIENTED_EDGE('',*,*,#1976,.F.);
#1235=ORIENTED_EDGE('',*,*,#2056,.T.);
#1236=ORIENTED_EDGE('',*,*,#2057,.T.);
#1237=ORIENTED_EDGE('',*,*,#2058,.T.);
#1238=ORIENTED_EDGE('',*,*,#1913,.F.);
#1239=ORIENTED_EDGE('',*,*,#1911,.F.);
#1240=ORIENTED_EDGE('',*,*,#2059,.T.);
#1241=ORIENTED_EDGE('',*,*,#2060,.T.);
#1242=ORIENTED_EDGE('',*,*,#2061,.T.);
#1243=ORIENTED_EDGE('',*,*,#1977,.T.);
#1244=ORIENTED_EDGE('',*,*,#1980,.F.);
#1245=ORIENTED_EDGE('',*,*,#2062,.T.);
#1246=ORIENTED_EDGE('',*,*,#2063,.T.);
#1247=ORIENTED_EDGE('',*,*,#2064,.T.);
#1248=ORIENTED_EDGE('',*,*,#1908,.F.);
#1249=ORIENTED_EDGE('',*,*,#1906,.F.);
#1250=ORIENTED_EDGE('',*,*,#2065,.T.);
#1251=ORIENTED_EDGE('',*,*,#2066,.T.);
#1252=ORIENTED_EDGE('',*,*,#2067,.T.);
#1253=ORIENTED_EDGE('',*,*,#1981,.T.);
#1254=ORIENTED_EDGE('',*,*,#1988,.F.);
#1255=ORIENTED_EDGE('',*,*,#2068,.T.);
#1256=ORIENTED_EDGE('',*,*,#2069,.T.);
#1257=ORIENTED_EDGE('',*,*,#2070,.T.);
#1258=ORIENTED_EDGE('',*,*,#1898,.F.);
#1259=ORIENTED_EDGE('',*,*,#1896,.F.);
#1260=ORIENTED_EDGE('',*,*,#2071,.T.);
#1261=ORIENTED_EDGE('',*,*,#2072,.T.);
#1262=ORIENTED_EDGE('',*,*,#2073,.T.);
#1263=ORIENTED_EDGE('',*,*,#1989,.T.);
#1264=ORIENTED_EDGE('',*,*,#1984,.F.);
#1265=ORIENTED_EDGE('',*,*,#2074,.T.);
#1266=ORIENTED_EDGE('',*,*,#2075,.T.);
#1267=ORIENTED_EDGE('',*,*,#2076,.T.);
#1268=ORIENTED_EDGE('',*,*,#1903,.F.);
#1269=ORIENTED_EDGE('',*,*,#1901,.F.);
#1270=ORIENTED_EDGE('',*,*,#2077,.T.);
#1271=ORIENTED_EDGE('',*,*,#2078,.T.);
#1272=ORIENTED_EDGE('',*,*,#2079,.T.);
#1273=ORIENTED_EDGE('',*,*,#1985,.T.);
#1274=ORIENTED_EDGE('',*,*,#1889,.F.);
#1275=ORIENTED_EDGE('',*,*,#2022,.F.);
#1276=ORIENTED_EDGE('',*,*,#2080,.F.);
#1277=ORIENTED_EDGE('',*,*,#1805,.F.);
#1278=ORIENTED_EDGE('',*,*,#2080,.T.);
#1279=ORIENTED_EDGE('',*,*,#2021,.F.);
#1280=ORIENTED_EDGE('',*,*,#2081,.F.);
#1281=ORIENTED_EDGE('',*,*,#1874,.F.);
#1282=ORIENTED_EDGE('',*,*,#2081,.T.);
#1283=ORIENTED_EDGE('',*,*,#2020,.F.);
#1284=ORIENTED_EDGE('',*,*,#1995,.F.);
#1285=ORIENTED_EDGE('',*,*,#1849,.F.);
#1286=ORIENTED_EDGE('',*,*,#1894,.F.);
#1287=ORIENTED_EDGE('',*,*,#2028,.F.);
#1288=ORIENTED_EDGE('',*,*,#2082,.F.);
#1289=ORIENTED_EDGE('',*,*,#1801,.F.);
#1290=ORIENTED_EDGE('',*,*,#2082,.T.);
#1291=ORIENTED_EDGE('',*,*,#2027,.F.);
#1292=ORIENTED_EDGE('',*,*,#2083,.F.);
#1293=ORIENTED_EDGE('',*,*,#1872,.F.);
#1294=ORIENTED_EDGE('',*,*,#2083,.T.);
#1295=ORIENTED_EDGE('',*,*,#2026,.F.);
#1296=ORIENTED_EDGE('',*,*,#1991,.F.);
#1297=ORIENTED_EDGE('',*,*,#1845,.F.);
#1298=ORIENTED_EDGE('',*,*,#1899,.F.);
#1299=ORIENTED_EDGE('',*,*,#2070,.F.);
#1300=ORIENTED_EDGE('',*,*,#2084,.F.);
#1301=ORIENTED_EDGE('',*,*,#1773,.F.);
#1302=ORIENTED_EDGE('',*,*,#2084,.T.);
#1303=ORIENTED_EDGE('',*,*,#2069,.F.);
#1304=ORIENTED_EDGE('',*,*,#2085,.F.);
#1305=ORIENTED_EDGE('',*,*,#1858,.F.);
#1306=ORIENTED_EDGE('',*,*,#2085,.T.);
#1307=ORIENTED_EDGE('',*,*,#2068,.F.);
#1308=ORIENTED_EDGE('',*,*,#1987,.F.);
#1309=ORIENTED_EDGE('',*,*,#1817,.F.);
#1310=ORIENTED_EDGE('',*,*,#1904,.F.);
#1311=ORIENTED_EDGE('',*,*,#2076,.F.);
#1312=ORIENTED_EDGE('',*,*,#2086,.F.);
#1313=ORIENTED_EDGE('',*,*,#1769,.F.);
#1314=ORIENTED_EDGE('',*,*,#2086,.T.);
#1315=ORIENTED_EDGE('',*,*,#2075,.F.);
#1316=ORIENTED_EDGE('',*,*,#2087,.F.);
#1317=ORIENTED_EDGE('',*,*,#1856,.F.);
#1318=ORIENTED_EDGE('',*,*,#2087,.T.);
#1319=ORIENTED_EDGE('',*,*,#2074,.F.);
#1320=ORIENTED_EDGE('',*,*,#1983,.F.);
#1321=ORIENTED_EDGE('',*,*,#1813,.F.);
#1322=ORIENTED_EDGE('',*,*,#1909,.F.);
#1323=ORIENTED_EDGE('',*,*,#2064,.F.);
#1324=ORIENTED_EDGE('',*,*,#2088,.F.);
#1325=ORIENTED_EDGE('',*,*,#1777,.F.);
#1326=ORIENTED_EDGE('',*,*,#2088,.T.);
#1327=ORIENTED_EDGE('',*,*,#2063,.F.);
#1328=ORIENTED_EDGE('',*,*,#2089,.F.);
#1329=ORIENTED_EDGE('',*,*,#1860,.F.);
#1330=ORIENTED_EDGE('',*,*,#2089,.T.);
#1331=ORIENTED_EDGE('',*,*,#2062,.F.);
#1332=ORIENTED_EDGE('',*,*,#1979,.F.);
#1333=ORIENTED_EDGE('',*,*,#1821,.F.);
#1334=ORIENTED_EDGE('',*,*,#1914,.F.);
#1335=ORIENTED_EDGE('',*,*,#2058,.F.);
#1336=ORIENTED_EDGE('',*,*,#2090,.F.);
#1337=ORIENTED_EDGE('',*,*,#1781,.F.);
#1338=ORIENTED_EDGE('',*,*,#2090,.T.);
#1339=ORIENTED_EDGE('',*,*,#2057,.F.);
#1340=ORIENTED_EDGE('',*,*,#2091,.F.);
#1341=ORIENTED_EDGE('',*,*,#1862,.F.);
#1342=ORIENTED_EDGE('',*,*,#2091,.T.);
#1343=ORIENTED_EDGE('',*,*,#2056,.F.);
#1344=ORIENTED_EDGE('',*,*,#1975,.F.);
#1345=ORIENTED_EDGE('',*,*,#1825,.F.);
#1346=ORIENTED_EDGE('',*,*,#1919,.F.);
#1347=ORIENTED_EDGE('',*,*,#2052,.F.);
#1348=ORIENTED_EDGE('',*,*,#2092,.F.);
#1349=ORIENTED_EDGE('',*,*,#1785,.F.);
#1350=ORIENTED_EDGE('',*,*,#2092,.T.);
#1351=ORIENTED_EDGE('',*,*,#2051,.F.);
#1352=ORIENTED_EDGE('',*,*,#2093,.F.);
#1353=ORIENTED_EDGE('',*,*,#1864,.F.);
#1354=ORIENTED_EDGE('',*,*,#2093,.T.);
#1355=ORIENTED_EDGE('',*,*,#2050,.F.);
#1356=ORIENTED_EDGE('',*,*,#1971,.F.);
#1357=ORIENTED_EDGE('',*,*,#1829,.F.);
#1358=ORIENTED_EDGE('',*,*,#1924,.F.);
#1359=ORIENTED_EDGE('',*,*,#2046,.F.);
#1360=ORIENTED_EDGE('',*,*,#2094,.F.);
#1361=ORIENTED_EDGE('',*,*,#1789,.F.);
#1362=ORIENTED_EDGE('',*,*,#2094,.T.);
#1363=ORIENTED_EDGE('',*,*,#2045,.F.);
#1364=ORIENTED_EDGE('',*,*,#2095,.F.);
#1365=ORIENTED_EDGE('',*,*,#1866,.F.);
#1366=ORIENTED_EDGE('',*,*,#2095,.T.);
#1367=ORIENTED_EDGE('',*,*,#2044,.F.);
#1368=ORIENTED_EDGE('',*,*,#1967,.F.);
#1369=ORIENTED_EDGE('',*,*,#1833,.F.);
#1370=ORIENTED_EDGE('',*,*,#1929,.F.);
#1371=ORIENTED_EDGE('',*,*,#2034,.F.);
#1372=ORIENTED_EDGE('',*,*,#2096,.F.);
#1373=ORIENTED_EDGE('',*,*,#1797,.F.);
#1374=ORIENTED_EDGE('',*,*,#2096,.T.);
#1375=ORIENTED_EDGE('',*,*,#2033,.F.);
#1376=ORIENTED_EDGE('',*,*,#2097,.F.);
#1377=ORIENTED_EDGE('',*,*,#1870,.F.);
#1378=ORIENTED_EDGE('',*,*,#2097,.T.);
#1379=ORIENTED_EDGE('',*,*,#2032,.F.);
#1380=ORIENTED_EDGE('',*,*,#1963,.F.);
#1381=ORIENTED_EDGE('',*,*,#1841,.F.);
#1382=ORIENTED_EDGE('',*,*,#1934,.F.);
#1383=ORIENTED_EDGE('',*,*,#2040,.F.);
#1384=ORIENTED_EDGE('',*,*,#2098,.F.);
#1385=ORIENTED_EDGE('',*,*,#1793,.F.);
#1386=ORIENTED_EDGE('',*,*,#2098,.T.);
#1387=ORIENTED_EDGE('',*,*,#2039,.F.);
#1388=ORIENTED_EDGE('',*,*,#2099,.F.);
#1389=ORIENTED_EDGE('',*,*,#1868,.F.);
#1390=ORIENTED_EDGE('',*,*,#2099,.T.);
#1391=ORIENTED_EDGE('',*,*,#2038,.F.);
#1392=ORIENTED_EDGE('',*,*,#1959,.F.);
#1393=ORIENTED_EDGE('',*,*,#1837,.F.);
#1394=ORIENTED_EDGE('',*,*,#1939,.F.);
#1395=ORIENTED_EDGE('',*,*,#2016,.F.);
#1396=ORIENTED_EDGE('',*,*,#2100,.F.);
#1397=ORIENTED_EDGE('',*,*,#1809,.F.);
#1398=ORIENTED_EDGE('',*,*,#2100,.T.);
#1399=ORIENTED_EDGE('',*,*,#2015,.F.);
#1400=ORIENTED_EDGE('',*,*,#2101,.F.);
#1401=ORIENTED_EDGE('',*,*,#1876,.F.);
#1402=ORIENTED_EDGE('',*,*,#2101,.T.);
#1403=ORIENTED_EDGE('',*,*,#2014,.F.);
#1404=ORIENTED_EDGE('',*,*,#1955,.F.);
#1405=ORIENTED_EDGE('',*,*,#1853,.F.);
#1406=ORIENTED_EDGE('',*,*,#1998,.F.);
#1407=ORIENTED_EDGE('',*,*,#2025,.F.);
#1408=ORIENTED_EDGE('',*,*,#2102,.F.);
#1409=ORIENTED_EDGE('',*,*,#1999,.F.);
#1410=ORIENTED_EDGE('',*,*,#2102,.T.);
#1411=ORIENTED_EDGE('',*,*,#2024,.F.);
#1412=ORIENTED_EDGE('',*,*,#2103,.F.);
#1413=ORIENTED_EDGE('',*,*,#2002,.F.);
#1414=ORIENTED_EDGE('',*,*,#2103,.T.);
#1415=ORIENTED_EDGE('',*,*,#2023,.F.);
#1416=ORIENTED_EDGE('',*,*,#1885,.F.);
#1417=ORIENTED_EDGE('',*,*,#1879,.F.);
#1418=ORIENTED_EDGE('',*,*,#1994,.F.);
#1419=ORIENTED_EDGE('',*,*,#2031,.F.);
#1420=ORIENTED_EDGE('',*,*,#2104,.F.);
#1421=ORIENTED_EDGE('',*,*,#1851,.F.);
#1422=ORIENTED_EDGE('',*,*,#2104,.T.);
#1423=ORIENTED_EDGE('',*,*,#2030,.F.);
#1424=ORIENTED_EDGE('',*,*,#2105,.F.);
#1425=ORIENTED_EDGE('',*,*,#1875,.F.);
#1426=ORIENTED_EDGE('',*,*,#2105,.T.);
#1427=ORIENTED_EDGE('',*,*,#2029,.F.);
#1428=ORIENTED_EDGE('',*,*,#1890,.F.);
#1429=ORIENTED_EDGE('',*,*,#1807,.F.);
#1430=ORIENTED_EDGE('',*,*,#1990,.F.);
#1431=ORIENTED_EDGE('',*,*,#2073,.F.);
#1432=ORIENTED_EDGE('',*,*,#2106,.F.);
#1433=ORIENTED_EDGE('',*,*,#1847,.F.);
#1434=ORIENTED_EDGE('',*,*,#2106,.T.);
#1435=ORIENTED_EDGE('',*,*,#2072,.F.);
#1436=ORIENTED_EDGE('',*,*,#2107,.F.);
#1437=ORIENTED_EDGE('',*,*,#1873,.F.);
#1438=ORIENTED_EDGE('',*,*,#2107,.T.);
#1439=ORIENTED_EDGE('',*,*,#2071,.F.);
#1440=ORIENTED_EDGE('',*,*,#1895,.F.);
#1441=ORIENTED_EDGE('',*,*,#1803,.F.);
#1442=ORIENTED_EDGE('',*,*,#1986,.F.);
#1443=ORIENTED_EDGE('',*,*,#2079,.F.);
#1444=ORIENTED_EDGE('',*,*,#2108,.F.);
#1445=ORIENTED_EDGE('',*,*,#1819,.F.);
#1446=ORIENTED_EDGE('',*,*,#2108,.T.);
#1447=ORIENTED_EDGE('',*,*,#2078,.F.);
#1448=ORIENTED_EDGE('',*,*,#2109,.F.);
#1449=ORIENTED_EDGE('',*,*,#1859,.F.);
#1450=ORIENTED_EDGE('',*,*,#2109,.T.);
#1451=ORIENTED_EDGE('',*,*,#2077,.F.);
#1452=ORIENTED_EDGE('',*,*,#1900,.F.);
#1453=ORIENTED_EDGE('',*,*,#1775,.F.);
#1454=ORIENTED_EDGE('',*,*,#1982,.F.);
#1455=ORIENTED_EDGE('',*,*,#2067,.F.);
#1456=ORIENTED_EDGE('',*,*,#2110,.F.);
#1457=ORIENTED_EDGE('',*,*,#1815,.F.);
#1458=ORIENTED_EDGE('',*,*,#2110,.T.);
#1459=ORIENTED_EDGE('',*,*,#2066,.F.);
#1460=ORIENTED_EDGE('',*,*,#2111,.F.);
#1461=ORIENTED_EDGE('',*,*,#1857,.F.);
#1462=ORIENTED_EDGE('',*,*,#2111,.T.);
#1463=ORIENTED_EDGE('',*,*,#2065,.F.);
#1464=ORIENTED_EDGE('',*,*,#1905,.F.);
#1465=ORIENTED_EDGE('',*,*,#1771,.F.);
#1466=ORIENTED_EDGE('',*,*,#1978,.F.);
#1467=ORIENTED_EDGE('',*,*,#2061,.F.);
#1468=ORIENTED_EDGE('',*,*,#2112,.F.);
#1469=ORIENTED_EDGE('',*,*,#1823,.F.);
#1470=ORIENTED_EDGE('',*,*,#2112,.T.);
#1471=ORIENTED_EDGE('',*,*,#2060,.F.);
#1472=ORIENTED_EDGE('',*,*,#2113,.F.);
#1473=ORIENTED_EDGE('',*,*,#1861,.F.);
#1474=ORIENTED_EDGE('',*,*,#2113,.T.);
#1475=ORIENTED_EDGE('',*,*,#2059,.F.);
#1476=ORIENTED_EDGE('',*,*,#1910,.F.);
#1477=ORIENTED_EDGE('',*,*,#1779,.F.);
#1478=ORIENTED_EDGE('',*,*,#1974,.F.);
#1479=ORIENTED_EDGE('',*,*,#2055,.F.);
#1480=ORIENTED_EDGE('',*,*,#2114,.F.);
#1481=ORIENTED_EDGE('',*,*,#1827,.F.);
#1482=ORIENTED_EDGE('',*,*,#2114,.T.);
#1483=ORIENTED_EDGE('',*,*,#2054,.F.);
#1484=ORIENTED_EDGE('',*,*,#2115,.F.);
#1485=ORIENTED_EDGE('',*,*,#1863,.F.);
#1486=ORIENTED_EDGE('',*,*,#2115,.T.);
#1487=ORIENTED_EDGE('',*,*,#2053,.F.);
#1488=ORIENTED_EDGE('',*,*,#1915,.F.);
#1489=ORIENTED_EDGE('',*,*,#1783,.F.);
#1490=ORIENTED_EDGE('',*,*,#1970,.F.);
#1491=ORIENTED_EDGE('',*,*,#2049,.F.);
#1492=ORIENTED_EDGE('',*,*,#2116,.F.);
#1493=ORIENTED_EDGE('',*,*,#1831,.F.);
#1494=ORIENTED_EDGE('',*,*,#2116,.T.);
#1495=ORIENTED_EDGE('',*,*,#2048,.F.);
#1496=ORIENTED_EDGE('',*,*,#2117,.F.);
#1497=ORIENTED_EDGE('',*,*,#1865,.F.);
#1498=ORIENTED_EDGE('',*,*,#2117,.T.);
#1499=ORIENTED_EDGE('',*,*,#2047,.F.);
#1500=ORIENTED_EDGE('',*,*,#1920,.F.);
#1501=ORIENTED_EDGE('',*,*,#1787,.F.);
#1502=ORIENTED_EDGE('',*,*,#1966,.F.);
#1503=ORIENTED_EDGE('',*,*,#2037,.F.);
#1504=ORIENTED_EDGE('',*,*,#2118,.F.);
#1505=ORIENTED_EDGE('',*,*,#1835,.F.);
#1506=ORIENTED_EDGE('',*,*,#2118,.T.);
#1507=ORIENTED_EDGE('',*,*,#2036,.F.);
#1508=ORIENTED_EDGE('',*,*,#2119,.F.);
#1509=ORIENTED_EDGE('',*,*,#1867,.F.);
#1510=ORIENTED_EDGE('',*,*,#2119,.T.);
#1511=ORIENTED_EDGE('',*,*,#2035,.F.);
#1512=ORIENTED_EDGE('',*,*,#1925,.F.);
#1513=ORIENTED_EDGE('',*,*,#1791,.F.);
#1514=ORIENTED_EDGE('',*,*,#1962,.F.);
#1515=ORIENTED_EDGE('',*,*,#2043,.F.);
#1516=ORIENTED_EDGE('',*,*,#2120,.F.);
#1517=ORIENTED_EDGE('',*,*,#1843,.F.);
#1518=ORIENTED_EDGE('',*,*,#2120,.T.);
#1519=ORIENTED_EDGE('',*,*,#2042,.F.);
#1520=ORIENTED_EDGE('',*,*,#2121,.F.);
#1521=ORIENTED_EDGE('',*,*,#1871,.F.);
#1522=ORIENTED_EDGE('',*,*,#2121,.T.);
#1523=ORIENTED_EDGE('',*,*,#2041,.F.);
#1524=ORIENTED_EDGE('',*,*,#1930,.F.);
#1525=ORIENTED_EDGE('',*,*,#1799,.F.);
#1526=ORIENTED_EDGE('',*,*,#1958,.F.);
#1527=ORIENTED_EDGE('',*,*,#2019,.F.);
#1528=ORIENTED_EDGE('',*,*,#2122,.F.);
#1529=ORIENTED_EDGE('',*,*,#1839,.F.);
#1530=ORIENTED_EDGE('',*,*,#2122,.T.);
#1531=ORIENTED_EDGE('',*,*,#2018,.F.);
#1532=ORIENTED_EDGE('',*,*,#2123,.F.);
#1533=ORIENTED_EDGE('',*,*,#1869,.F.);
#1534=ORIENTED_EDGE('',*,*,#2123,.T.);
#1535=ORIENTED_EDGE('',*,*,#2017,.F.);
#1536=ORIENTED_EDGE('',*,*,#1935,.F.);
#1537=ORIENTED_EDGE('',*,*,#1795,.F.);
#1538=ORIENTED_EDGE('',*,*,#1944,.F.);
#1539=ORIENTED_EDGE('',*,*,#1946,.F.);
#1540=ORIENTED_EDGE('',*,*,#1947,.F.);
#1541=ORIENTED_EDGE('',*,*,#1948,.F.);
#1542=ORIENTED_EDGE('',*,*,#1943,.F.);
#1543=ORIENTED_EDGE('',*,*,#1945,.F.);
#1544=VERTEX_POINT('',#3400);
#1545=VERTEX_POINT('',#3401);
#1546=VERTEX_POINT('',#3403);
#1547=VERTEX_POINT('',#3405);
#1548=VERTEX_POINT('',#3409);
#1549=VERTEX_POINT('',#3410);
#1550=VERTEX_POINT('',#3412);
#1551=VERTEX_POINT('',#3414);
#1552=VERTEX_POINT('',#3418);
#1553=VERTEX_POINT('',#3419);
#1554=VERTEX_POINT('',#3421);
#1555=VERTEX_POINT('',#3423);
#1556=VERTEX_POINT('',#3427);
#1557=VERTEX_POINT('',#3428);
#1558=VERTEX_POINT('',#3430);
#1559=VERTEX_POINT('',#3432);
#1560=VERTEX_POINT('',#3436);
#1561=VERTEX_POINT('',#3437);
#1562=VERTEX_POINT('',#3439);
#1563=VERTEX_POINT('',#3441);
#1564=VERTEX_POINT('',#3445);
#1565=VERTEX_POINT('',#3446);
#1566=VERTEX_POINT('',#3448);
#1567=VERTEX_POINT('',#3450);
#1568=VERTEX_POINT('',#3454);
#1569=VERTEX_POINT('',#3455);
#1570=VERTEX_POINT('',#3457);
#1571=VERTEX_POINT('',#3459);
#1572=VERTEX_POINT('',#3463);
#1573=VERTEX_POINT('',#3464);
#1574=VERTEX_POINT('',#3466);
#1575=VERTEX_POINT('',#3468);
#1576=VERTEX_POINT('',#3472);
#1577=VERTEX_POINT('',#3473);
#1578=VERTEX_POINT('',#3475);
#1579=VERTEX_POINT('',#3477);
#1580=VERTEX_POINT('',#3481);
#1581=VERTEX_POINT('',#3482);
#1582=VERTEX_POINT('',#3484);
#1583=VERTEX_POINT('',#3486);
#1584=VERTEX_POINT('',#3490);
#1585=VERTEX_POINT('',#3491);
#1586=VERTEX_POINT('',#3493);
#1587=VERTEX_POINT('',#3495);
#1588=VERTEX_POINT('',#3499);
#1589=VERTEX_POINT('',#3500);
#1590=VERTEX_POINT('',#3502);
#1591=VERTEX_POINT('',#3504);
#1592=VERTEX_POINT('',#3508);
#1593=VERTEX_POINT('',#3509);
#1594=VERTEX_POINT('',#3511);
#1595=VERTEX_POINT('',#3513);
#1596=VERTEX_POINT('',#3517);
#1597=VERTEX_POINT('',#3518);
#1598=VERTEX_POINT('',#3520);
#1599=VERTEX_POINT('',#3522);
#1600=VERTEX_POINT('',#3526);
#1601=VERTEX_POINT('',#3527);
#1602=VERTEX_POINT('',#3529);
#1603=VERTEX_POINT('',#3531);
#1604=VERTEX_POINT('',#3535);
#1605=VERTEX_POINT('',#3536);
#1606=VERTEX_POINT('',#3538);
#1607=VERTEX_POINT('',#3540);
#1608=VERTEX_POINT('',#3544);
#1609=VERTEX_POINT('',#3545);
#1610=VERTEX_POINT('',#3547);
#1611=VERTEX_POINT('',#3549);
#1612=VERTEX_POINT('',#3553);
#1613=VERTEX_POINT('',#3554);
#1614=VERTEX_POINT('',#3556);
#1615=VERTEX_POINT('',#3558);
#1616=VERTEX_POINT('',#3562);
#1617=VERTEX_POINT('',#3563);
#1618=VERTEX_POINT('',#3565);
#1619=VERTEX_POINT('',#3567);
#1620=VERTEX_POINT('',#3571);
#1621=VERTEX_POINT('',#3572);
#1622=VERTEX_POINT('',#3574);
#1623=VERTEX_POINT('',#3576);
#1624=VERTEX_POINT('',#3580);
#1625=VERTEX_POINT('',#3581);
#1626=VERTEX_POINT('',#3583);
#1627=VERTEX_POINT('',#3585);
#1628=VERTEX_POINT('',#3589);
#1629=VERTEX_POINT('',#3590);
#1630=VERTEX_POINT('',#3592);
#1631=VERTEX_POINT('',#3594);
#1632=VERTEX_POINT('',#3961);
#1633=VERTEX_POINT('',#3962);
#1634=VERTEX_POINT('',#3964);
#1635=VERTEX_POINT('',#3966);
#1636=VERTEX_POINT('',#3970);
#1637=VERTEX_POINT('',#3972);
#1638=VERTEX_POINT('',#3973);
#1639=VERTEX_POINT('',#3976);
#1640=VERTEX_POINT('',#3978);
#1641=VERTEX_POINT('',#3980);
#1642=VERTEX_POINT('',#3982);
#1643=VERTEX_POINT('',#3985);
#1644=VERTEX_POINT('',#3987);
#1645=VERTEX_POINT('',#3989);
#1646=VERTEX_POINT('',#3991);
#1647=VERTEX_POINT('',#3994);
#1648=VERTEX_POINT('',#3996);
#1649=VERTEX_POINT('',#3998);
#1650=VERTEX_POINT('',#4000);
#1651=VERTEX_POINT('',#4003);
#1652=VERTEX_POINT('',#4005);
#1653=VERTEX_POINT('',#4007);
#1654=VERTEX_POINT('',#4009);
#1655=VERTEX_POINT('',#4012);
#1656=VERTEX_POINT('',#4014);
#1657=VERTEX_POINT('',#4016);
#1658=VERTEX_POINT('',#4018);
#1659=VERTEX_POINT('',#4021);
#1660=VERTEX_POINT('',#4023);
#1661=VERTEX_POINT('',#4025);
#1662=VERTEX_POINT('',#4027);
#1663=VERTEX_POINT('',#4030);
#1664=VERTEX_POINT('',#4032);
#1665=VERTEX_POINT('',#4034);
#1666=VERTEX_POINT('',#4036);
#1667=VERTEX_POINT('',#4039);
#1668=VERTEX_POINT('',#4041);
#1669=VERTEX_POINT('',#4043);
#1670=VERTEX_POINT('',#4045);
#1671=VERTEX_POINT('',#4048);
#1672=VERTEX_POINT('',#4050);
#1673=VERTEX_POINT('',#4052);
#1674=VERTEX_POINT('',#4054);
#1675=VERTEX_POINT('',#4057);
#1676=VERTEX_POINT('',#4059);
#1677=VERTEX_POINT('',#4061);
#1678=VERTEX_POINT('',#4063);
#1679=VERTEX_POINT('',#4066);
#1680=VERTEX_POINT('',#4068);
#1681=VERTEX_POINT('',#4070);
#1682=VERTEX_POINT('',#4072);
#1683=VERTEX_POINT('',#4075);
#1684=VERTEX_POINT('',#4077);
#1685=VERTEX_POINT('',#4081);
#1686=VERTEX_POINT('',#4084);
#1687=VERTEX_POINT('',#4086);
#1688=VERTEX_POINT('',#4089);
#1689=VERTEX_POINT('',#4091);
#1690=VERTEX_POINT('',#4094);
#1691=VERTEX_POINT('',#4096);
#1692=VERTEX_POINT('',#4099);
#1693=VERTEX_POINT('',#4100);
#1694=VERTEX_POINT('',#4117);
#1695=VERTEX_POINT('',#4120);
#1696=VERTEX_POINT('',#4153);
#1697=VERTEX_POINT('',#4156);
#1698=VERTEX_POINT('',#4189);
#1699=VERTEX_POINT('',#4192);
#1700=VERTEX_POINT('',#4225);
#1701=VERTEX_POINT('',#4228);
#1702=VERTEX_POINT('',#4261);
#1703=VERTEX_POINT('',#4264);
#1704=VERTEX_POINT('',#4297);
#1705=VERTEX_POINT('',#4300);
#1706=VERTEX_POINT('',#4333);
#1707=VERTEX_POINT('',#4336);
#1708=VERTEX_POINT('',#4369);
#1709=VERTEX_POINT('',#4372);
#1710=VERTEX_POINT('',#4405);
#1711=VERTEX_POINT('',#4408);
#1712=VERTEX_POINT('',#4441);
#1713=VERTEX_POINT('',#4444);
#1714=VERTEX_POINT('',#4477);
#1715=VERTEX_POINT('',#4480);
#1716=VERTEX_POINT('',#4513);
#1717=VERTEX_POINT('',#4516);
#1718=VERTEX_POINT('',#4535);
#1719=VERTEX_POINT('',#4537);
#1720=VERTEX_POINT('',#4574);
#1721=VERTEX_POINT('',#4591);
#1722=VERTEX_POINT('',#4595);
#1723=VERTEX_POINT('',#4612);
#1724=VERTEX_POINT('',#4720);
#1725=VERTEX_POINT('',#4737);
#1726=VERTEX_POINT('',#4741);
#1727=VERTEX_POINT('',#4758);
#1728=VERTEX_POINT('',#4762);
#1729=VERTEX_POINT('',#4779);
#1730=VERTEX_POINT('',#4783);
#1731=VERTEX_POINT('',#4800);
#1732=VERTEX_POINT('',#4804);
#1733=VERTEX_POINT('',#4821);
#1734=VERTEX_POINT('',#4825);
#1735=VERTEX_POINT('',#4842);
#1736=VERTEX_POINT('',#4846);
#1737=VERTEX_POINT('',#4863);
#1738=VERTEX_POINT('',#4867);
#1739=VERTEX_POINT('',#4884);
#1740=VERTEX_POINT('',#4888);
#1741=VERTEX_POINT('',#4905);
#1742=VERTEX_POINT('',#4909);
#1743=VERTEX_POINT('',#4926);
#1744=VERTEX_POINT('',#4930);
#1745=VERTEX_POINT('',#4947);
#1746=VERTEX_POINT('',#4951);
#1747=VERTEX_POINT('',#4968);
#1748=VERTEX_POINT('',#4972);
#1749=VERTEX_POINT('',#4989);
#1750=VERTEX_POINT('',#4993);
#1751=VERTEX_POINT('',#5010);
#1752=VERTEX_POINT('',#5014);
#1753=VERTEX_POINT('',#5031);
#1754=VERTEX_POINT('',#5035);
#1755=VERTEX_POINT('',#5052);
#1756=VERTEX_POINT('',#5056);
#1757=VERTEX_POINT('',#5073);
#1758=VERTEX_POINT('',#5077);
#1759=VERTEX_POINT('',#5094);
#1760=VERTEX_POINT('',#5098);
#1761=VERTEX_POINT('',#5115);
#1762=VERTEX_POINT('',#5119);
#1763=VERTEX_POINT('',#5136);
#1764=VERTEX_POINT('',#5140);
#1765=VERTEX_POINT('',#5157);
#1766=VERTEX_POINT('',#5161);
#1767=VERTEX_POINT('',#5178);
#1768=EDGE_CURVE('',#1544,#1545,#2124,.T.);
#1769=EDGE_CURVE('',#1544,#1546,#688,.T.);
#1770=EDGE_CURVE('',#1546,#1547,#2125,.T.);
#1771=EDGE_CURVE('',#1547,#1545,#689,.T.);
#1772=EDGE_CURVE('',#1548,#1549,#2126,.T.);
#1773=EDGE_CURVE('',#1548,#1550,#690,.T.);
#1774=EDGE_CURVE('',#1550,#1551,#2127,.T.);
#1775=EDGE_CURVE('',#1551,#1549,#691,.T.);
#1776=EDGE_CURVE('',#1552,#1553,#2128,.T.);
#1777=EDGE_CURVE('',#1552,#1554,#692,.T.);
#1778=EDGE_CURVE('',#1554,#1555,#2129,.T.);
#1779=EDGE_CURVE('',#1555,#1553,#693,.T.);
#1780=EDGE_CURVE('',#1556,#1557,#2130,.T.);
#1781=EDGE_CURVE('',#1556,#1558,#694,.T.);
#1782=EDGE_CURVE('',#1558,#1559,#2131,.T.);
#1783=EDGE_CURVE('',#1559,#1557,#695,.T.);
#1784=EDGE_CURVE('',#1560,#1561,#2132,.T.);
#1785=EDGE_CURVE('',#1560,#1562,#696,.T.);
#1786=EDGE_CURVE('',#1562,#1563,#2133,.T.);
#1787=EDGE_CURVE('',#1563,#1561,#697,.T.);
#1788=EDGE_CURVE('',#1564,#1565,#2134,.T.);
#1789=EDGE_CURVE('',#1564,#1566,#698,.T.);
#1790=EDGE_CURVE('',#1566,#1567,#2135,.T.);
#1791=EDGE_CURVE('',#1567,#1565,#699,.T.);
#1792=EDGE_CURVE('',#1568,#1569,#2136,.T.);
#1793=EDGE_CURVE('',#1568,#1570,#700,.T.);
#1794=EDGE_CURVE('',#1570,#1571,#2137,.T.);
#1795=EDGE_CURVE('',#1571,#1569,#701,.T.);
#1796=EDGE_CURVE('',#1572,#1573,#2138,.T.);
#1797=EDGE_CURVE('',#1572,#1574,#702,.T.);
#1798=EDGE_CURVE('',#1574,#1575,#2139,.T.);
#1799=EDGE_CURVE('',#1575,#1573,#703,.T.);
#1800=EDGE_CURVE('',#1576,#1577,#2140,.T.);
#1801=EDGE_CURVE('',#1576,#1578,#704,.T.);
#1802=EDGE_CURVE('',#1578,#1579,#2141,.T.);
#1803=EDGE_CURVE('',#1579,#1577,#705,.T.);
#1804=EDGE_CURVE('',#1580,#1581,#2142,.T.);
#1805=EDGE_CURVE('',#1580,#1582,#706,.T.);
#1806=EDGE_CURVE('',#1582,#1583,#2143,.T.);
#1807=EDGE_CURVE('',#1583,#1581,#707,.T.);
#1808=EDGE_CURVE('',#1584,#1585,#2144,.T.);
#1809=EDGE_CURVE('',#1584,#1586,#708,.T.);
#1810=EDGE_CURVE('',#1586,#1587,#2145,.T.);
#1811=EDGE_CURVE('',#1587,#1585,#709,.T.);
#1812=EDGE_CURVE('',#1588,#1589,#2146,.T.);
#1813=EDGE_CURVE('',#1588,#1590,#2147,.T.);
#1814=EDGE_CURVE('',#1590,#1591,#2148,.T.);
#1815=EDGE_CURVE('',#1591,#1589,#2149,.T.);
#1816=EDGE_CURVE('',#1592,#1593,#2150,.T.);
#1817=EDGE_CURVE('',#1592,#1594,#2151,.T.);
#1818=EDGE_CURVE('',#1594,#1595,#2152,.T.);
#1819=EDGE_CURVE('',#1595,#1593,#2153,.T.);
#1820=EDGE_CURVE('',#1596,#1597,#2154,.T.);
#1821=EDGE_CURVE('',#1596,#1598,#2155,.T.);
#1822=EDGE_CURVE('',#1598,#1599,#2156,.T.);
#1823=EDGE_CURVE('',#1599,#1597,#2157,.T.);
#1824=EDGE_CURVE('',#1600,#1601,#2158,.T.);
#1825=EDGE_CURVE('',#1600,#1602,#2159,.T.);
#1826=EDGE_CURVE('',#1602,#1603,#2160,.T.);
#1827=EDGE_CURVE('',#1603,#1601,#2161,.T.);
#1828=EDGE_CURVE('',#1604,#1605,#2162,.T.);
#1829=EDGE_CURVE('',#1604,#1606,#2163,.T.);
#1830=EDGE_CURVE('',#1606,#1607,#2164,.T.);
#1831=EDGE_CURVE('',#1607,#1605,#2165,.T.);
#1832=EDGE_CURVE('',#1608,#1609,#2166,.T.);
#1833=EDGE_CURVE('',#1608,#1610,#2167,.T.);
#1834=EDGE_CURVE('',#1610,#1611,#2168,.T.);
#1835=EDGE_CURVE('',#1611,#1609,#2169,.T.);
#1836=EDGE_CURVE('',#1612,#1613,#2170,.T.);
#1837=EDGE_CURVE('',#1612,#1614,#2171,.T.);
#1838=EDGE_CURVE('',#1614,#1615,#2172,.T.);
#1839=EDGE_CURVE('',#1615,#1613,#2173,.T.);
#1840=EDGE_CURVE('',#1616,#1617,#2174,.T.);
#1841=EDGE_CURVE('',#1616,#1618,#2175,.T.);
#1842=EDGE_CURVE('',#1618,#1619,#2176,.T.);
#1843=EDGE_CURVE('',#1619,#1617,#2177,.T.);
#1844=EDGE_CURVE('',#1620,#1621,#2178,.T.);
#1845=EDGE_CURVE('',#1620,#1622,#2179,.T.);
#1846=EDGE_CURVE('',#1622,#1623,#2180,.T.);
#1847=EDGE_CURVE('',#1623,#1621,#2181,.T.);
#1848=EDGE_CURVE('',#1624,#1625,#2182,.T.);
#1849=EDGE_CURVE('',#1624,#1626,#2183,.T.);
#1850=EDGE_CURVE('',#1626,#1627,#2184,.T.);
#1851=EDGE_CURVE('',#1627,#1625,#2185,.T.);
#1852=EDGE_CURVE('',#1628,#1629,#2186,.T.);
#1853=EDGE_CURVE('',#1628,#1630,#2187,.T.);
#1854=EDGE_CURVE('',#1630,#1631,#2188,.T.);
#1855=EDGE_CURVE('',#1631,#1629,#2189,.T.);
#1856=EDGE_CURVE('',#1546,#1588,#115,.T.);
#1857=EDGE_CURVE('',#1589,#1547,#116,.T.);
#1858=EDGE_CURVE('',#1550,#1592,#117,.T.);
#1859=EDGE_CURVE('',#1593,#1551,#118,.T.);
#1860=EDGE_CURVE('',#1554,#1596,#119,.T.);
#1861=EDGE_CURVE('',#1597,#1555,#120,.T.);
#1862=EDGE_CURVE('',#1558,#1600,#121,.T.);
#1863=EDGE_CURVE('',#1601,#1559,#122,.T.);
#1864=EDGE_CURVE('',#1562,#1604,#123,.T.);
#1865=EDGE_CURVE('',#1605,#1563,#124,.T.);
#1866=EDGE_CURVE('',#1566,#1608,#125,.T.);
#1867=EDGE_CURVE('',#1609,#1567,#126,.T.);
#1868=EDGE_CURVE('',#1570,#1612,#127,.T.);
#1869=EDGE_CURVE('',#1613,#1571,#128,.T.);
#1870=EDGE_CURVE('',#1574,#1616,#129,.T.);
#1871=EDGE_CURVE('',#1617,#1575,#130,.T.);
#1872=EDGE_CURVE('',#1578,#1620,#131,.T.);
#1873=EDGE_CURVE('',#1621,#1579,#132,.T.);
#1874=EDGE_CURVE('',#1582,#1624,#133,.T.);
#1875=EDGE_CURVE('',#1625,#1583,#134,.T.);
#1876=EDGE_CURVE('',#1586,#1628,#135,.T.);
#1877=EDGE_CURVE('',#1629,#1587,#136,.T.);
#1878=EDGE_CURVE('',#1632,#1633,#2190,.T.);
#1879=EDGE_CURVE('',#1633,#1634,#710,.T.);
#1880=EDGE_CURVE('',#1635,#1634,#2191,.T.);
#1881=EDGE_CURVE('',#1635,#1632,#711,.T.);
#1882=EDGE_CURVE('',#1636,#1636,#2192,.T.);
#1883=EDGE_CURVE('',#1637,#1638,#2193,.T.);
#1884=EDGE_CURVE('',#1638,#1635,#2194,.T.);
#1885=EDGE_CURVE('',#1634,#1639,#2195,.T.);
#1886=EDGE_CURVE('',#1639,#1640,#2196,.T.);
#1887=EDGE_CURVE('',#1640,#1641,#2197,.T.);
#1888=EDGE_CURVE('',#1641,#1642,#2198,.T.);
#1889=EDGE_CURVE('',#1642,#1580,#2199,.T.);
#1890=EDGE_CURVE('',#1581,#1643,#2200,.T.);
#1891=EDGE_CURVE('',#1643,#1644,#2201,.T.);
#1892=EDGE_CURVE('',#1644,#1645,#2202,.T.);
#1893=EDGE_CURVE('',#1645,#1646,#2203,.T.);
#1894=EDGE_CURVE('',#1646,#1576,#2204,.T.);
#1895=EDGE_CURVE('',#1577,#1647,#2205,.T.);
#1896=EDGE_CURVE('',#1647,#1648,#2206,.T.);
#1897=EDGE_CURVE('',#1648,#1649,#2207,.T.);
#1898=EDGE_CURVE('',#1649,#1650,#2208,.T.);
#1899=EDGE_CURVE('',#1650,#1548,#2209,.T.);
#1900=EDGE_CURVE('',#1549,#1651,#2210,.T.);
#1901=EDGE_CURVE('',#1651,#1652,#2211,.T.);
#1902=EDGE_CURVE('',#1652,#1653,#2212,.T.);
#1903=EDGE_CURVE('',#1653,#1654,#2213,.T.);
#1904=EDGE_CURVE('',#1654,#1544,#2214,.T.);
#1905=EDGE_CURVE('',#1545,#1655,#2215,.T.);
#1906=EDGE_CURVE('',#1655,#1656,#2216,.T.);
#1907=EDGE_CURVE('',#1656,#1657,#2217,.T.);
#1908=EDGE_CURVE('',#1657,#1658,#2218,.T.);
#1909=EDGE_CURVE('',#1658,#1552,#2219,.T.);
#1910=EDGE_CURVE('',#1553,#1659,#2220,.T.);
#1911=EDGE_CURVE('',#1659,#1660,#2221,.T.);
#1912=EDGE_CURVE('',#1660,#1661,#2222,.T.);
#1913=EDGE_CURVE('',#1661,#1662,#2223,.T.);
#1914=EDGE_CURVE('',#1662,#1556,#2224,.T.);
#1915=EDGE_CURVE('',#1557,#1663,#2225,.T.);
#1916=EDGE_CURVE('',#1663,#1664,#2226,.T.);
#1917=EDGE_CURVE('',#1664,#1665,#2227,.T.);
#1918=EDGE_CURVE('',#1665,#1666,#2228,.T.);
#1919=EDGE_CURVE('',#1666,#1560,#2229,.T.);
#1920=EDGE_CURVE('',#1561,#1667,#2230,.T.);
#1921=EDGE_CURVE('',#1667,#1668,#2231,.T.);
#1922=EDGE_CURVE('',#1668,#1669,#2232,.T.);
#1923=EDGE_CURVE('',#1669,#1670,#2233,.T.);
#1924=EDGE_CURVE('',#1670,#1564,#2234,.T.);
#1925=EDGE_CURVE('',#1565,#1671,#2235,.T.);
#1926=EDGE_CURVE('',#1671,#1672,#2236,.T.);
#1927=EDGE_CURVE('',#1672,#1673,#2237,.T.);
#1928=EDGE_CURVE('',#1673,#1674,#2238,.T.);
#1929=EDGE_CURVE('',#1674,#1572,#2239,.T.);
#1930=EDGE_CURVE('',#1573,#1675,#2240,.T.);
#1931=EDGE_CURVE('',#1675,#1676,#2241,.T.);
#1932=EDGE_CURVE('',#1676,#1677,#2242,.T.);
#1933=EDGE_CURVE('',#1677,#1678,#2243,.T.);
#1934=EDGE_CURVE('',#1678,#1568,#2244,.T.);
#1935=EDGE_CURVE('',#1569,#1679,#2245,.T.);
#1936=EDGE_CURVE('',#1679,#1680,#2246,.T.);
#1937=EDGE_CURVE('',#1680,#1681,#2247,.T.);
#1938=EDGE_CURVE('',#1681,#1682,#2248,.T.);
#1939=EDGE_CURVE('',#1682,#1584,#2249,.T.);
#1940=EDGE_CURVE('',#1585,#1683,#2250,.T.);
#1941=EDGE_CURVE('',#1683,#1684,#2251,.T.);
#1942=EDGE_CURVE('',#1684,#1637,#2252,.T.);
#1943=EDGE_CURVE('',#1685,#1685,#2253,.T.);
#1944=EDGE_CURVE('',#1686,#1686,#2254,.T.);
#1945=EDGE_CURVE('',#1687,#1687,#2255,.T.);
#1946=EDGE_CURVE('',#1688,#1688,#2256,.T.);
#1947=EDGE_CURVE('',#1689,#1689,#2257,.T.);
#1948=EDGE_CURVE('',#1690,#1690,#2258,.T.);
#1949=EDGE_CURVE('',#1691,#1691,#2259,.T.);
#1950=EDGE_CURVE('',#1692,#1693,#2260,.T.);
#1951=EDGE_CURVE('',#1692,#1694,#137,.T.);
#1952=EDGE_CURVE('',#1694,#1637,#712,.T.);
#1953=EDGE_CURVE('',#1695,#1684,#713,.T.);
#1954=EDGE_CURVE('',#1695,#1631,#138,.T.);
#1955=EDGE_CURVE('',#1630,#1696,#139,.T.);
#1956=EDGE_CURVE('',#1696,#1681,#714,.T.);
#1957=EDGE_CURVE('',#1697,#1680,#715,.T.);
#1958=EDGE_CURVE('',#1697,#1615,#140,.T.);
#1959=EDGE_CURVE('',#1614,#1698,#141,.T.);
#1960=EDGE_CURVE('',#1698,#1677,#716,.T.);
#1961=EDGE_CURVE('',#1699,#1676,#717,.T.);
#1962=EDGE_CURVE('',#1699,#1619,#142,.T.);
#1963=EDGE_CURVE('',#1618,#1700,#143,.T.);
#1964=EDGE_CURVE('',#1700,#1673,#718,.T.);
#1965=EDGE_CURVE('',#1701,#1672,#719,.T.);
#1966=EDGE_CURVE('',#1701,#1611,#144,.T.);
#1967=EDGE_CURVE('',#1610,#1702,#145,.T.);
#1968=EDGE_CURVE('',#1702,#1669,#720,.T.);
#1969=EDGE_CURVE('',#1703,#1668,#721,.T.);
#1970=EDGE_CURVE('',#1703,#1607,#146,.T.);
#1971=EDGE_CURVE('',#1606,#1704,#147,.T.);
#1972=EDGE_CURVE('',#1704,#1665,#722,.T.);
#1973=EDGE_CURVE('',#1705,#1664,#723,.T.);
#1974=EDGE_CURVE('',#1705,#1603,#148,.T.);
#1975=EDGE_CURVE('',#1602,#1706,#149,.T.);
#1976=EDGE_CURVE('',#1706,#1661,#724,.T.);
#1977=EDGE_CURVE('',#1707,#1660,#725,.T.);
#1978=EDGE_CURVE('',#1707,#1599,#150,.T.);
#1979=EDGE_CURVE('',#1598,#1708,#151,.T.);
#1980=EDGE_CURVE('',#1708,#1657,#726,.T.);
#1981=EDGE_CURVE('',#1709,#1656,#727,.T.);
#1982=EDGE_CURVE('',#1709,#1591,#152,.T.);
#1983=EDGE_CURVE('',#1590,#1710,#153,.T.);
#1984=EDGE_CURVE('',#1710,#1653,#728,.T.);
#1985=EDGE_CURVE('',#1711,#1652,#729,.T.);
#1986=EDGE_CURVE('',#1711,#1595,#154,.T.);
#1987=EDGE_CURVE('',#1594,#1712,#155,.T.);
#1988=EDGE_CURVE('',#1712,#1649,#730,.T.);
#1989=EDGE_CURVE('',#1713,#1648,#731,.T.);
#1990=EDGE_CURVE('',#1713,#1623,#156,.T.);
#1991=EDGE_CURVE('',#1622,#1714,#157,.T.);
#1992=EDGE_CURVE('',#1714,#1645,#732,.T.);
#1993=EDGE_CURVE('',#1715,#1644,#733,.T.);
#1994=EDGE_CURVE('',#1715,#1627,#158,.T.);
#1995=EDGE_CURVE('',#1626,#1716,#159,.T.);
#1996=EDGE_CURVE('',#1716,#1641,#734,.T.);
#1997=EDGE_CURVE('',#1717,#1640,#735,.T.);
#1998=EDGE_CURVE('',#1717,#1693,#160,.T.);
#1999=EDGE_CURVE('',#1693,#1718,#2261,.T.);
#2000=EDGE_CURVE('',#1719,#1718,#2262,.T.);
#2001=EDGE_CURVE('',#1719,#1692,#2263,.T.);
#2002=EDGE_CURVE('',#1718,#1633,#161,.T.);
#2003=EDGE_CURVE('',#1632,#1719,#162,.T.);
#2004=EDGE_CURVE('',#1694,#1720,#2264,.T.);
#2005=EDGE_CURVE('',#1720,#1721,#163,.T.);
#2006=EDGE_CURVE('',#1721,#1638,#736,.T.);
#2007=EDGE_CURVE('',#1683,#1722,#737,.T.);
#2008=EDGE_CURVE('',#1722,#1723,#164,.T.);
#2009=EDGE_CURVE('',#1723,#1695,#2265,.T.);
#2010=EDGE_CURVE('',#1632,#1721,#2266,.T.);
#2011=EDGE_CURVE('',#1719,#1720,#2267,.T.);
#2012=EDGE_CURVE('',#1629,#1723,#2268,.T.);
#2013=EDGE_CURVE('',#1587,#1722,#2269,.T.);
#2014=EDGE_CURVE('',#1696,#1724,#2270,.T.);
#2015=EDGE_CURVE('',#1724,#1725,#165,.T.);
#2016=EDGE_CURVE('',#1725,#1682,#738,.T.);
#2017=EDGE_CURVE('',#1679,#1726,#739,.T.);
#2018=EDGE_CURVE('',#1726,#1727,#166,.T.);
#2019=EDGE_CURVE('',#1727,#1697,#2271,.T.);
#2020=EDGE_CURVE('',#1716,#1728,#2272,.T.);
#2021=EDGE_CURVE('',#1728,#1729,#167,.T.);
#2022=EDGE_CURVE('',#1729,#1642,#740,.T.);
#2023=EDGE_CURVE('',#1639,#1730,#741,.T.);
#2024=EDGE_CURVE('',#1730,#1731,#168,.T.);
#2025=EDGE_CURVE('',#1731,#1717,#2273,.T.);
#2026=EDGE_CURVE('',#1714,#1732,#2274,.T.);
#2027=EDGE_CURVE('',#1732,#1733,#169,.T.);
#2028=EDGE_CURVE('',#1733,#1646,#742,.T.);
#2029=EDGE_CURVE('',#1643,#1734,#743,.T.);
#2030=EDGE_CURVE('',#1734,#1735,#170,.T.);
#2031=EDGE_CURVE('',#1735,#1715,#2275,.T.);
#2032=EDGE_CURVE('',#1700,#1736,#2276,.T.);
#2033=EDGE_CURVE('',#1736,#1737,#171,.T.);
#2034=EDGE_CURVE('',#1737,#1674,#744,.T.);
#2035=EDGE_CURVE('',#1671,#1738,#745,.T.);
#2036=EDGE_CURVE('',#1738,#1739,#172,.T.);
#2037=EDGE_CURVE('',#1739,#1701,#2277,.T.);
#2038=EDGE_CURVE('',#1698,#1740,#2278,.T.);
#2039=EDGE_CURVE('',#1740,#1741,#173,.T.);
#2040=EDGE_CURVE('',#1741,#1678,#746,.T.);
#2041=EDGE_CURVE('',#1675,#1742,#747,.T.);
#2042=EDGE_CURVE('',#1742,#1743,#174,.T.);
#2043=EDGE_CURVE('',#1743,#1699,#2279,.T.);
#2044=EDGE_CURVE('',#1702,#1744,#2280,.T.);
#2045=EDGE_CURVE('',#1744,#1745,#175,.T.);
#2046=EDGE_CURVE('',#1745,#1670,#748,.T.);
#2047=EDGE_CURVE('',#1667,#1746,#749,.T.);
#2048=EDGE_CURVE('',#1746,#1747,#176,.T.);
#2049=EDGE_CURVE('',#1747,#1703,#2281,.T.);
#2050=EDGE_CURVE('',#1704,#1748,#2282,.T.);
#2051=EDGE_CURVE('',#1748,#1749,#177,.T.);
#2052=EDGE_CURVE('',#1749,#1666,#750,.T.);
#2053=EDGE_CURVE('',#1663,#1750,#751,.T.);
#2054=EDGE_CURVE('',#1750,#1751,#178,.T.);
#2055=EDGE_CURVE('',#1751,#1705,#2283,.T.);
#2056=EDGE_CURVE('',#1706,#1752,#2284,.T.);
#2057=EDGE_CURVE('',#1752,#1753,#179,.T.);
#2058=EDGE_CURVE('',#1753,#1662,#752,.T.);
#2059=EDGE_CURVE('',#1659,#1754,#753,.T.);
#2060=EDGE_CURVE('',#1754,#1755,#180,.T.);
#2061=EDGE_CURVE('',#1755,#1707,#2285,.T.);
#2062=EDGE_CURVE('',#1708,#1756,#2286,.T.);
#2063=EDGE_CURVE('',#1756,#1757,#181,.T.);
#2064=EDGE_CURVE('',#1757,#1658,#754,.T.);
#2065=EDGE_CURVE('',#1655,#1758,#755,.T.);
#2066=EDGE_CURVE('',#1758,#1759,#182,.T.);
#2067=EDGE_CURVE('',#1759,#1709,#2287,.T.);
#2068=EDGE_CURVE('',#1712,#1760,#2288,.T.);
#2069=EDGE_CURVE('',#1760,#1761,#183,.T.);
#2070=EDGE_CURVE('',#1761,#1650,#756,.T.);
#2071=EDGE_CURVE('',#1647,#1762,#757,.T.);
#2072=EDGE_CURVE('',#1762,#1763,#184,.T.);
#2073=EDGE_CURVE('',#1763,#1713,#2289,.T.);
#2074=EDGE_CURVE('',#1710,#1764,#2290,.T.);
#2075=EDGE_CURVE('',#1764,#1765,#185,.T.);
#2076=EDGE_CURVE('',#1765,#1654,#758,.T.);
#2077=EDGE_CURVE('',#1651,#1766,#759,.T.);
#2078=EDGE_CURVE('',#1766,#1767,#186,.T.);
#2079=EDGE_CURVE('',#1767,#1711,#2291,.T.);
#2080=EDGE_CURVE('',#1582,#1729,#2292,.T.);
#2081=EDGE_CURVE('',#1624,#1728,#2293,.T.);
#2082=EDGE_CURVE('',#1578,#1733,#2294,.T.);
#2083=EDGE_CURVE('',#1620,#1732,#2295,.T.);
#2084=EDGE_CURVE('',#1550,#1761,#2296,.T.);
#2085=EDGE_CURVE('',#1592,#1760,#2297,.T.);
#2086=EDGE_CURVE('',#1546,#1765,#2298,.T.);
#2087=EDGE_CURVE('',#1588,#1764,#2299,.T.);
#2088=EDGE_CURVE('',#1554,#1757,#2300,.T.);
#2089=EDGE_CURVE('',#1596,#1756,#2301,.T.);
#2090=EDGE_CURVE('',#1558,#1753,#2302,.T.);
#2091=EDGE_CURVE('',#1600,#1752,#2303,.T.);
#2092=EDGE_CURVE('',#1562,#1749,#2304,.T.);
#2093=EDGE_CURVE('',#1604,#1748,#2305,.T.);
#2094=EDGE_CURVE('',#1566,#1745,#2306,.T.);
#2095=EDGE_CURVE('',#1608,#1744,#2307,.T.);
#2096=EDGE_CURVE('',#1574,#1737,#2308,.T.);
#2097=EDGE_CURVE('',#1616,#1736,#2309,.T.);
#2098=EDGE_CURVE('',#1570,#1741,#2310,.T.);
#2099=EDGE_CURVE('',#1612,#1740,#2311,.T.);
#2100=EDGE_CURVE('',#1586,#1725,#2312,.T.);
#2101=EDGE_CURVE('',#1628,#1724,#2313,.T.);
#2102=EDGE_CURVE('',#1718,#1731,#2314,.T.);
#2103=EDGE_CURVE('',#1633,#1730,#2315,.T.);
#2104=EDGE_CURVE('',#1625,#1735,#2316,.T.);
#2105=EDGE_CURVE('',#1583,#1734,#2317,.T.);
#2106=EDGE_CURVE('',#1621,#1763,#2318,.T.);
#2107=EDGE_CURVE('',#1579,#1762,#2319,.T.);
#2108=EDGE_CURVE('',#1593,#1767,#2320,.T.);
#2109=EDGE_CURVE('',#1551,#1766,#2321,.T.);
#2110=EDGE_CURVE('',#1589,#1759,#2322,.T.);
#2111=EDGE_CURVE('',#1547,#1758,#2323,.T.);
#2112=EDGE_CURVE('',#1597,#1755,#2324,.T.);
#2113=EDGE_CURVE('',#1555,#1754,#2325,.T.);
#2114=EDGE_CURVE('',#1601,#1751,#2326,.T.);
#2115=EDGE_CURVE('',#1559,#1750,#2327,.T.);
#2116=EDGE_CURVE('',#1605,#1747,#2328,.T.);
#2117=EDGE_CURVE('',#1563,#1746,#2329,.T.);
#2118=EDGE_CURVE('',#1609,#1739,#2330,.T.);
#2119=EDGE_CURVE('',#1567,#1738,#2331,.T.);
#2120=EDGE_CURVE('',#1617,#1743,#2332,.T.);
#2121=EDGE_CURVE('',#1575,#1742,#2333,.T.);
#2122=EDGE_CURVE('',#1613,#1727,#2334,.T.);
#2123=EDGE_CURVE('',#1571,#1726,#2335,.T.);
#2124=CIRCLE('',#2337,55.);
#2125=CIRCLE('',#2338,55.);
#2126=CIRCLE('',#2340,55.);
#2127=CIRCLE('',#2341,55.);
#2128=CIRCLE('',#2343,55.);
#2129=CIRCLE('',#2344,55.);
#2130=CIRCLE('',#2346,55.);
#2131=CIRCLE('',#2347,55.);
#2132=CIRCLE('',#2349,55.);
#2133=CIRCLE('',#2350,55.);
#2134=CIRCLE('',#2352,55.);
#2135=CIRCLE('',#2353,55.);
#2136=CIRCLE('',#2355,55.);
#2137=CIRCLE('',#2356,55.);
#2138=CIRCLE('',#2358,55.);
#2139=CIRCLE('',#2359,55.);
#2140=CIRCLE('',#2361,55.);
#2141=CIRCLE('',#2362,55.);
#2142=CIRCLE('',#2364,55.);
#2143=CIRCLE('',#2365,55.);
#2144=CIRCLE('',#2367,55.);
#2145=CIRCLE('',#2368,55.);
#2146=CIRCLE('',#2370,94.9999999999999);
#2147=CIRCLE('',#2371,98.);
#2148=CIRCLE('',#2372,150.);
#2149=CIRCLE('',#2373,107.);
#2150=CIRCLE('',#2375,94.9999999999999);
#2151=CIRCLE('',#2376,98.);
#2152=CIRCLE('',#2377,150.);
#2153=CIRCLE('',#2378,107.);
#2154=CIRCLE('',#2380,94.9999999999999);
#2155=CIRCLE('',#2381,98.);
#2156=CIRCLE('',#2382,150.);
#2157=CIRCLE('',#2383,107.);
#2158=CIRCLE('',#2385,94.9999999999999);
#2159=CIRCLE('',#2386,98.);
#2160=CIRCLE('',#2387,150.);
#2161=CIRCLE('',#2388,107.);
#2162=CIRCLE('',#2390,94.9999999999999);
#2163=CIRCLE('',#2391,98.);
#2164=CIRCLE('',#2392,150.);
#2165=CIRCLE('',#2393,107.);
#2166=CIRCLE('',#2395,94.9999999999999);
#2167=CIRCLE('',#2396,98.);
#2168=CIRCLE('',#2397,150.);
#2169=CIRCLE('',#2398,107.);
#2170=CIRCLE('',#2400,94.9999999999999);
#2171=CIRCLE('',#2401,98.);
#2172=CIRCLE('',#2402,150.);
#2173=CIRCLE('',#2403,107.);
#2174=CIRCLE('',#2405,94.9999999999999);
#2175=CIRCLE('',#2406,98.);
#2176=CIRCLE('',#2407,150.);
#2177=CIRCLE('',#2408,107.);
#2178=CIRCLE('',#2410,94.9999999999999);
#2179=CIRCLE('',#2411,98.);
#2180=CIRCLE('',#2412,150.);
#2181=CIRCLE('',#2413,107.);
#2182=CIRCLE('',#2415,94.9999999999999);
#2183=CIRCLE('',#2416,98.);
#2184=CIRCLE('',#2417,150.);
#2185=CIRCLE('',#2418,107.);
#2186=CIRCLE('',#2420,94.9999999999999);
#2187=CIRCLE('',#2421,98.);
#2188=CIRCLE('',#2422,150.);
#2189=CIRCLE('',#2423,107.);
#2190=CIRCLE('',#2436,55.);
#2191=CIRCLE('',#2437,55.);
#2192=CIRCLE('',#2439,35.);
#2193=CIRCLE('',#2440,100.);
#2194=CIRCLE('',#2441,2.);
#2195=CIRCLE('',#2442,2.);
#2196=CIRCLE('',#2443,105.);
#2197=CIRCLE('',#2444,150.);
#2198=CIRCLE('',#2445,100.);
#2199=CIRCLE('',#2446,2.);
#2200=CIRCLE('',#2447,2.);
#2201=CIRCLE('',#2448,105.);
#2202=CIRCLE('',#2449,150.);
#2203=CIRCLE('',#2450,100.);
#2204=CIRCLE('',#2451,2.);
#2205=CIRCLE('',#2452,2.);
#2206=CIRCLE('',#2453,105.);
#2207=CIRCLE('',#2454,150.);
#2208=CIRCLE('',#2455,100.);
#2209=CIRCLE('',#2456,2.);
#2210=CIRCLE('',#2457,2.);
#2211=CIRCLE('',#2458,105.);
#2212=CIRCLE('',#2459,150.);
#2213=CIRCLE('',#2460,100.);
#2214=CIRCLE('',#2461,2.);
#2215=CIRCLE('',#2462,2.);
#2216=CIRCLE('',#2463,105.);
#2217=CIRCLE('',#2464,150.);
#2218=CIRCLE('',#2465,100.);
#2219=CIRCLE('',#2466,2.);
#2220=CIRCLE('',#2467,2.);
#2221=CIRCLE('',#2468,105.);
#2222=CIRCLE('',#2469,150.);
#2223=CIRCLE('',#2470,100.);
#2224=CIRCLE('',#2471,2.);
#2225=CIRCLE('',#2472,2.);
#2226=CIRCLE('',#2473,105.);
#2227=CIRCLE('',#2474,150.);
#2228=CIRCLE('',#2475,100.);
#2229=CIRCLE('',#2476,2.);
#2230=CIRCLE('',#2477,2.);
#2231=CIRCLE('',#2478,105.);
#2232=CIRCLE('',#2479,150.);
#2233=CIRCLE('',#2480,100.);
#2234=CIRCLE('',#2481,2.);
#2235=CIRCLE('',#2482,2.);
#2236=CIRCLE('',#2483,105.);
#2237=CIRCLE('',#2484,150.);
#2238=CIRCLE('',#2485,100.);
#2239=CIRCLE('',#2486,2.);
#2240=CIRCLE('',#2487,2.);
#2241=CIRCLE('',#2488,105.);
#2242=CIRCLE('',#2489,150.);
#2243=CIRCLE('',#2490,100.);
#2244=CIRCLE('',#2491,2.);
#2245=CIRCLE('',#2492,2.);
#2246=CIRCLE('',#2493,105.);
#2247=CIRCLE('',#2494,150.);
#2248=CIRCLE('',#2495,100.);
#2249=CIRCLE('',#2496,2.);
#2250=CIRCLE('',#2497,2.);
#2251=CIRCLE('',#2498,105.);
#2252=CIRCLE('',#2499,150.);
#2253=CIRCLE('',#2501,35.);
#2254=CIRCLE('',#2503,69.6000000000001);
#2255=CIRCLE('',#2504,35.4);
#2256=CIRCLE('',#2506,70.0000000000001);
#2257=CIRCLE('',#2507,70.0000000000001);
#2258=CIRCLE('',#2509,70.4000000000001);
#2259=CIRCLE('',#2510,150.);
#2260=CIRCLE('',#2512,150.);
#2261=CIRCLE('',#2514,107.);
#2262=CIRCLE('',#2515,94.9999999999999);
#2263=CIRCLE('',#2516,98.);
#2264=CIRCLE('',#2519,100.);
#2265=CIRCLE('',#2521,105.);
#2266=CIRCLE('',#2523,2.);
#2267=CIRCLE('',#2525,2.);
#2268=CIRCLE('',#2527,2.);
#2269=CIRCLE('',#2529,2.);
#2270=CIRCLE('',#2531,100.);
#2271=CIRCLE('',#2533,105.);
#2272=CIRCLE('',#2535,100.);
#2273=CIRCLE('',#2537,105.);
#2274=CIRCLE('',#2539,100.);
#2275=CIRCLE('',#2541,105.);
#2276=CIRCLE('',#2543,100.);
#2277=CIRCLE('',#2545,105.);
#2278=CIRCLE('',#2547,100.);
#2279=CIRCLE('',#2549,105.);
#2280=CIRCLE('',#2551,100.);
#2281=CIRCLE('',#2553,105.);
#2282=CIRCLE('',#2555,100.);
#2283=CIRCLE('',#2557,105.);
#2284=CIRCLE('',#2559,100.);
#2285=CIRCLE('',#2561,105.);
#2286=CIRCLE('',#2563,100.);
#2287=CIRCLE('',#2565,105.);
#2288=CIRCLE('',#2567,100.);
#2289=CIRCLE('',#2569,105.);
#2290=CIRCLE('',#2571,100.);
#2291=CIRCLE('',#2573,105.);
#2292=CIRCLE('',#2575,2.);
#2293=CIRCLE('',#2577,2.);
#2294=CIRCLE('',#2579,2.);
#2295=CIRCLE('',#2581,2.);
#2296=CIRCLE('',#2583,2.);
#2297=CIRCLE('',#2585,2.);
#2298=CIRCLE('',#2587,2.);
#2299=CIRCLE('',#2589,2.);
#2300=CIRCLE('',#2591,2.);
#2301=CIRCLE('',#2593,2.);
#2302=CIRCLE('',#2595,2.);
#2303=CIRCLE('',#2597,2.);
#2304=CIRCLE('',#2599,2.);
#2305=CIRCLE('',#2601,2.);
#2306=CIRCLE('',#2603,2.);
#2307=CIRCLE('',#2605,2.);
#2308=CIRCLE('',#2607,2.);
#2309=CIRCLE('',#2609,2.);
#2310=CIRCLE('',#2611,2.);
#2311=CIRCLE('',#2613,2.);
#2312=CIRCLE('',#2615,2.);
#2313=CIRCLE('',#2617,2.);
#2314=CIRCLE('',#2619,2.);
#2315=CIRCLE('',#2621,2.);
#2316=CIRCLE('',#2623,2.);
#2317=CIRCLE('',#2625,2.);
#2318=CIRCLE('',#2627,2.);
#2319=CIRCLE('',#2629,2.);
#2320=CIRCLE('',#2631,2.);
#2321=CIRCLE('',#2633,2.);
#2322=CIRCLE('',#2635,2.);
#2323=CIRCLE('',#2637,2.);
#2324=CIRCLE('',#2639,2.);
#2325=CIRCLE('',#2641,2.);
#2326=CIRCLE('',#2643,2.);
#2327=CIRCLE('',#2645,2.);
#2328=CIRCLE('',#2647,2.);
#2329=CIRCLE('',#2649,2.);
#2330=CIRCLE('',#2651,2.);
#2331=CIRCLE('',#2653,2.);
#2332=CIRCLE('',#2655,2.);
#2333=CIRCLE('',#2657,2.);
#2334=CIRCLE('',#2659,2.);
#2335=CIRCLE('',#2661,2.);
#2336=AXIS2_PLACEMENT_3D('',#3398,#2666,#2667);
#2337=AXIS2_PLACEMENT_3D('',#3399,#2668,#2669);
#2338=AXIS2_PLACEMENT_3D('',#3404,#2671,#2672);
#2339=AXIS2_PLACEMENT_3D('',#3407,#2674,#2675);
#2340=AXIS2_PLACEMENT_3D('',#3408,#2676,#2677);
#2341=AXIS2_PLACEMENT_3D('',#3413,#2679,#2680);
#2342=AXIS2_PLACEMENT_3D('',#3416,#2682,#2683);
#2343=AXIS2_PLACEMENT_3D('',#3417,#2684,#2685);
#2344=AXIS2_PLACEMENT_3D('',#3422,#2687,#2688);
#2345=AXIS2_PLACEMENT_3D('',#3425,#2690,#2691);
#2346=AXIS2_PLACEMENT_3D('',#3426,#2692,#2693);
#2347=AXIS2_PLACEMENT_3D('',#3431,#2695,#2696);
#2348=AXIS2_PLACEMENT_3D('',#3434,#2698,#2699);
#2349=AXIS2_PLACEMENT_3D('',#3435,#2700,#2701);
#2350=AXIS2_PLACEMENT_3D('',#3440,#2703,#2704);
#2351=AXIS2_PLACEMENT_3D('',#3443,#2706,#2707);
#2352=AXIS2_PLACEMENT_3D('',#3444,#2708,#2709);
#2353=AXIS2_PLACEMENT_3D('',#3449,#2711,#2712);
#2354=AXIS2_PLACEMENT_3D('',#3452,#2714,#2715);
#2355=AXIS2_PLACEMENT_3D('',#3453,#2716,#2717);
#2356=AXIS2_PLACEMENT_3D('',#3458,#2719,#2720);
#2357=AXIS2_PLACEMENT_3D('',#3461,#2722,#2723);
#2358=AXIS2_PLACEMENT_3D('',#3462,#2724,#2725);
#2359=AXIS2_PLACEMENT_3D('',#3467,#2727,#2728);
#2360=AXIS2_PLACEMENT_3D('',#3470,#2730,#2731);
#2361=AXIS2_PLACEMENT_3D('',#3471,#2732,#2733);
#2362=AXIS2_PLACEMENT_3D('',#3476,#2735,#2736);
#2363=AXIS2_PLACEMENT_3D('',#3479,#2738,#2739);
#2364=AXIS2_PLACEMENT_3D('',#3480,#2740,#2741);
#2365=AXIS2_PLACEMENT_3D('',#3485,#2743,#2744);
#2366=AXIS2_PLACEMENT_3D('',#3488,#2746,#2747);
#2367=AXIS2_PLACEMENT_3D('',#3489,#2748,#2749);
#2368=AXIS2_PLACEMENT_3D('',#3494,#2751,#2752);
#2369=AXIS2_PLACEMENT_3D('',#3497,#2754,#2755);
#2370=AXIS2_PLACEMENT_3D('',#3498,#2756,#2757);
#2371=AXIS2_PLACEMENT_3D('',#3501,#2758,#2759);
#2372=AXIS2_PLACEMENT_3D('',#3503,#2760,#2761);
#2373=AXIS2_PLACEMENT_3D('',#3505,#2762,#2763);
#2374=AXIS2_PLACEMENT_3D('',#3506,#2764,#2765);
#2375=AXIS2_PLACEMENT_3D('',#3507,#2766,#2767);
#2376=AXIS2_PLACEMENT_3D('',#3510,#2768,#2769);
#2377=AXIS2_PLACEMENT_3D('',#3512,#2770,#2771);
#2378=AXIS2_PLACEMENT_3D('',#3514,#2772,#2773);
#2379=AXIS2_PLACEMENT_3D('',#3515,#2774,#2775);
#2380=AXIS2_PLACEMENT_3D('',#3516,#2776,#2777);
#2381=AXIS2_PLACEMENT_3D('',#3519,#2778,#2779);
#2382=AXIS2_PLACEMENT_3D('',#3521,#2780,#2781);
#2383=AXIS2_PLACEMENT_3D('',#3523,#2782,#2783);
#2384=AXIS2_PLACEMENT_3D('',#3524,#2784,#2785);
#2385=AXIS2_PLACEMENT_3D('',#3525,#2786,#2787);
#2386=AXIS2_PLACEMENT_3D('',#3528,#2788,#2789);
#2387=AXIS2_PLACEMENT_3D('',#3530,#2790,#2791);
#2388=AXIS2_PLACEMENT_3D('',#3532,#2792,#2793);
#2389=AXIS2_PLACEMENT_3D('',#3533,#2794,#2795);
#2390=AXIS2_PLACEMENT_3D('',#3534,#2796,#2797);
#2391=AXIS2_PLACEMENT_3D('',#3537,#2798,#2799);
#2392=AXIS2_PLACEMENT_3D('',#3539,#2800,#2801);
#2393=AXIS2_PLACEMENT_3D('',#3541,#2802,#2803);
#2394=AXIS2_PLACEMENT_3D('',#3542,#2804,#2805);
#2395=AXIS2_PLACEMENT_3D('',#3543,#2806,#2807);
#2396=AXIS2_PLACEMENT_3D('',#3546,#2808,#2809);
#2397=AXIS2_PLACEMENT_3D('',#3548,#2810,#2811);
#2398=AXIS2_PLACEMENT_3D('',#3550,#2812,#2813);
#2399=AXIS2_PLACEMENT_3D('',#3551,#2814,#2815);
#2400=AXIS2_PLACEMENT_3D('',#3552,#2816,#2817);
#2401=AXIS2_PLACEMENT_3D('',#3555,#2818,#2819);
#2402=AXIS2_PLACEMENT_3D('',#3557,#2820,#2821);
#2403=AXIS2_PLACEMENT_3D('',#3559,#2822,#2823);
#2404=AXIS2_PLACEMENT_3D('',#3560,#2824,#2825);
#2405=AXIS2_PLACEMENT_3D('',#3561,#2826,#2827);
#2406=AXIS2_PLACEMENT_3D('',#3564,#2828,#2829);
#2407=AXIS2_PLACEMENT_3D('',#3566,#2830,#2831);
#2408=AXIS2_PLACEMENT_3D('',#3568,#2832,#2833);
#2409=AXIS2_PLACEMENT_3D('',#3569,#2834,#2835);
#2410=AXIS2_PLACEMENT_3D('',#3570,#2836,#2837);
#2411=AXIS2_PLACEMENT_3D('',#3573,#2838,#2839);
#2412=AXIS2_PLACEMENT_3D('',#3575,#2840,#2841);
#2413=AXIS2_PLACEMENT_3D('',#3577,#2842,#2843);
#2414=AXIS2_PLACEMENT_3D('',#3578,#2844,#2845);
#2415=AXIS2_PLACEMENT_3D('',#3579,#2846,#2847);
#2416=AXIS2_PLACEMENT_3D('',#3582,#2848,#2849);
#2417=AXIS2_PLACEMENT_3D('',#3584,#2850,#2851);
#2418=AXIS2_PLACEMENT_3D('',#3586,#2852,#2853);
#2419=AXIS2_PLACEMENT_3D('',#3587,#2854,#2855);
#2420=AXIS2_PLACEMENT_3D('',#3588,#2856,#2857);
#2421=AXIS2_PLACEMENT_3D('',#3591,#2858,#2859);
#2422=AXIS2_PLACEMENT_3D('',#3593,#2860,#2861);
#2423=AXIS2_PLACEMENT_3D('',#3595,#2862,#2863);
#2424=AXIS2_PLACEMENT_3D('',#3596,#2864,#2865);
#2425=AXIS2_PLACEMENT_3D('',#3629,#2866,#2867);
#2426=AXIS2_PLACEMENT_3D('',#3662,#2868,#2869);
#2427=AXIS2_PLACEMENT_3D('',#3695,#2870,#2871);
#2428=AXIS2_PLACEMENT_3D('',#3728,#2872,#2873);
#2429=AXIS2_PLACEMENT_3D('',#3761,#2874,#2875);
#2430=AXIS2_PLACEMENT_3D('',#3794,#2876,#2877);
#2431=AXIS2_PLACEMENT_3D('',#3827,#2878,#2879);
#2432=AXIS2_PLACEMENT_3D('',#3860,#2880,#2881);
#2433=AXIS2_PLACEMENT_3D('',#3893,#2882,#2883);
#2434=AXIS2_PLACEMENT_3D('',#3926,#2884,#2885);
#2435=AXIS2_PLACEMENT_3D('',#3959,#2886,#2887);
#2436=AXIS2_PLACEMENT_3D('',#3960,#2888,#2889);
#2437=AXIS2_PLACEMENT_3D('',#3965,#2891,#2892);
#2438=AXIS2_PLACEMENT_3D('',#3968,#2894,#2895);
#2439=AXIS2_PLACEMENT_3D('',#3969,#2896,#2897);
#2440=AXIS2_PLACEMENT_3D('',#3971,#2898,#2899);
#2441=AXIS2_PLACEMENT_3D('',#3974,#2900,#2901);
#2442=AXIS2_PLACEMENT_3D('',#3975,#2902,#2903);
#2443=AXIS2_PLACEMENT_3D('',#3977,#2904,#2905);
#2444=AXIS2_PLACEMENT_3D('',#3979,#2906,#2907);
#2445=AXIS2_PLACEMENT_3D('',#3981,#2908,#2909);
#2446=AXIS2_PLACEMENT_3D('',#3983,#2910,#2911);
#2447=AXIS2_PLACEMENT_3D('',#3984,#2912,#2913);
#2448=AXIS2_PLACEMENT_3D('',#3986,#2914,#2915);
#2449=AXIS2_PLACEMENT_3D('',#3988,#2916,#2917);
#2450=AXIS2_PLACEMENT_3D('',#3990,#2918,#2919);
#2451=AXIS2_PLACEMENT_3D('',#3992,#2920,#2921);
#2452=AXIS2_PLACEMENT_3D('',#3993,#2922,#2923);
#2453=AXIS2_PLACEMENT_3D('',#3995,#2924,#2925);
#2454=AXIS2_PLACEMENT_3D('',#3997,#2926,#2927);
#2455=AXIS2_PLACEMENT_3D('',#3999,#2928,#2929);
#2456=AXIS2_PLACEMENT_3D('',#4001,#2930,#2931);
#2457=AXIS2_PLACEMENT_3D('',#4002,#2932,#2933);
#2458=AXIS2_PLACEMENT_3D('',#4004,#2934,#2935);
#2459=AXIS2_PLACEMENT_3D('',#4006,#2936,#2937);
#2460=AXIS2_PLACEMENT_3D('',#4008,#2938,#2939);
#2461=AXIS2_PLACEMENT_3D('',#4010,#2940,#2941);
#2462=AXIS2_PLACEMENT_3D('',#4011,#2942,#2943);
#2463=AXIS2_PLACEMENT_3D('',#4013,#2944,#2945);
#2464=AXIS2_PLACEMENT_3D('',#4015,#2946,#2947);
#2465=AXIS2_PLACEMENT_3D('',#4017,#2948,#2949);
#2466=AXIS2_PLACEMENT_3D('',#4019,#2950,#2951);
#2467=AXIS2_PLACEMENT_3D('',#4020,#2952,#2953);
#2468=AXIS2_PLACEMENT_3D('',#4022,#2954,#2955);
#2469=AXIS2_PLACEMENT_3D('',#4024,#2956,#2957);
#2470=AXIS2_PLACEMENT_3D('',#4026,#2958,#2959);
#2471=AXIS2_PLACEMENT_3D('',#4028,#2960,#2961);
#2472=AXIS2_PLACEMENT_3D('',#4029,#2962,#2963);
#2473=AXIS2_PLACEMENT_3D('',#4031,#2964,#2965);
#2474=AXIS2_PLACEMENT_3D('',#4033,#2966,#2967);
#2475=AXIS2_PLACEMENT_3D('',#4035,#2968,#2969);
#2476=AXIS2_PLACEMENT_3D('',#4037,#2970,#2971);
#2477=AXIS2_PLACEMENT_3D('',#4038,#2972,#2973);
#2478=AXIS2_PLACEMENT_3D('',#4040,#2974,#2975);
#2479=AXIS2_PLACEMENT_3D('',#4042,#2976,#2977);
#2480=AXIS2_PLACEMENT_3D('',#4044,#2978,#2979);
#2481=AXIS2_PLACEMENT_3D('',#4046,#2980,#2981);
#2482=AXIS2_PLACEMENT_3D('',#4047,#2982,#2983);
#2483=AXIS2_PLACEMENT_3D('',#4049,#2984,#2985);
#2484=AXIS2_PLACEMENT_3D('',#4051,#2986,#2987);
#2485=AXIS2_PLACEMENT_3D('',#4053,#2988,#2989);
#2486=AXIS2_PLACEMENT_3D('',#4055,#2990,#2991);
#2487=AXIS2_PLACEMENT_3D('',#4056,#2992,#2993);
#2488=AXIS2_PLACEMENT_3D('',#4058,#2994,#2995);
#2489=AXIS2_PLACEMENT_3D('',#4060,#2996,#2997);
#2490=AXIS2_PLACEMENT_3D('',#4062,#2998,#2999);
#2491=AXIS2_PLACEMENT_3D('',#4064,#3000,#3001);
#2492=AXIS2_PLACEMENT_3D('',#4065,#3002,#3003);
#2493=AXIS2_PLACEMENT_3D('',#4067,#3004,#3005);
#2494=AXIS2_PLACEMENT_3D('',#4069,#3006,#3007);
#2495=AXIS2_PLACEMENT_3D('',#4071,#3008,#3009);
#2496=AXIS2_PLACEMENT_3D('',#4073,#3010,#3011);
#2497=AXIS2_PLACEMENT_3D('',#4074,#3012,#3013);
#2498=AXIS2_PLACEMENT_3D('',#4076,#3014,#3015);
#2499=AXIS2_PLACEMENT_3D('',#4078,#3016,#3017);
#2500=AXIS2_PLACEMENT_3D('',#4079,#3018,#3019);
#2501=AXIS2_PLACEMENT_3D('',#4080,#3020,#3021);
#2502=AXIS2_PLACEMENT_3D('',#4082,#3022,#3023);
#2503=AXIS2_PLACEMENT_3D('',#4083,#3024,#3025);
#2504=AXIS2_PLACEMENT_3D('',#4085,#3026,#3027);
#2505=AXIS2_PLACEMENT_3D('',#4087,#3028,#3029);
#2506=AXIS2_PLACEMENT_3D('',#4088,#3030,#3031);
#2507=AXIS2_PLACEMENT_3D('',#4090,#3032,#3033);
#2508=AXIS2_PLACEMENT_3D('',#4092,#3034,#3035);
#2509=AXIS2_PLACEMENT_3D('',#4093,#3036,#3037);
#2510=AXIS2_PLACEMENT_3D('',#4095,#3038,#3039);
#2511=AXIS2_PLACEMENT_3D('',#4097,#3040,#3041);
#2512=AXIS2_PLACEMENT_3D('',#4098,#3042,#3043);
#2513=AXIS2_PLACEMENT_3D('',#4533,#3068,#3069);
#2514=AXIS2_PLACEMENT_3D('',#4534,#3070,#3071);
#2515=AXIS2_PLACEMENT_3D('',#4536,#3072,#3073);
#2516=AXIS2_PLACEMENT_3D('',#4538,#3074,#3075);
#2517=AXIS2_PLACEMENT_3D('',#4539,#3076,#3077);
#2518=AXIS2_PLACEMENT_3D('',#4572,#3078,#3079);
#2519=AXIS2_PLACEMENT_3D('',#4573,#3080,#3081);
#2520=AXIS2_PLACEMENT_3D('',#4593,#3083,#3084);
#2521=AXIS2_PLACEMENT_3D('',#4613,#3086,#3087);
#2522=AXIS2_PLACEMENT_3D('',#4614,#3088,#3089);
#2523=AXIS2_PLACEMENT_3D('',#4615,#3090,#3091);
#2524=AXIS2_PLACEMENT_3D('',#4616,#3092,#3093);
#2525=AXIS2_PLACEMENT_3D('',#4617,#3094,#3095);
#2526=AXIS2_PLACEMENT_3D('',#4672,#3096,#3097);
#2527=AXIS2_PLACEMENT_3D('',#4673,#3098,#3099);
#2528=AXIS2_PLACEMENT_3D('',#4674,#3100,#3101);
#2529=AXIS2_PLACEMENT_3D('',#4675,#3102,#3103);
#2530=AXIS2_PLACEMENT_3D('',#4718,#3104,#3105);
#2531=AXIS2_PLACEMENT_3D('',#4719,#3106,#3107);
#2532=AXIS2_PLACEMENT_3D('',#4739,#3109,#3110);
#2533=AXIS2_PLACEMENT_3D('',#4759,#3112,#3113);
#2534=AXIS2_PLACEMENT_3D('',#4760,#3114,#3115);
#2535=AXIS2_PLACEMENT_3D('',#4761,#3116,#3117);
#2536=AXIS2_PLACEMENT_3D('',#4781,#3119,#3120);
#2537=AXIS2_PLACEMENT_3D('',#4801,#3122,#3123);
#2538=AXIS2_PLACEMENT_3D('',#4802,#3124,#3125);
#2539=AXIS2_PLACEMENT_3D('',#4803,#3126,#3127);
#2540=AXIS2_PLACEMENT_3D('',#4823,#3129,#3130);
#2541=AXIS2_PLACEMENT_3D('',#4843,#3132,#3133);
#2542=AXIS2_PLACEMENT_3D('',#4844,#3134,#3135);
#2543=AXIS2_PLACEMENT_3D('',#4845,#3136,#3137);
#2544=AXIS2_PLACEMENT_3D('',#4865,#3139,#3140);
#2545=AXIS2_PLACEMENT_3D('',#4885,#3142,#3143);
#2546=AXIS2_PLACEMENT_3D('',#4886,#3144,#3145);
#2547=AXIS2_PLACEMENT_3D('',#4887,#3146,#3147);
#2548=AXIS2_PLACEMENT_3D('',#4907,#3149,#3150);
#2549=AXIS2_PLACEMENT_3D('',#4927,#3152,#3153);
#2550=AXIS2_PLACEMENT_3D('',#4928,#3154,#3155);
#2551=AXIS2_PLACEMENT_3D('',#4929,#3156,#3157);
#2552=AXIS2_PLACEMENT_3D('',#4949,#3159,#3160);
#2553=AXIS2_PLACEMENT_3D('',#4969,#3162,#3163);
#2554=AXIS2_PLACEMENT_3D('',#4970,#3164,#3165);
#2555=AXIS2_PLACEMENT_3D('',#4971,#3166,#3167);
#2556=AXIS2_PLACEMENT_3D('',#4991,#3169,#3170);
#2557=AXIS2_PLACEMENT_3D('',#5011,#3172,#3173);
#2558=AXIS2_PLACEMENT_3D('',#5012,#3174,#3175);
#2559=AXIS2_PLACEMENT_3D('',#5013,#3176,#3177);
#2560=AXIS2_PLACEMENT_3D('',#5033,#3179,#3180);
#2561=AXIS2_PLACEMENT_3D('',#5053,#3182,#3183);
#2562=AXIS2_PLACEMENT_3D('',#5054,#3184,#3185);
#2563=AXIS2_PLACEMENT_3D('',#5055,#3186,#3187);
#2564=AXIS2_PLACEMENT_3D('',#5075,#3189,#3190);
#2565=AXIS2_PLACEMENT_3D('',#5095,#3192,#3193);
#2566=AXIS2_PLACEMENT_3D('',#5096,#3194,#3195);
#2567=AXIS2_PLACEMENT_3D('',#5097,#3196,#3197);
#2568=AXIS2_PLACEMENT_3D('',#5117,#3199,#3200);
#2569=AXIS2_PLACEMENT_3D('',#5137,#3202,#3203);
#2570=AXIS2_PLACEMENT_3D('',#5138,#3204,#3205);
#2571=AXIS2_PLACEMENT_3D('',#5139,#3206,#3207);
#2572=AXIS2_PLACEMENT_3D('',#5159,#3209,#3210);
#2573=AXIS2_PLACEMENT_3D('',#5179,#3212,#3213);
#2574=AXIS2_PLACEMENT_3D('',#5180,#3214,#3215);
#2575=AXIS2_PLACEMENT_3D('',#5181,#3216,#3217);
#2576=AXIS2_PLACEMENT_3D('',#5182,#3218,#3219);
#2577=AXIS2_PLACEMENT_3D('',#5183,#3220,#3221);
#2578=AXIS2_PLACEMENT_3D('',#5238,#3222,#3223);
#2579=AXIS2_PLACEMENT_3D('',#5239,#3224,#3225);
#2580=AXIS2_PLACEMENT_3D('',#5240,#3226,#3227);
#2581=AXIS2_PLACEMENT_3D('',#5241,#3228,#3229);
#2582=AXIS2_PLACEMENT_3D('',#5296,#3230,#3231);
#2583=AXIS2_PLACEMENT_3D('',#5297,#3232,#3233);
#2584=AXIS2_PLACEMENT_3D('',#5298,#3234,#3235);
#2585=AXIS2_PLACEMENT_3D('',#5299,#3236,#3237);
#2586=AXIS2_PLACEMENT_3D('',#5354,#3238,#3239);
#2587=AXIS2_PLACEMENT_3D('',#5355,#3240,#3241);
#2588=AXIS2_PLACEMENT_3D('',#5356,#3242,#3243);
#2589=AXIS2_PLACEMENT_3D('',#5357,#3244,#3245);
#2590=AXIS2_PLACEMENT_3D('',#5412,#3246,#3247);
#2591=AXIS2_PLACEMENT_3D('',#5413,#3248,#3249);
#2592=AXIS2_PLACEMENT_3D('',#5414,#3250,#3251);
#2593=AXIS2_PLACEMENT_3D('',#5415,#3252,#3253);
#2594=AXIS2_PLACEMENT_3D('',#5470,#3254,#3255);
#2595=AXIS2_PLACEMENT_3D('',#5471,#3256,#3257);
#2596=AXIS2_PLACEMENT_3D('',#5472,#3258,#3259);
#2597=AXIS2_PLACEMENT_3D('',#5473,#3260,#3261);
#2598=AXIS2_PLACEMENT_3D('',#5528,#3262,#3263);
#2599=AXIS2_PLACEMENT_3D('',#5529,#3264,#3265);
#2600=AXIS2_PLACEMENT_3D('',#5530,#3266,#3267);
#2601=AXIS2_PLACEMENT_3D('',#5531,#3268,#3269);
#2602=AXIS2_PLACEMENT_3D('',#5586,#3270,#3271);
#2603=AXIS2_PLACEMENT_3D('',#5587,#3272,#3273);
#2604=AXIS2_PLACEMENT_3D('',#5588,#3274,#3275);
#2605=AXIS2_PLACEMENT_3D('',#5589,#3276,#3277);
#2606=AXIS2_PLACEMENT_3D('',#5644,#3278,#3279);
#2607=AXIS2_PLACEMENT_3D('',#5645,#3280,#3281);
#2608=AXIS2_PLACEMENT_3D('',#5646,#3282,#3283);
#2609=AXIS2_PLACEMENT_3D('',#5647,#3284,#3285);
#2610=AXIS2_PLACEMENT_3D('',#5702,#3286,#3287);
#2611=AXIS2_PLACEMENT_3D('',#5703,#3288,#3289);
#2612=AXIS2_PLACEMENT_3D('',#5704,#3290,#3291);
#2613=AXIS2_PLACEMENT_3D('',#5705,#3292,#3293);
#2614=AXIS2_PLACEMENT_3D('',#5760,#3294,#3295);
#2615=AXIS2_PLACEMENT_3D('',#5761,#3296,#3297);
#2616=AXIS2_PLACEMENT_3D('',#5762,#3298,#3299);
#2617=AXIS2_PLACEMENT_3D('',#5763,#3300,#3301);
#2618=AXIS2_PLACEMENT_3D('',#5818,#3302,#3303);
#2619=AXIS2_PLACEMENT_3D('',#5819,#3304,#3305);
#2620=AXIS2_PLACEMENT_3D('',#5820,#3306,#3307);
#2621=AXIS2_PLACEMENT_3D('',#5821,#3308,#3309);
#2622=AXIS2_PLACEMENT_3D('',#5864,#3310,#3311);
#2623=AXIS2_PLACEMENT_3D('',#5865,#3312,#3313);
#2624=AXIS2_PLACEMENT_3D('',#5866,#3314,#3315);
#2625=AXIS2_PLACEMENT_3D('',#5867,#3316,#3317);
#2626=AXIS2_PLACEMENT_3D('',#5910,#3318,#3319);
#2627=AXIS2_PLACEMENT_3D('',#5911,#3320,#3321);
#2628=AXIS2_PLACEMENT_3D('',#5912,#3322,#3323);
#2629=AXIS2_PLACEMENT_3D('',#5913,#3324,#3325);
#2630=AXIS2_PLACEMENT_3D('',#5956,#3326,#3327);
#2631=AXIS2_PLACEMENT_3D('',#5957,#3328,#3329);
#2632=AXIS2_PLACEMENT_3D('',#5958,#3330,#3331);
#2633=AXIS2_PLACEMENT_3D('',#5959,#3332,#3333);
#2634=AXIS2_PLACEMENT_3D('',#6002,#3334,#3335);
#2635=AXIS2_PLACEMENT_3D('',#6003,#3336,#3337);
#2636=AXIS2_PLACEMENT_3D('',#6004,#3338,#3339);
#2637=AXIS2_PLACEMENT_3D('',#6005,#3340,#3341);
#2638=AXIS2_PLACEMENT_3D('',#6048,#3342,#3343);
#2639=AXIS2_PLACEMENT_3D('',#6049,#3344,#3345);
#2640=AXIS2_PLACEMENT_3D('',#6050,#3346,#3347);
#2641=AXIS2_PLACEMENT_3D('',#6051,#3348,#3349);
#2642=AXIS2_PLACEMENT_3D('',#6094,#3350,#3351);
#2643=AXIS2_PLACEMENT_3D('',#6095,#3352,#3353);
#2644=AXIS2_PLACEMENT_3D('',#6096,#3354,#3355);
#2645=AXIS2_PLACEMENT_3D('',#6097,#3356,#3357);
#2646=AXIS2_PLACEMENT_3D('',#6140,#3358,#3359);
#2647=AXIS2_PLACEMENT_3D('',#6141,#3360,#3361);
#2648=AXIS2_PLACEMENT_3D('',#6142,#3362,#3363);
#2649=AXIS2_PLACEMENT_3D('',#6143,#3364,#3365);
#2650=AXIS2_PLACEMENT_3D('',#6186,#3366,#3367);
#2651=AXIS2_PLACEMENT_3D('',#6187,#3368,#3369);
#2652=AXIS2_PLACEMENT_3D('',#6188,#3370,#3371);
#2653=AXIS2_PLACEMENT_3D('',#6189,#3372,#3373);
#2654=AXIS2_PLACEMENT_3D('',#6232,#3374,#3375);
#2655=AXIS2_PLACEMENT_3D('',#6233,#3376,#3377);
#2656=AXIS2_PLACEMENT_3D('',#6234,#3378,#3379);
#2657=AXIS2_PLACEMENT_3D('',#6235,#3380,#3381);
#2658=AXIS2_PLACEMENT_3D('',#6278,#3382,#3383);
#2659=AXIS2_PLACEMENT_3D('',#6279,#3384,#3385);
#2660=AXIS2_PLACEMENT_3D('',#6280,#3386,#3387);
#2661=AXIS2_PLACEMENT_3D('',#6281,#3388,#3389);
#2662=AXIS2_PLACEMENT_3D('',#6324,#3390,#3391);
#2663=AXIS2_PLACEMENT_3D('',#6325,#3392,#3393);
#2664=AXIS2_PLACEMENT_3D('',#6326,#3394,#3395);
#2665=AXIS2_PLACEMENT_3D('',#6327,#3396,#3397);
#2666=DIRECTION('',(0.,0.,1.));
#2667=DIRECTION('',(1.,0.,0.));
#2668=DIRECTION('',(0.,-1.,0.));
#2669=DIRECTION('',(0.,0.,-1.));
#2670=DIRECTION('',(0.,1.,0.));
#2671=DIRECTION('',(0.,-1.,0.));
#2672=DIRECTION('',(0.,0.,-1.));
#2673=DIRECTION('',(0.,-1.,0.));
#2674=DIRECTION('',(0.,-1.,0.));
#2675=DIRECTION('',(0.,0.,-1.));
#2676=DIRECTION('',(0.,-1.,0.));
#2677=DIRECTION('',(0.,0.,-1.));
#2678=DIRECTION('',(0.,1.,0.));
#2679=DIRECTION('',(0.,-1.,0.));
#2680=DIRECTION('',(0.,0.,-1.));
#2681=DIRECTION('',(0.,-1.,0.));
#2682=DIRECTION('',(0.,-1.,0.));
#2683=DIRECTION('',(0.,0.,-1.));
#2684=DIRECTION('',(0.,-1.,0.));
#2685=DIRECTION('',(0.,0.,-1.));
#2686=DIRECTION('',(0.,1.,0.));
#2687=DIRECTION('',(0.,-1.,0.));
#2688=DIRECTION('',(0.,0.,-1.));
#2689=DIRECTION('',(0.,-1.,0.));
#2690=DIRECTION('',(0.,-1.,0.));
#2691=DIRECTION('',(0.,0.,-1.));
#2692=DIRECTION('',(0.,-1.,0.));
#2693=DIRECTION('',(0.,0.,-1.));
#2694=DIRECTION('',(0.,1.,0.));
#2695=DIRECTION('',(0.,-1.,0.));
#2696=DIRECTION('',(0.,0.,-1.));
#2697=DIRECTION('',(0.,-1.,0.));
#2698=DIRECTION('',(0.,-1.,0.));
#2699=DIRECTION('',(0.,0.,-1.));
#2700=DIRECTION('',(0.,-1.,0.));
#2701=DIRECTION('',(0.,0.,-1.));
#2702=DIRECTION('',(0.,1.,0.));
#2703=DIRECTION('',(0.,-1.,0.));
#2704=DIRECTION('',(0.,0.,-1.));
#2705=DIRECTION('',(0.,-1.,0.));
#2706=DIRECTION('',(0.,-1.,0.));
#2707=DIRECTION('',(0.,0.,-1.));
#2708=DIRECTION('',(0.,-1.,0.));
#2709=DIRECTION('',(0.,0.,-1.));
#2710=DIRECTION('',(0.,1.,0.));
#2711=DIRECTION('',(0.,-1.,0.));
#2712=DIRECTION('',(0.,0.,-1.));
#2713=DIRECTION('',(0.,-1.,0.));
#2714=DIRECTION('',(0.,-1.,0.));
#2715=DIRECTION('',(0.,0.,-1.));
#2716=DIRECTION('',(0.,-1.,0.));
#2717=DIRECTION('',(0.,0.,-1.));
#2718=DIRECTION('',(0.,1.,0.));
#2719=DIRECTION('',(0.,-1.,0.));
#2720=DIRECTION('',(0.,0.,-1.));
#2721=DIRECTION('',(0.,-1.,0.));
#2722=DIRECTION('',(0.,-1.,0.));
#2723=DIRECTION('',(0.,0.,-1.));
#2724=DIRECTION('',(0.,-1.,0.));
#2725=DIRECTION('',(0.,0.,-1.));
#2726=DIRECTION('',(0.,1.,0.));
#2727=DIRECTION('',(0.,-1.,0.));
#2728=DIRECTION('',(0.,0.,-1.));
#2729=DIRECTION('',(0.,-1.,0.));
#2730=DIRECTION('',(0.,-1.,0.));
#2731=DIRECTION('',(0.,0.,-1.));
#2732=DIRECTION('',(0.,-1.,0.));
#2733=DIRECTION('',(0.,0.,-1.));
#2734=DIRECTION('',(0.,1.,0.));
#2735=DIRECTION('',(0.,-1.,0.));
#2736=DIRECTION('',(0.,0.,-1.));
#2737=DIRECTION('',(0.,-1.,0.));
#2738=DIRECTION('',(0.,-1.,0.));
#2739=DIRECTION('',(0.,0.,-1.));
#2740=DIRECTION('',(0.,-1.,0.));
#2741=DIRECTION('',(0.,0.,-1.));
#2742=DIRECTION('',(0.,1.,0.));
#2743=DIRECTION('',(0.,-1.,0.));
#2744=DIRECTION('',(0.,0.,-1.));
#2745=DIRECTION('',(0.,-1.,0.));
#2746=DIRECTION('',(0.,-1.,0.));
#2747=DIRECTION('',(0.,0.,-1.));
#2748=DIRECTION('',(0.,-1.,0.));
#2749=DIRECTION('',(0.,0.,-1.));
#2750=DIRECTION('',(0.,1.,0.));
#2751=DIRECTION('',(0.,-1.,0.));
#2752=DIRECTION('',(0.,0.,-1.));
#2753=DIRECTION('',(0.,-1.,0.));
#2754=DIRECTION('',(0.,-1.,0.));
#2755=DIRECTION('',(0.,0.,-1.));
#2756=DIRECTION('',(0.,-1.,0.));
#2757=DIRECTION('',(0.,0.,-1.));
#2758=DIRECTION('',(0.,-1.,0.));
#2759=DIRECTION('',(0.,0.,1.));
#2760=DIRECTION('',(0.,-1.,0.));
#2761=DIRECTION('',(0.,0.,-1.));
#2762=DIRECTION('',(0.,1.,0.));
#2763=DIRECTION('',(0.,0.,1.));
#2764=DIRECTION('',(0.,1.,0.));
#2765=DIRECTION('',(0.,0.,1.));
#2766=DIRECTION('',(0.,-1.,0.));
#2767=DIRECTION('',(0.,0.,-1.));
#2768=DIRECTION('',(0.,-1.,0.));
#2769=DIRECTION('',(0.,0.,1.));
#2770=DIRECTION('',(0.,-1.,0.));
#2771=DIRECTION('',(0.,0.,-1.));
#2772=DIRECTION('',(0.,1.,0.));
#2773=DIRECTION('',(0.,0.,1.));
#2774=DIRECTION('',(0.,1.,0.));
#2775=DIRECTION('',(0.,0.,1.));
#2776=DIRECTION('',(0.,-1.,0.));
#2777=DIRECTION('',(0.,0.,-1.));
#2778=DIRECTION('',(0.,-1.,0.));
#2779=DIRECTION('',(0.,0.,1.));
#2780=DIRECTION('',(0.,-1.,0.));
#2781=DIRECTION('',(0.,0.,-1.));
#2782=DIRECTION('',(0.,1.,0.));
#2783=DIRECTION('',(0.,0.,1.));
#2784=DIRECTION('',(0.,1.,0.));
#2785=DIRECTION('',(0.,0.,1.));
#2786=DIRECTION('',(0.,-1.,0.));
#2787=DIRECTION('',(0.,0.,-1.));
#2788=DIRECTION('',(0.,-1.,0.));
#2789=DIRECTION('',(0.,0.,1.));
#2790=DIRECTION('',(0.,-1.,0.));
#2791=DIRECTION('',(0.,0.,-1.));
#2792=DIRECTION('',(0.,1.,0.));
#2793=DIRECTION('',(0.,0.,1.));
#2794=DIRECTION('',(0.,1.,0.));
#2795=DIRECTION('',(0.,0.,1.));
#2796=DIRECTION('',(0.,-1.,0.));
#2797=DIRECTION('',(0.,0.,-1.));
#2798=DIRECTION('',(0.,-1.,0.));
#2799=DIRECTION('',(0.,0.,1.));
#2800=DIRECTION('',(0.,-1.,0.));
#2801=DIRECTION('',(0.,0.,-1.));
#2802=DIRECTION('',(0.,1.,0.));
#2803=DIRECTION('',(0.,0.,1.));
#2804=DIRECTION('',(0.,1.,0.));
#2805=DIRECTION('',(0.,0.,1.));
#2806=DIRECTION('',(0.,-1.,0.));
#2807=DIRECTION('',(0.,0.,-1.));
#2808=DIRECTION('',(0.,-1.,0.));
#2809=DIRECTION('',(0.,0.,1.));
#2810=DIRECTION('',(0.,-1.,0.));
#2811=DIRECTION('',(0.,0.,-1.));
#2812=DIRECTION('',(0.,1.,0.));
#2813=DIRECTION('',(0.,0.,1.));
#2814=DIRECTION('',(0.,1.,0.));
#2815=DIRECTION('',(0.,0.,1.));
#2816=DIRECTION('',(0.,-1.,0.));
#2817=DIRECTION('',(0.,0.,-1.));
#2818=DIRECTION('',(0.,-1.,0.));
#2819=DIRECTION('',(0.,0.,1.));
#2820=DIRECTION('',(0.,-1.,0.));
#2821=DIRECTION('',(0.,0.,-1.));
#2822=DIRECTION('',(0.,1.,0.));
#2823=DIRECTION('',(0.,0.,1.));
#2824=DIRECTION('',(0.,1.,0.));
#2825=DIRECTION('',(0.,0.,1.));
#2826=DIRECTION('',(0.,-1.,0.));
#2827=DIRECTION('',(0.,0.,-1.));
#2828=DIRECTION('',(0.,-1.,0.));
#2829=DIRECTION('',(0.,0.,1.));
#2830=DIRECTION('',(0.,-1.,0.));
#2831=DIRECTION('',(0.,0.,-1.));
#2832=DIRECTION('',(0.,1.,0.));
#2833=DIRECTION('',(0.,0.,1.));
#2834=DIRECTION('',(0.,1.,0.));
#2835=DIRECTION('',(0.,0.,1.));
#2836=DIRECTION('',(0.,-1.,0.));
#2837=DIRECTION('',(0.,0.,-1.));
#2838=DIRECTION('',(0.,-1.,0.));
#2839=DIRECTION('',(0.,0.,1.));
#2840=DIRECTION('',(0.,-1.,0.));
#2841=DIRECTION('',(0.,0.,-1.));
#2842=DIRECTION('',(0.,1.,0.));
#2843=DIRECTION('',(0.,0.,1.));
#2844=DIRECTION('',(0.,1.,0.));
#2845=DIRECTION('',(0.,0.,1.));
#2846=DIRECTION('',(0.,-1.,0.));
#2847=DIRECTION('',(0.,0.,-1.));
#2848=DIRECTION('',(0.,-1.,0.));
#2849=DIRECTION('',(0.,0.,1.));
#2850=DIRECTION('',(0.,-1.,0.));
#2851=DIRECTION('',(0.,0.,-1.));
#2852=DIRECTION('',(0.,1.,0.));
#2853=DIRECTION('',(0.,0.,1.));
#2854=DIRECTION('',(0.,1.,0.));
#2855=DIRECTION('',(0.,0.,1.));
#2856=DIRECTION('',(0.,-1.,0.));
#2857=DIRECTION('',(0.,0.,-1.));
#2858=DIRECTION('',(0.,-1.,0.));
#2859=DIRECTION('',(0.,0.,1.));
#2860=DIRECTION('',(0.,-1.,0.));
#2861=DIRECTION('',(0.,0.,-1.));
#2862=DIRECTION('',(0.,1.,0.));
#2863=DIRECTION('',(0.,0.,1.));
#2864=DIRECTION('',(0.,1.,0.));
#2865=DIRECTION('',(0.,0.,1.));
#2866=DIRECTION('',(0.,-1.,0.));
#2867=DIRECTION('',(0.,0.,-1.));
#2868=DIRECTION('',(0.,-1.,0.));
#2869=DIRECTION('',(0.,0.,-1.));
#2870=DIRECTION('',(0.,-1.,0.));
#2871=DIRECTION('',(0.,0.,-1.));
#2872=DIRECTION('',(0.,-1.,0.));
#2873=DIRECTION('',(0.,0.,-1.));
#2874=DIRECTION('',(0.,-1.,0.));
#2875=DIRECTION('',(0.,0.,-1.));
#2876=DIRECTION('',(0.,-1.,0.));
#2877=DIRECTION('',(0.,0.,-1.));
#2878=DIRECTION('',(0.,-1.,0.));
#2879=DIRECTION('',(0.,0.,-1.));
#2880=DIRECTION('',(0.,-1.,0.));
#2881=DIRECTION('',(0.,0.,-1.));
#2882=DIRECTION('',(0.,-1.,0.));
#2883=DIRECTION('',(0.,0.,-1.));
#2884=DIRECTION('',(0.,-1.,0.));
#2885=DIRECTION('',(0.,0.,-1.));
#2886=DIRECTION('',(0.,-1.,0.));
#2887=DIRECTION('',(0.,0.,-1.));
#2888=DIRECTION('',(0.,-1.,0.));
#2889=DIRECTION('',(0.,0.,-1.));
#2890=DIRECTION('',(0.,-1.,0.));
#2891=DIRECTION('',(0.,-1.,0.));
#2892=DIRECTION('',(0.,0.,-1.));
#2893=DIRECTION('',(0.,1.,0.));
#2894=DIRECTION('',(0.,-1.,0.));
#2895=DIRECTION('',(0.,0.,-1.));
#2896=DIRECTION('',(0.,-1.,0.));
#2897=DIRECTION('',(0.,0.,-1.));
#2898=DIRECTION('',(0.,1.,0.));
#2899=DIRECTION('',(1.,0.,6.93889390390723E-17));
#2900=DIRECTION('',(0.,1.,0.));
#2901=DIRECTION('',(0.,0.,1.));
#2902=DIRECTION('',(0.,1.,0.));
#2903=DIRECTION('',(0.,0.,1.));
#2904=DIRECTION('',(0.,-1.,0.));
#2905=DIRECTION('',(0.866025403784436,0.,0.500000000000004));
#2906=DIRECTION('',(0.,-1.,0.));
#2907=DIRECTION('',(0.866025403784436,0.,0.500000000000004));
#2908=DIRECTION('',(0.,1.,0.));
#2909=DIRECTION('',(0.866025403784436,0.,0.500000000000004));
#2910=DIRECTION('',(0.,1.,0.));
#2911=DIRECTION('',(0.,0.,1.));
#2912=DIRECTION('',(0.,1.,0.));
#2913=DIRECTION('',(0.,0.,1.));
#2914=DIRECTION('',(0.,-1.,0.));
#2915=DIRECTION('',(0.499999999999996,0.,0.866025403784441));
#2916=DIRECTION('',(0.,-1.,0.));
#2917=DIRECTION('',(0.499999999999996,0.,0.866025403784441));
#2918=DIRECTION('',(0.,1.,0.));
#2919=DIRECTION('',(0.499999999999996,0.,0.866025403784441));
#2920=DIRECTION('',(0.,1.,0.));
#2921=DIRECTION('',(0.,0.,1.));
#2922=DIRECTION('',(0.,1.,0.));
#2923=DIRECTION('',(0.,0.,1.));
#2924=DIRECTION('',(0.,-1.,0.));
#2925=DIRECTION('',(-3.70074341541719E-15,0.,1.));
#2926=DIRECTION('',(0.,-1.,0.));
#2927=DIRECTION('',(-3.67517835871524E-15,0.,1.));
#2928=DIRECTION('',(0.,1.,0.));
#2929=DIRECTION('',(-3.81639164714898E-15,0.,1.));
#2930=DIRECTION('',(0.,1.,0.));
#2931=DIRECTION('',(0.,0.,1.));
#2932=DIRECTION('',(0.,1.,0.));
#2933=DIRECTION('',(0.,0.,1.));
#2934=DIRECTION('',(0.,-1.,0.));
#2935=DIRECTION('',(-0.500000000000003,0.,0.866025403784437));
#2936=DIRECTION('',(0.,-1.,0.));
#2937=DIRECTION('',(-0.500000000000003,0.,0.866025403784437));
#2938=DIRECTION('',(0.,1.,0.));
#2939=DIRECTION('',(-0.500000000000003,0.,0.866025403784437));
#2940=DIRECTION('',(0.,1.,0.));
#2941=DIRECTION('',(0.,0.,1.));
#2942=DIRECTION('',(0.,1.,0.));
#2943=DIRECTION('',(0.,0.,1.));
#2944=DIRECTION('',(0.,-1.,0.));
#2945=DIRECTION('',(-0.86602540378444,0.,0.499999999999998));
#2946=DIRECTION('',(0.,-1.,0.));
#2947=DIRECTION('',(-0.86602540378444,0.,0.499999999999998));
#2948=DIRECTION('',(0.,1.,0.));
#2949=DIRECTION('',(-0.86602540378444,0.,0.499999999999997));
#2950=DIRECTION('',(0.,1.,0.));
#2951=DIRECTION('',(0.,0.,1.));
#2952=DIRECTION('',(0.,1.,0.));
#2953=DIRECTION('',(0.,0.,1.));
#2954=DIRECTION('',(0.,-1.,0.));
#2955=DIRECTION('',(-1.,0.,-2.31296463463574E-15));
#2956=DIRECTION('',(0.,-1.,0.));
#2957=DIRECTION('',(-1.,0.,-2.28167838920768E-15));
#2958=DIRECTION('',(0.,1.,0.));
#2959=DIRECTION('',(-1.,0.,-2.42861286636753E-15));
#2960=DIRECTION('',(0.,1.,0.));
#2961=DIRECTION('',(0.,0.,1.));
#2962=DIRECTION('',(0.,1.,0.));
#2963=DIRECTION('',(0.,0.,1.));
#2964=DIRECTION('',(0.,-1.,0.));
#2965=DIRECTION('',(-0.866025403784438,0.,-0.500000000000002));
#2966=DIRECTION('',(0.,-1.,0.));
#2967=DIRECTION('',(-0.866025403784438,0.,-0.500000000000002));
#2968=DIRECTION('',(0.,1.,0.));
#2969=DIRECTION('',(-0.866025403784438,0.,-0.500000000000002));
#2970=DIRECTION('',(0.,1.,0.));
#2971=DIRECTION('',(0.,0.,1.));
#2972=DIRECTION('',(0.,1.,0.));
#2973=DIRECTION('',(0.,0.,1.));
#2974=DIRECTION('',(0.,-1.,0.));
#2975=DIRECTION('',(-0.499999999999999,0.,-0.866025403784439));
#2976=DIRECTION('',(0.,-1.,0.));
#2977=DIRECTION('',(-0.499999999999999,0.,-0.866025403784439));
#2978=DIRECTION('',(0.,1.,0.));
#2979=DIRECTION('',(-0.499999999999999,0.,-0.866025403784439));
#2980=DIRECTION('',(0.,1.,0.));
#2981=DIRECTION('',(0.,0.,1.));
#2982=DIRECTION('',(0.,1.,0.));
#2983=DIRECTION('',(0.,0.,1.));
#2984=DIRECTION('',(0.,-1.,0.));
#2985=DIRECTION('',(1.1234399653945E-15,0.,-1.));
#2986=DIRECTION('',(0.,-1.,0.));
#2987=DIRECTION('',(1.11022302462516E-15,0.,-1.));
#2988=DIRECTION('',(0.,1.,0.));
#2989=DIRECTION('',(1.2490009027033E-15,0.,-1.));
#2990=DIRECTION('',(0.,1.,0.));
#2991=DIRECTION('',(0.,0.,1.));
#2992=DIRECTION('',(0.,1.,0.));
#2993=DIRECTION('',(0.,0.,0.999999999999999));
#2994=DIRECTION('',(0.,-1.,0.));
#2995=DIRECTION('',(0.500000000000001,0.,-0.866025403784438));
#2996=DIRECTION('',(0.,-1.,0.));
#2997=DIRECTION('',(0.500000000000001,0.,-0.866025403784438));
#2998=DIRECTION('',(0.,1.,0.));
#2999=DIRECTION('',(0.500000000000001,0.,-0.866025403784438));
#3000=DIRECTION('',(0.,1.,0.));
#3001=DIRECTION('',(0.,0.,1.));
#3002=DIRECTION('',(0.,1.,0.));
#3003=DIRECTION('',(0.,0.,1.));
#3004=DIRECTION('',(0.,-1.,0.));
#3005=DIRECTION('',(0.866025403784439,0.,-0.5));
#3006=DIRECTION('',(0.,-1.,0.));
#3007=DIRECTION('',(0.866025403784439,0.,-0.5));
#3008=DIRECTION('',(0.,1.,0.));
#3009=DIRECTION('',(0.866025403784439,0.,-0.5));
#3010=DIRECTION('',(0.,1.,0.));
#3011=DIRECTION('',(0.,0.,1.));
#3012=DIRECTION('',(0.,1.,0.));
#3013=DIRECTION('',(0.,0.,1.));
#3014=DIRECTION('',(0.,-1.,0.));
#3015=DIRECTION('',(1.,0.,-6.60847038467355E-17));
#3016=DIRECTION('',(0.,-1.,0.));
#3017=DIRECTION('',(1.,0.,-6.12323399573677E-17));
#3018=DIRECTION('',(0.,1.,0.));
#3019=DIRECTION('',(0.,0.,1.));
#3020=DIRECTION('',(0.,1.,0.));
#3021=DIRECTION('',(0.,0.,-1.));
#3022=DIRECTION('',(0.,-1.,0.));
#3023=DIRECTION('',(0.,0.,-1.));
#3024=DIRECTION('',(0.,1.,0.));
#3025=DIRECTION('',(0.,0.,-1.));
#3026=DIRECTION('',(0.,-1.,0.));
#3027=DIRECTION('',(0.,0.,-1.));
#3028=DIRECTION('',(0.,-1.,0.));
#3029=DIRECTION('',(0.,0.,-1.));
#3030=DIRECTION('',(0.,-1.,0.));
#3031=DIRECTION('',(0.,0.,-1.));
#3032=DIRECTION('',(0.,1.,0.));
#3033=DIRECTION('',(0.,0.,-1.));
#3034=DIRECTION('',(0.,-1.,0.));
#3035=DIRECTION('',(0.,0.,-1.));
#3036=DIRECTION('',(0.,-1.,0.));
#3037=DIRECTION('',(0.,0.,-1.));
#3038=DIRECTION('',(0.,-1.,0.));
#3039=DIRECTION('',(0.,0.,-1.));
#3040=DIRECTION('',(0.,-1.,0.));
#3041=DIRECTION('',(0.,0.,-1.));
#3042=DIRECTION('',(0.,-1.,0.));
#3043=DIRECTION('',(0.,0.,-1.));
#3044=DIRECTION('',(0.,-1.,0.));
#3045=DIRECTION('',(0.,-1.,0.));
#3046=DIRECTION('',(0.,-1.,0.));
#3047=DIRECTION('',(0.,-1.,0.));
#3048=DIRECTION('',(0.,-1.,0.));
#3049=DIRECTION('',(0.,-1.,0.));
#3050=DIRECTION('',(0.,-1.,0.));
#3051=DIRECTION('',(0.,-1.,0.));
#3052=DIRECTION('',(0.,-1.,0.));
#3053=DIRECTION('',(0.,-1.,0.));
#3054=DIRECTION('',(0.,-1.,0.));
#3055=DIRECTION('',(0.,-1.,0.));
#3056=DIRECTION('',(0.,-1.,0.));
#3057=DIRECTION('',(0.,-1.,0.));
#3058=DIRECTION('',(0.,-1.,0.));
#3059=DIRECTION('',(0.,-1.,0.));
#3060=DIRECTION('',(0.,-1.,0.));
#3061=DIRECTION('',(0.,-1.,0.));
#3062=DIRECTION('',(0.,-1.,0.));
#3063=DIRECTION('',(0.,-1.,0.));
#3064=DIRECTION('',(0.,-1.,0.));
#3065=DIRECTION('',(0.,-1.,0.));
#3066=DIRECTION('',(0.,-1.,0.));
#3067=DIRECTION('',(0.,-1.,0.));
#3068=DIRECTION('',(0.,-1.,0.));
#3069=DIRECTION('',(0.,0.,-1.));
#3070=DIRECTION('',(0.,1.,0.));
#3071=DIRECTION('',(0.,0.,1.));
#3072=DIRECTION('',(0.,-1.,0.));
#3073=DIRECTION('',(0.,0.,-1.));
#3074=DIRECTION('',(0.,-1.,0.));
#3075=DIRECTION('',(0.,0.,1.));
#3076=DIRECTION('',(0.,1.,0.));
#3077=DIRECTION('',(0.,0.,1.));
#3078=DIRECTION('',(0.,-1.,0.));
#3079=DIRECTION('',(0.,0.,-1.));
#3080=DIRECTION('',(0.,1.,0.));
#3081=DIRECTION('',(0.,0.,1.));
#3082=DIRECTION('',(0.,-1.,0.));
#3083=DIRECTION('',(0.,-1.,0.));
#3084=DIRECTION('',(0.,0.,-1.));
#3085=DIRECTION('',(0.,1.,0.));
#3086=DIRECTION('',(0.,-1.,0.));
#3087=DIRECTION('',(0.,0.,1.));
#3088=DIRECTION('',(0.,-1.,0.));
#3089=DIRECTION('',(0.,0.,-1.));
#3090=DIRECTION('',(0.,-1.,0.));
#3091=DIRECTION('',(0.,0.,-1.));
#3092=DIRECTION('',(0.,-1.,0.));
#3093=DIRECTION('',(0.,0.,-1.));
#3094=DIRECTION('',(0.402462970215528,-6.35211512744763E-15,-0.915436266271604));
#3095=DIRECTION('',(-0.915436266271604,0.,-0.402462970215525));
#3096=DIRECTION('',(0.,1.,0.));
#3097=DIRECTION('',(0.,0.,1.));
#3098=DIRECTION('',(-0.373803613407415,0.,0.92750787522455));
#3099=DIRECTION('',(0.92750787522455,0.,0.373803613407414));
#3100=DIRECTION('',(0.,1.,0.));
#3101=DIRECTION('',(0.,0.,1.));
#3102=DIRECTION('',(0.,1.,0.));
#3103=DIRECTION('',(0.,0.,1.));
#3104=DIRECTION('',(0.,1.,0.));
#3105=DIRECTION('',(0.,0.,1.));
#3106=DIRECTION('',(0.,1.,0.));
#3107=DIRECTION('',(0.,0.,1.));
#3108=DIRECTION('',(0.,-1.,0.));
#3109=DIRECTION('',(0.,-1.,0.));
#3110=DIRECTION('',(-0.5,0.,-0.866025403784439));
#3111=DIRECTION('',(0.,1.,0.));
#3112=DIRECTION('',(0.,-1.,0.));
#3113=DIRECTION('',(0.,0.,1.));
#3114=DIRECTION('',(0.,-1.,0.));
#3115=DIRECTION('',(-0.5,0.,-0.866025403784439));
#3116=DIRECTION('',(0.,1.,0.));
#3117=DIRECTION('',(0.,0.,1.));
#3118=DIRECTION('',(0.,-1.,0.));
#3119=DIRECTION('',(0.,-1.,0.));
#3120=DIRECTION('',(0.500000000000004,0.,-0.866025403784436));
#3121=DIRECTION('',(0.,1.,0.));
#3122=DIRECTION('',(0.,-1.,0.));
#3123=DIRECTION('',(0.,0.,1.));
#3124=DIRECTION('',(0.,-1.,0.));
#3125=DIRECTION('',(0.500000000000004,0.,-0.866025403784436));
#3126=DIRECTION('',(0.,1.,0.));
#3127=DIRECTION('',(0.,0.,1.));
#3128=DIRECTION('',(0.,-1.,0.));
#3129=DIRECTION('',(0.,-1.,0.));
#3130=DIRECTION('',(0.866025403784441,0.,-0.499999999999996));
#3131=DIRECTION('',(0.,1.,0.));
#3132=DIRECTION('',(0.,-1.,0.));
#3133=DIRECTION('',(0.,0.,1.));
#3134=DIRECTION('',(0.,-1.,0.));
#3135=DIRECTION('',(0.866025403784441,0.,-0.499999999999996));
#3136=DIRECTION('',(0.,1.,0.));
#3137=DIRECTION('',(0.,0.,1.));
#3138=DIRECTION('',(0.,-1.,0.));
#3139=DIRECTION('',(0.,-1.,0.));
#3140=DIRECTION('',(-1.,0.,-1.11022302462516E-15));
#3141=DIRECTION('',(0.,1.,0.));
#3142=DIRECTION('',(0.,-1.,0.));
#3143=DIRECTION('',(0.,0.,1.));
#3144=DIRECTION('',(0.,-1.,0.));
#3145=DIRECTION('',(-1.,0.,-1.18952466924124E-15));
#3146=DIRECTION('',(0.,1.,0.));
#3147=DIRECTION('',(0.,0.,1.));
#3148=DIRECTION('',(0.,-1.,0.));
#3149=DIRECTION('',(0.,-1.,0.));
#3150=DIRECTION('',(-0.866025403784438,0.,-0.500000000000001));
#3151=DIRECTION('',(0.,1.,0.));
#3152=DIRECTION('',(0.,-1.,0.));
#3153=DIRECTION('',(0.,0.,1.));
#3154=DIRECTION('',(0.,-1.,0.));
#3155=DIRECTION('',(-0.866025403784438,0.,-0.500000000000001));
#3156=DIRECTION('',(0.,1.,0.));
#3157=DIRECTION('',(0.,0.,1.));
#3158=DIRECTION('',(0.,-1.,0.));
#3159=DIRECTION('',(0.,-1.,0.));
#3160=DIRECTION('',(-0.866025403784439,0.,0.499999999999999));
#3161=DIRECTION('',(0.,1.,0.));
#3162=DIRECTION('',(0.,-1.,0.));
#3163=DIRECTION('',(0.,0.,1.));
#3164=DIRECTION('',(0.,-1.,0.));
#3165=DIRECTION('',(-0.866025403784439,0.,0.499999999999999));
#3166=DIRECTION('',(0.,1.,0.));
#3167=DIRECTION('',(0.,0.,1.));
#3168=DIRECTION('',(0.,-1.,0.));
#3169=DIRECTION('',(0.,-1.,0.));
#3170=DIRECTION('',(-0.500000000000002,0.,0.866025403784437));
#3171=DIRECTION('',(0.,1.,0.));
#3172=DIRECTION('',(0.,-1.,0.));
#3173=DIRECTION('',(0.,0.,1.));
#3174=DIRECTION('',(0.,-1.,0.));
#3175=DIRECTION('',(-0.500000000000002,0.,0.866025403784438));
#3176=DIRECTION('',(0.,1.,0.));
#3177=DIRECTION('',(0.,0.,1.));
#3178=DIRECTION('',(0.,-1.,0.));
#3179=DIRECTION('',(0.,-1.,0.));
#3180=DIRECTION('',(-2.35922392732846E-15,0.,1.));
#3181=DIRECTION('',(0.,1.,0.));
#3182=DIRECTION('',(0.,-1.,0.));
#3183=DIRECTION('',(0.,0.,1.));
#3184=DIRECTION('',(0.,-1.,0.));
#3185=DIRECTION('',(-2.37904933848248E-15,0.,1.));
#3186=DIRECTION('',(0.,1.,0.));
#3187=DIRECTION('',(0.,0.,1.));
#3188=DIRECTION('',(0.,-1.,0.));
#3189=DIRECTION('',(0.,-1.,0.));
#3190=DIRECTION('',(0.499999999999997,0.,0.86602540378444));
#3191=DIRECTION('',(0.,1.,0.));
#3192=DIRECTION('',(0.,-1.,0.));
#3193=DIRECTION('',(0.,0.,1.));
#3194=DIRECTION('',(0.,-1.,0.));
#3195=DIRECTION('',(0.499999999999997,0.,0.86602540378444));
#3196=DIRECTION('',(0.,1.,0.));
#3197=DIRECTION('',(0.,0.,1.));
#3198=DIRECTION('',(0.,-1.,0.));
#3199=DIRECTION('',(0.,-1.,0.));
#3200=DIRECTION('',(1.,0.,3.7470027081099E-15));
#3201=DIRECTION('',(0.,1.,0.));
#3202=DIRECTION('',(0.,-1.,0.));
#3203=DIRECTION('',(0.,0.,1.));
#3204=DIRECTION('',(0.,-1.,0.));
#3205=DIRECTION('',(1.,0.,3.70074341541719E-15));
#3206=DIRECTION('',(0.,1.,0.));
#3207=DIRECTION('',(0.,0.,1.));
#3208=DIRECTION('',(0.,-1.,0.));
#3209=DIRECTION('',(0.,-1.,0.));
#3210=DIRECTION('',(0.866025403784437,0.,0.500000000000003));
#3211=DIRECTION('',(0.,1.,0.));
#3212=DIRECTION('',(0.,-1.,0.));
#3213=DIRECTION('',(0.,0.,1.));
#3214=DIRECTION('',(0.,-1.,0.));
#3215=DIRECTION('',(0.866025403784437,0.,0.500000000000003));
#3216=DIRECTION('',(0.,-1.,0.));
#3217=DIRECTION('',(0.,0.,-1.));
#3218=DIRECTION('',(0.,-1.,0.));
#3219=DIRECTION('',(0.,0.,-1.));
#3220=DIRECTION('',(0.806261289424989,-2.79728077307372E-15,-0.59155957702902));
#3221=DIRECTION('',(-0.59155957702902,0.,-0.806261289424987));
#3222=DIRECTION('',(0.,1.,0.));
#3223=DIRECTION('',(0.,0.,1.));
#3224=DIRECTION('',(0.,-1.,0.));
#3225=DIRECTION('',(0.,0.,-0.999999999999999));
#3226=DIRECTION('',(0.,-1.,0.));
#3227=DIRECTION('',(0.,0.,-1.));
#3228=DIRECTION('',(0.99402254724455,0.,-0.109174976846607));
#3229=DIRECTION('',(-0.109174976846607,0.,-0.994022547244549));
#3230=DIRECTION('',(0.,1.,0.));
#3231=DIRECTION('',(0.,0.,1.));
#3232=DIRECTION('',(0.,-1.,0.));
#3233=DIRECTION('',(0.,0.,-1.));
#3234=DIRECTION('',(0.,-1.,0.));
#3235=DIRECTION('',(0.,0.,-1.));
#3236=DIRECTION('',(0.915436266271605,-6.35211512744764E-15,0.402462970215526));
#3237=DIRECTION('',(0.402462970215525,0.,-0.915436266271605));
#3238=DIRECTION('',(0.,1.,0.));
#3239=DIRECTION('',(0.,0.,1.));
#3240=DIRECTION('',(0.,-1.,0.));
#3241=DIRECTION('',(0.,0.,-1.));
#3242=DIRECTION('',(0.,-1.,0.));
#3243=DIRECTION('',(0.,0.,-1.));
#3244=DIRECTION('',(0.591559577029018,-2.79728077307373E-15,0.806261289424991));
#3245=DIRECTION('',(0.806261289424993,0.,-0.591559577029017));
#3246=DIRECTION('',(0.,1.,0.));
#3247=DIRECTION('',(0.,0.,1.));
#3248=DIRECTION('',(0.,-1.,0.));
#3249=DIRECTION('',(0.,0.,-1.));
#3250=DIRECTION('',(0.,-1.,0.));
#3251=DIRECTION('',(0.,0.,-1.));
#3252=DIRECTION('',(0.109174976846615,0.,0.994022547244549));
#3253=DIRECTION('',(0.994022547244549,0.,-0.109174976846614));
#3254=DIRECTION('',(0.,1.,0.));
#3255=DIRECTION('',(0.,0.,1.));
#3256=DIRECTION('',(0.,-1.,0.));
#3257=DIRECTION('',(0.,0.,-1.));
#3258=DIRECTION('',(0.,-1.,0.));
#3259=DIRECTION('',(0.,0.,-1.));
#3260=DIRECTION('',(-0.402462970215526,-6.35211512744764E-15,0.915436266271605));
#3261=DIRECTION('',(0.915436266271605,0.,0.402462970215525));
#3262=DIRECTION('',(0.,1.,0.));
#3263=DIRECTION('',(0.,0.,1.));
#3264=DIRECTION('',(2.94162446844367E-15,-1.,1.84031557238337E-15));
#3265=DIRECTION('',(1.,3.46944695195361E-15,0.));
#3266=DIRECTION('',(0.,-1.,0.));
#3267=DIRECTION('',(0.,0.,-1.));
#3268=DIRECTION('',(-0.806261289424988,-2.79728077307372E-15,0.591559577029022));
#3269=DIRECTION('',(0.59155957702902,0.,0.806261289424987));
#3270=DIRECTION('',(0.,1.,0.));
#3271=DIRECTION('',(0.,0.,1.));
#3272=DIRECTION('',(0.,-1.,0.));
#3273=DIRECTION('',(0.,0.,-0.999999999999999));
#3274=DIRECTION('',(0.,-1.,0.));
#3275=DIRECTION('',(0.,0.,-1.));
#3276=DIRECTION('',(-0.994022547244549,0.,0.109174976846614));
#3277=DIRECTION('',(0.109174976846614,0.,0.994022547244549));
#3278=DIRECTION('',(0.,1.,0.));
#3279=DIRECTION('',(0.,0.,1.));
#3280=DIRECTION('',(0.,-1.,0.));
#3281=DIRECTION('',(0.,0.,-1.));
#3282=DIRECTION('',(0.,-1.,0.));
#3283=DIRECTION('',(0.,0.,-1.));
#3284=DIRECTION('',(-0.915436266271605,-6.35211512744764E-15,-0.402462970215526));
#3285=DIRECTION('',(-0.402462970215525,0.,0.915436266271605));
#3286=DIRECTION('',(0.,1.,0.));
#3287=DIRECTION('',(0.,0.,1.));
#3288=DIRECTION('',(0.,-1.,0.));
#3289=DIRECTION('',(0.,0.,-1.));
#3290=DIRECTION('',(0.,-1.,0.));
#3291=DIRECTION('',(0.,0.,-1.));
#3292=DIRECTION('',(-0.591559577029021,-2.79728077307372E-15,-0.806261289424989));
#3293=DIRECTION('',(-0.806261289424987,0.,0.59155957702902));
#3294=DIRECTION('',(0.,1.,0.));
#3295=DIRECTION('',(0.,0.,1.));
#3296=DIRECTION('',(0.,-1.,0.));
#3297=DIRECTION('',(0.,0.,-1.));
#3298=DIRECTION('',(0.,-1.,0.));
#3299=DIRECTION('',(0.,0.,-1.));
#3300=DIRECTION('',(-0.109174976846622,-6.89741699342153E-15,-0.994022547244548));
#3301=DIRECTION('',(-0.994022547244549,0.,0.109174976846621));
#3302=DIRECTION('',(0.,1.,0.));
#3303=DIRECTION('',(0.,0.,1.));
#3304=DIRECTION('',(-0.787477362849518,0.,0.616343575450874));
#3305=DIRECTION('',(0.616343575450876,0.,0.787477362849516));
#3306=DIRECTION('',(0.,1.,0.));
#3307=DIRECTION('',(0.,0.,1.));
#3308=DIRECTION('',(0.,1.,0.));
#3309=DIRECTION('',(0.,0.,1.));
#3310=DIRECTION('',(0.,1.,0.));
#3311=DIRECTION('',(0.,0.,1.));
#3312=DIRECTION('',(-0.990147188858296,0.,0.14003051237503));
#3313=DIRECTION('',(0.140030512375031,0.,0.990147188858297));
#3314=DIRECTION('',(0.,1.,0.));
#3315=DIRECTION('',(0.,0.,1.));
#3316=DIRECTION('',(0.,1.,0.));
#3317=DIRECTION('',(0.,0.,1.));
#3318=DIRECTION('',(0.,1.,0.));
#3319=DIRECTION('',(0.,0.,1.));
#3320=DIRECTION('',(-0.927507875224551,0.,-0.373803613407413));
#3321=DIRECTION('',(-0.373803613407414,0.,0.927507875224551));
#3322=DIRECTION('',(0.,1.,0.));
#3323=DIRECTION('',(0.,0.,1.));
#3324=DIRECTION('',(0.,1.,0.));
#3325=DIRECTION('',(0.,0.,1.));
#3326=DIRECTION('',(0.,1.,0.));
#3327=DIRECTION('',(0.,0.,1.));
#3328=DIRECTION('',(-0.616343575450881,0.,-0.787477362849513));
#3329=DIRECTION('',(-0.787477362849516,0.,0.61634357545088));
#3330=DIRECTION('',(0.,1.,0.));
#3331=DIRECTION('',(0.,0.,1.));
#3332=DIRECTION('',(0.,1.,0.));
#3333=DIRECTION('',(0.,0.,0.999999999999999));
#3334=DIRECTION('',(0.,1.,0.));
#3335=DIRECTION('',(0.,0.,1.));
#3336=DIRECTION('',(-0.14003051237503,0.,-0.990147188858296));
#3337=DIRECTION('',(-0.990147188858297,0.,0.140030512375031));
#3338=DIRECTION('',(0.,1.,0.));
#3339=DIRECTION('',(0.,0.,1.));
#3340=DIRECTION('',(0.,1.,0.));
#3341=DIRECTION('',(0.,0.,1.));
#3342=DIRECTION('',(0.,1.,0.));
#3343=DIRECTION('',(0.,0.,1.));
#3344=DIRECTION('',(0.373803613407415,0.,-0.92750787522455));
#3345=DIRECTION('',(-0.92750787522455,0.,-0.373803613407414));
#3346=DIRECTION('',(0.,1.,0.));
#3347=DIRECTION('',(0.,0.,1.));
#3348=DIRECTION('',(0.,1.,0.));
#3349=DIRECTION('',(0.,0.,1.));
#3350=DIRECTION('',(0.,1.,0.));
#3351=DIRECTION('',(0.,0.,1.));
#3352=DIRECTION('',(0.787477362849515,0.,-0.616343575450879));
#3353=DIRECTION('',(-0.61634357545088,0.,-0.787477362849516));
#3354=DIRECTION('',(0.,1.,0.));
#3355=DIRECTION('',(0.,0.,1.));
#3356=DIRECTION('',(-3.2251247213665E-15,1.,-1.36616410523674E-15));
#3357=DIRECTION('',(-1.,-3.46944695195361E-15,0.));
#3358=DIRECTION('',(0.,1.,0.));
#3359=DIRECTION('',(0.,0.,1.));
#3360=DIRECTION('',(0.990147188858296,0.,-0.140030512375031));
#3361=DIRECTION('',(-0.140030512375031,0.,-0.990147188858297));
#3362=DIRECTION('',(0.,1.,0.));
#3363=DIRECTION('',(0.,0.,1.));
#3364=DIRECTION('',(0.,1.,0.));
#3365=DIRECTION('',(0.,0.,1.));
#3366=DIRECTION('',(0.,1.,0.));
#3367=DIRECTION('',(0.,0.,1.));
#3368=DIRECTION('',(0.92750787522455,0.,0.373803613407415));
#3369=DIRECTION('',(0.373803613407414,0.,-0.92750787522455));
#3370=DIRECTION('',(0.,1.,0.));
#3371=DIRECTION('',(0.,0.,1.));
#3372=DIRECTION('',(0.,1.,0.));
#3373=DIRECTION('',(0.,0.,1.));
#3374=DIRECTION('',(0.,1.,0.));
#3375=DIRECTION('',(0.,0.,1.));
#3376=DIRECTION('',(0.616343575450877,0.,0.787477362849517));
#3377=DIRECTION('',(0.787477362849516,0.,-0.616343575450876));
#3378=DIRECTION('',(0.,1.,0.));
#3379=DIRECTION('',(0.,0.,1.));
#3380=DIRECTION('',(0.,1.,0.));
#3381=DIRECTION('',(0.,0.,0.999999999999999));
#3382=DIRECTION('',(0.,1.,0.));
#3383=DIRECTION('',(0.,0.,0.999999999999999));
#3384=DIRECTION('',(0.14003051237503,0.,0.990147188858296));
#3385=DIRECTION('',(0.990147188858297,0.,-0.140030512375031));
#3386=DIRECTION('',(0.,1.,0.));
#3387=DIRECTION('',(0.,0.,1.));
#3388=DIRECTION('',(0.,1.,0.));
#3389=DIRECTION('',(0.,0.,1.));
#3390=DIRECTION('',(0.,1.,0.));
#3391=DIRECTION('',(0.,0.,1.));
#3392=DIRECTION('',(0.,-1.,0.));
#3393=DIRECTION('',(0.,3.8301721607432E-17,-1.));
#3394=DIRECTION('',(0.,-1.,0.));
#3395=DIRECTION('',(0.,-1.94475726006369E-17,-1.));
#3396=DIRECTION('',(0.,1.,0.));
#3397=DIRECTION('',(0.,-2.965482472937E-18,1.));
#3398=CARTESIAN_POINT('',(0.,0.,0.));
#3399=CARTESIAN_POINT('',(0.,-80.,0.));
#3400=CARTESIAN_POINT('',(-46.6270771017544,-80.,-29.1704590458747));
#3401=CARTESIAN_POINT('',(-33.1323724105853,-80.,-43.9004088642269));
#3402=CARTESIAN_POINT('',(-46.6270771017544,0.,-29.1704590458747));
#3403=CARTESIAN_POINT('',(-46.6270771017544,-55.0000000000003,-29.1704590458747));
#3404=CARTESIAN_POINT('',(0.,-55.0000000000003,0.));
#3405=CARTESIAN_POINT('',(-33.1323724105853,-55.0000000000003,-43.9004088642268));
#3406=CARTESIAN_POINT('',(-33.1323724105853,0.,-43.9004088642269));
#3407=CARTESIAN_POINT('',(0.,0.,0.));
#3408=CARTESIAN_POINT('',(0.,-80.,0.));
#3409=CARTESIAN_POINT('',(-54.9654627972724,-80.,-1.9488200229039));
#3410=CARTESIAN_POINT('',(-50.643680627327,-80.,-21.4526831076513));
#3411=CARTESIAN_POINT('',(-54.9654627972724,0.,-1.9488200229039));
#3412=CARTESIAN_POINT('',(-54.9654627972724,-55.0000000000003,-1.94882002290392));
#3413=CARTESIAN_POINT('',(0.,-55.0000000000003,0.));
#3414=CARTESIAN_POINT('',(-50.643680627327,-55.0000000000003,-21.4526831076513));
#3415=CARTESIAN_POINT('',(-50.643680627327,0.,-21.4526831076513));
#3416=CARTESIAN_POINT('',(0.,0.,0.));
#3417=CARTESIAN_POINT('',(0.,-80.,0.));
#3418=CARTESIAN_POINT('',(-25.7950037513977,-80.,-48.5758971246583));
#3419=CARTESIAN_POINT('',(-6.74327176310018,-80.,-54.5850555182367));
#3420=CARTESIAN_POINT('',(-25.7950037513977,0.,-48.5758971246583));
#3421=CARTESIAN_POINT('',(-25.7950037513977,-55.0000000000003,-48.5758971246583));
#3422=CARTESIAN_POINT('',(0.,-55.0000000000003,0.));
#3423=CARTESIAN_POINT('',(-6.74327176310018,-55.0000000000003,-54.5850555182367));
#3424=CARTESIAN_POINT('',(-6.74327176310018,0.,-54.5850555182367));
#3425=CARTESIAN_POINT('',(0.,0.,0.));
#3426=CARTESIAN_POINT('',(0.,-80.,0.));
#3427=CARTESIAN_POINT('',(1.94882002290383,-80.,-54.9654627972724));
#3428=CARTESIAN_POINT('',(21.4526831076513,-80.,-50.643680627327));
#3429=CARTESIAN_POINT('',(1.94882002290383,0.,-54.9654627972724));
#3430=CARTESIAN_POINT('',(1.94882002290382,-55.0000000000003,-54.9654627972724));
#3431=CARTESIAN_POINT('',(0.,-55.0000000000003,0.));
#3432=CARTESIAN_POINT('',(21.4526831076513,-55.0000000000003,-50.643680627327));
#3433=CARTESIAN_POINT('',(21.4526831076513,0.,-50.643680627327));
#3434=CARTESIAN_POINT('',(0.,0.,0.));
#3435=CARTESIAN_POINT('',(0.,-80.,0.));
#3436=CARTESIAN_POINT('',(29.1704590458747,-80.,-46.6270771017544));
#3437=CARTESIAN_POINT('',(43.9004088642268,-80.,-33.1323724105854));
#3438=CARTESIAN_POINT('',(29.1704590458747,0.,-46.6270771017544));
#3439=CARTESIAN_POINT('',(29.1704590458747,-55.0000000000003,-46.6270771017544));
#3440=CARTESIAN_POINT('',(0.,-55.0000000000003,0.));
#3441=CARTESIAN_POINT('',(43.9004088642268,-55.0000000000003,-33.1323724105854));
#3442=CARTESIAN_POINT('',(43.9004088642268,0.,-33.1323724105854));
#3443=CARTESIAN_POINT('',(0.,0.,0.));
#3444=CARTESIAN_POINT('',(0.,-80.,0.));
#3445=CARTESIAN_POINT('',(48.5758971246582,-80.,-25.7950037513978));
#3446=CARTESIAN_POINT('',(54.5850555182367,-80.,-6.74327176310023));
#3447=CARTESIAN_POINT('',(48.5758971246582,0.,-25.7950037513978));
#3448=CARTESIAN_POINT('',(48.5758971246582,-55.0000000000003,-25.7950037513977));
#3449=CARTESIAN_POINT('',(0.,-55.0000000000003,0.));
#3450=CARTESIAN_POINT('',(54.5850555182367,-55.0000000000003,-6.74327176310024));
#3451=CARTESIAN_POINT('',(54.5850555182367,0.,-6.74327176310023));
#3452=CARTESIAN_POINT('',(0.,0.,0.));
#3453=CARTESIAN_POINT('',(0.,-80.,0.));
#3454=CARTESIAN_POINT('',(46.6270771017545,-80.,29.1704590458746));
#3455=CARTESIAN_POINT('',(33.1323724105855,-80.,43.9004088642268));
#3456=CARTESIAN_POINT('',(46.6270771017545,0.,29.1704590458746));
#3457=CARTESIAN_POINT('',(46.6270771017545,-55.0000000000003,29.1704590458746));
#3458=CARTESIAN_POINT('',(0.,-55.0000000000003,0.));
#3459=CARTESIAN_POINT('',(33.1323724105855,-55.0000000000003,43.9004088642268));
#3460=CARTESIAN_POINT('',(33.1323724105855,0.,43.9004088642268));
#3461=CARTESIAN_POINT('',(0.,0.,0.));
#3462=CARTESIAN_POINT('',(0.,-80.,0.));
#3463=CARTESIAN_POINT('',(54.9654627972724,-80.,1.94882002290377));
#3464=CARTESIAN_POINT('',(50.643680627327,-80.,21.4526831076512));
#3465=CARTESIAN_POINT('',(54.9654627972724,0.,1.94882002290377));
#3466=CARTESIAN_POINT('',(54.9654627972724,-55.0000000000003,1.94882002290376));
#3467=CARTESIAN_POINT('',(0.,-55.0000000000003,0.));
#3468=CARTESIAN_POINT('',(50.643680627327,-55.0000000000003,21.4526831076512));
#3469=CARTESIAN_POINT('',(50.643680627327,0.,21.4526831076512));
#3470=CARTESIAN_POINT('',(0.,0.,0.));
#3471=CARTESIAN_POINT('',(0.,-80.,0.));
#3472=CARTESIAN_POINT('',(-48.5758971246583,-80.,25.7950037513976));
#3473=CARTESIAN_POINT('',(-54.5850555182367,-80.,6.74327176310009));
#3474=CARTESIAN_POINT('',(-48.5758971246583,0.,25.7950037513976));
#3475=CARTESIAN_POINT('',(-48.5758971246583,-55.0000000000003,25.7950037513976));
#3476=CARTESIAN_POINT('',(0.,-55.0000000000003,0.));
#3477=CARTESIAN_POINT('',(-54.5850555182367,-55.0000000000003,6.7432717631001));
#3478=CARTESIAN_POINT('',(-54.5850555182367,0.,6.74327176310009));
#3479=CARTESIAN_POINT('',(0.,0.,0.));
#3480=CARTESIAN_POINT('',(0.,-80.,0.));
#3481=CARTESIAN_POINT('',(-29.1704590458748,-80.,46.6270771017544));
#3482=CARTESIAN_POINT('',(-43.9004088642269,-80.,33.1323724105853));
#3483=CARTESIAN_POINT('',(-29.1704590458748,0.,46.6270771017544));
#3484=CARTESIAN_POINT('',(-29.1704590458748,-55.0000000000003,46.6270771017544));
#3485=CARTESIAN_POINT('',(0.,-55.0000000000003,0.));
#3486=CARTESIAN_POINT('',(-43.9004088642269,-55.0000000000003,33.1323724105853));
#3487=CARTESIAN_POINT('',(-43.9004088642269,0.,33.1323724105853));
#3488=CARTESIAN_POINT('',(0.,0.,0.));
#3489=CARTESIAN_POINT('',(0.,-80.,0.));
#3490=CARTESIAN_POINT('',(25.7950037513978,-80.,48.5758971246582));
#3491=CARTESIAN_POINT('',(6.74327176310029,-80.,54.5850555182367));
#3492=CARTESIAN_POINT('',(25.7950037513978,0.,48.5758971246582));
#3493=CARTESIAN_POINT('',(25.7950037513978,-55.0000000000003,48.5758971246582));
#3494=CARTESIAN_POINT('',(0.,-55.0000000000003,0.));
#3495=CARTESIAN_POINT('',(6.74327176310031,-55.0000000000003,54.5850555182367));
#3496=CARTESIAN_POINT('',(6.74327176310029,0.,54.5850555182367));
#3497=CARTESIAN_POINT('',(0.,0.,0.));
#3498=CARTESIAN_POINT('',(0.,-15.0000000000003,0.));
#3499=CARTESIAN_POINT('',(-76.645003571793,-15.0000000000003,-56.1297018296002));
#3500=CARTESIAN_POINT('',(-46.8432088293936,-15.0000000000003,-82.6481323840158));
#3501=CARTESIAN_POINT('',(2.3686027918562,-15.0000000000002,-114.102540378444));
#3502=CARTESIAN_POINT('',(-95.620389163708,-15.0000000000001,-115.571368323565));
#3503=CARTESIAN_POINT('',(0.,-15.0000000000001,0.));
#3504=CARTESIAN_POINT('',(-36.6110390618722,-15.0000000000001,-145.46350682838));
#3505=CARTESIAN_POINT('',(59.1025403784441,-15.0000000000002,-97.631397208144));
#3506=CARTESIAN_POINT('',(0.,-15.0000000000002,150.));
#3507=CARTESIAN_POINT('',(0.,-15.0000000000003,0.));
#3508=CARTESIAN_POINT('',(-94.4413710811219,-15.0000000000003,-10.2872459053832));
#3509=CARTESIAN_POINT('',(-81.8914750330423,-15.0000000000003,-48.1537778052003));
#3510=CARTESIAN_POINT('',(-54.9999999999996,-15.0000000000002,-100.));
#3511=CARTESIAN_POINT('',(-140.595370297308,-15.0000000000001,-52.2775463364812));
#3512=CARTESIAN_POINT('',(0.,-15.0000000000001,0.));
#3513=CARTESIAN_POINT('',(-104.437843300716,-15.0000000000001,-107.669572706012));
#3514=CARTESIAN_POINT('',(2.36860279185621,-15.0000000000002,-114.102540378444));
#3515=CARTESIAN_POINT('',(0.,-15.0000000000002,150.));
#3516=CARTESIAN_POINT('',(0.,-15.0000000000003,0.));
#3517=CARTESIAN_POINT('',(-38.3116692515217,-15.0000000000003,-86.9322494771761));
#3518=CARTESIAN_POINT('',(0.756657350973515,-15.0000000000003,-94.9969866345938));
#3519=CARTESIAN_POINT('',(59.1025403784441,-15.0000000000002,-97.631397208144));
#3520=CARTESIAN_POINT('',(-25.0240019737432,-15.0000000000001,-147.897935500189));
#3521=CARTESIAN_POINT('',(0.,-15.0000000000001,0.));
#3522=CARTESIAN_POINT('',(41.025663527664,-15.0000000000001,-144.280611767884));
#3523=CARTESIAN_POINT('',(100.,-15.0000000000002,-54.9999999999998));
#3524=CARTESIAN_POINT('',(0.,-15.0000000000002,150.));
#3525=CARTESIAN_POINT('',(0.,-15.0000000000003,0.));
#3526=CARTESIAN_POINT('',(10.2872459053831,-15.0000000000003,-94.4413710811219));
#3527=CARTESIAN_POINT('',(48.1537778052002,-15.0000000000003,-81.8914750330423));
#3528=CARTESIAN_POINT('',(100.,-15.0000000000002,-54.9999999999998));
#3529=CARTESIAN_POINT('',(52.277546336481,-15.0000000000001,-140.595370297308));
#3530=CARTESIAN_POINT('',(0.,-15.0000000000001,0.));
#3531=CARTESIAN_POINT('',(107.669572706012,-15.0000000000001,-104.437843300716));
#3532=CARTESIAN_POINT('',(114.102540378444,-15.0000000000002,2.36860279185611));
#3533=CARTESIAN_POINT('',(0.,-15.0000000000002,150.));
#3534=CARTESIAN_POINT('',(0.,-15.0000000000003,0.));
#3535=CARTESIAN_POINT('',(56.1297018296001,-15.0000000000003,-76.645003571793));
#3536=CARTESIAN_POINT('',(82.6481323840158,-15.0000000000003,-46.8432088293937));
#3537=CARTESIAN_POINT('',(114.102540378444,-15.0000000000002,2.3686027918561));
#3538=CARTESIAN_POINT('',(115.571368323564,-15.0000000000001,-95.6203891637081));
#3539=CARTESIAN_POINT('',(0.,-15.0000000000001,0.));
#3540=CARTESIAN_POINT('',(145.46350682838,-15.0000000000001,-36.6110390618724));
#3541=CARTESIAN_POINT('',(97.631397208144,-15.0000000000002,59.102540378444));
#3542=CARTESIAN_POINT('',(0.,-15.0000000000002,150.));
#3543=CARTESIAN_POINT('',(0.,-15.0000000000003,0.));
#3544=CARTESIAN_POINT('',(86.9322494771761,-15.0000000000003,-38.3116692515218));
#3545=CARTESIAN_POINT('',(94.9969866345938,-15.0000000000003,0.756657350973402));
#3546=CARTESIAN_POINT('',(97.631397208144,-15.0000000000002,59.102540378444));
#3547=CARTESIAN_POINT('',(147.897935500189,-15.0000000000001,-25.0240019737433));
#3548=CARTESIAN_POINT('',(0.,-15.0000000000001,0.));
#3549=CARTESIAN_POINT('',(144.280611767884,-15.0000000000001,41.0256635276638));
#3550=CARTESIAN_POINT('',(54.9999999999999,-15.0000000000002,100.));
#3551=CARTESIAN_POINT('',(0.,-15.0000000000002,150.));
#3552=CARTESIAN_POINT('',(0.,-15.0000000000003,0.));
#3553=CARTESIAN_POINT('',(76.6450035717931,-15.0000000000003,56.1297018296));
#3554=CARTESIAN_POINT('',(46.8432088293938,-15.0000000000003,82.6481323840157));
#3555=CARTESIAN_POINT('',(-2.36860279185594,-15.0000000000002,114.102540378444));
#3556=CARTESIAN_POINT('',(95.6203891637083,-15.0000000000001,115.571368323564));
#3557=CARTESIAN_POINT('',(0.,-15.0000000000001,0.));
#3558=CARTESIAN_POINT('',(36.6110390618726,-15.0000000000001,145.46350682838));
#3559=CARTESIAN_POINT('',(-59.1025403784439,-15.0000000000002,97.6313972081441));
#3560=CARTESIAN_POINT('',(0.,-15.0000000000002,150.));
#3561=CARTESIAN_POINT('',(0.,-15.0000000000003,0.));
#3562=CARTESIAN_POINT('',(94.4413710811219,-15.0000000000003,10.2872459053829));
#3563=CARTESIAN_POINT('',(81.8914750330423,-15.0000000000003,48.1537778052001));
#3564=CARTESIAN_POINT('',(54.9999999999999,-15.0000000000002,100.));
#3565=CARTESIAN_POINT('',(140.595370297308,-15.0000000000001,52.2775463364808));
#3566=CARTESIAN_POINT('',(0.,-15.0000000000001,0.));
#3567=CARTESIAN_POINT('',(104.437843300716,-15.0000000000001,107.669572706012));
#3568=CARTESIAN_POINT('',(-2.36860279185595,-15.0000000000002,114.102540378444));
#3569=CARTESIAN_POINT('',(0.,-15.0000000000002,150.));
#3570=CARTESIAN_POINT('',(0.,-15.0000000000003,0.));
#3571=CARTESIAN_POINT('',(-86.9322494771762,-15.0000000000003,38.3116692515216));
#3572=CARTESIAN_POINT('',(-94.9969866345938,-15.0000000000003,-0.756657350973651));
#3573=CARTESIAN_POINT('',(-97.6313972081439,-15.0000000000002,-59.1025403784443));
#3574=CARTESIAN_POINT('',(-147.897935500189,-15.0000000000001,25.0240019737429));
#3575=CARTESIAN_POINT('',(0.,-15.0000000000001,0.));
#3576=CARTESIAN_POINT('',(-144.280611767884,-15.0000000000001,-41.0256635276642));
#3577=CARTESIAN_POINT('',(-54.9999999999996,-15.0000000000002,-100.));
#3578=CARTESIAN_POINT('',(0.,-15.0000000000002,150.));
#3579=CARTESIAN_POINT('',(0.,-15.0000000000003,0.));
#3580=CARTESIAN_POINT('',(-56.1297018296003,-15.0000000000003,76.6450035717929));
#3581=CARTESIAN_POINT('',(-82.6481323840159,-15.0000000000003,46.8432088293934));
#3582=CARTESIAN_POINT('',(-114.102540378444,-15.0000000000002,-2.36860279185642));
#3583=CARTESIAN_POINT('',(-115.571368323565,-15.0000000000001,95.6203891637078));
#3584=CARTESIAN_POINT('',(0.,-15.0000000000001,0.));
#3585=CARTESIAN_POINT('',(-145.46350682838,-15.0000000000001,36.611039061872));
#3586=CARTESIAN_POINT('',(-97.6313972081439,-15.0000000000002,-59.1025403784443));
#3587=CARTESIAN_POINT('',(0.,-15.0000000000002,150.));
#3588=CARTESIAN_POINT('',(0.,-15.0000000000003,0.));
#3589=CARTESIAN_POINT('',(38.3116692515219,-15.0000000000003,86.932249477176));
#3590=CARTESIAN_POINT('',(-0.7566573509733,-15.0000000000003,94.9969866345938));
#3591=CARTESIAN_POINT('',(-59.1025403784439,-15.0000000000002,97.6313972081441));
#3592=CARTESIAN_POINT('',(25.0240019737435,-15.0000000000001,147.897935500189));
#3593=CARTESIAN_POINT('',(0.,-15.0000000000001,0.));
#3594=CARTESIAN_POINT('',(-41.0256635276637,-15.0000000000002,144.280611767884));
#3595=CARTESIAN_POINT('',(-100.,-15.0000000000002,55.));
#3596=CARTESIAN_POINT('',(0.,-15.0000000000002,150.));
#3597=CARTESIAN_POINT('',(-46.6270771017544,-55.0000000000003,-29.1704590458747));
#3598=CARTESIAN_POINT('',(-46.6270771017544,-52.3356667706869,-29.1704590458747));
#3599=CARTESIAN_POINT('',(-46.8529703977714,-49.7080036117438,-29.3063347165066));
#3600=CARTESIAN_POINT('',(-47.7404058702718,-44.5243157800671,-29.8527219000718));
#3601=CARTESIAN_POINT('',(-48.4095024831256,-41.9615310086841,-30.2681840384216));
#3602=CARTESIAN_POINT('',(-50.9743185119624,-34.6828779633268,-31.9216677117282));
#3603=CARTESIAN_POINT('',(-53.4988556166668,-30.2004457008082,-33.6102737858288));
#3604=CARTESIAN_POINT('',(-57.9693101840497,-24.6729010551868,-37.0290350870338));
#3605=CARTESIAN_POINT('',(-59.5987682040023,-22.9946025849169,-38.3378726589482));
#3606=CARTESIAN_POINT('',(-62.9568247363257,-20.115296165977,-41.2254067458062));
#3607=CARTESIAN_POINT('',(-64.6807548495267,-18.9098419819125,-42.7980495263426));
#3608=CARTESIAN_POINT('',(-68.1809052049001,-16.9551885680325,-46.2325098551542));
#3609=CARTESIAN_POINT('',(-69.9584855667171,-16.2126510985291,-48.0998531354303));
#3610=CARTESIAN_POINT('',(-73.3764695164921,-15.2418217653018,-51.9760747944763));
#3611=CARTESIAN_POINT('',(-75.0381743605816,-15.0000000000003,-54.0046049732274));
#3612=CARTESIAN_POINT('',(-76.645003571793,-15.0000000000003,-56.1297018296002));
#3613=CARTESIAN_POINT('',(-46.8432088293936,-15.0000000000003,-82.6481323840158));
#3614=CARTESIAN_POINT('',(-46.4209048481736,-15.0000000000003,-79.9916498304402));
#3615=CARTESIAN_POINT('',(-45.9085762196731,-15.2356867832782,-77.3835652625592));
#3616=CARTESIAN_POINT('',(-44.7176524079264,-16.192846177128,-72.263127547384));
#3617=CARTESIAN_POINT('',(-44.0360512130648,-16.9218406833504,-69.7484787522121));
#3618=CARTESIAN_POINT('',(-41.8628562466772,-19.7933562947212,-62.641406124119));
#3619=CARTESIAN_POINT('',(-40.1864369571695,-22.7037977003392,-58.3218053770422));
#3620=CARTESIAN_POINT('',(-37.8687311814809,-28.2081383783365,-53.0549898138003));
#3621=CARTESIAN_POINT('',(-37.1154549234992,-30.2665925028942,-51.4646717387074));
#3622=CARTESIAN_POINT('',(-35.7690835319478,-34.6515082543791,-48.7452598640057));
#3623=CARTESIAN_POINT('',(-35.1740363938713,-36.9736384755446,-47.6091209804377));
#3624=CARTESIAN_POINT('',(-34.18250673247,-41.8777156680564,-45.7632679054042));
#3625=CARTESIAN_POINT('',(-33.7894717492665,-44.4624872659395,-45.0602154029422));
#3626=CARTESIAN_POINT('',(-33.2677968251272,-49.6640770725743,-44.1349901534352));
#3627=CARTESIAN_POINT('',(-33.1323724105854,-52.3090494178118,-43.9004088642268));
#3628=CARTESIAN_POINT('',(-33.1323724105854,-55.0000000000003,-43.9004088642268));
#3629=CARTESIAN_POINT('',(0.,-55.0000000000003,0.));
#3630=CARTESIAN_POINT('',(-54.9654627972724,-55.0000000000003,-1.94882002290392));
#3631=CARTESIAN_POINT('',(-54.9654627972724,-52.3356667706869,-1.94882002290392));
#3632=CARTESIAN_POINT('',(-55.2290299654836,-49.7080036117438,-1.9535451574189));
#3633=CARTESIAN_POINT('',(-56.270765220671,-44.5243157800671,-1.98301260243838));
#3634=CARTESIAN_POINT('',(-57.0579509541635,-41.9615310086841,-2.00826506213297));
#3635=CARTESIAN_POINT('',(-60.1058886278229,-34.6828779633268,-2.15781591354088));
#3636=CARTESIAN_POINT('',(-63.1365049303436,-30.2004457008082,-2.35792311834457));
#3637=CARTESIAN_POINT('',(-68.7174128027639,-24.6729010551868,-3.08342997097183));
#3638=CARTESIAN_POINT('',(-70.7829836284004,-22.9946025849169,-3.40218754770088));
#3639=CARTESIAN_POINT('',(-75.1349129361657,-20.115296165977,-4.22383715505174));
#3640=CARTESIAN_POINT('',(-77.4142015988149,-18.9098419819125,-4.72382069747396));
#3641=CARTESIAN_POINT('',(-82.1626508880393,-16.9551885680325,-5.94807541282798));
#3642=CARTESIAN_POINT('',(-84.6357522787792,-16.2126510985291,-6.67645195022472));
#3643=CARTESIAN_POINT('',(-89.5339240385347,-15.2418217653018,-8.32436640277056));
#3644=CARTESIAN_POINT('',(-91.9872677364835,-15.0000000000003,-9.25027264786767));
#3645=CARTESIAN_POINT('',(-94.4413710811218,-15.0000000000003,-10.2872459053832));
#3646=CARTESIAN_POINT('',(-81.8914750330422,-15.0000000000003,-48.1537778052003));
#3647=CARTESIAN_POINT('',(-80.1975077803986,-15.0000000000003,-46.0643484197036));
#3648=CARTESIAN_POINT('',(-78.4497758890907,-15.2356867832782,-44.0618452429507));
#3649=CARTESIAN_POINT('',(-74.8581867565586,-16.192846177128,-40.2228780089864));
#3650=CARTESIAN_POINT('',(-73.0105784089727,-16.9218406833504,-38.3859288682024));
#3651=CARTESIAN_POINT('',(-67.575000046658,-19.7933562947212,-33.3176209089265));
#3652=CARTESIAN_POINT('',(-63.9633779810116,-22.7037977003392,-30.4149465725056));
#3653=CARTESIAN_POINT('',(-59.3227781191465,-28.2081383783365,-27.0126033855352));
#3654=CARTESIAN_POINT('',(-57.8752627061202,-30.2665925028942,-26.011985661398));
#3655=CARTESIAN_POINT('',(-55.3495649407573,-34.6515082543791,-24.330091590329));
#3656=CARTESIAN_POINT('',(-54.2661695609498,-36.9736384755446,-23.6436900239701));
#3657=CARTESIAN_POINT('',(-52.4845531480537,-41.8777156680564,-22.5408992000382));
#3658=CARTESIAN_POINT('',(-51.7926486167925,-44.4624872659395,-22.1285553643135));
#3659=CARTESIAN_POINT('',(-50.8782522552171,-49.6640770725743,-21.5881242560873));
#3660=CARTESIAN_POINT('',(-50.643680627327,-52.3090494178117,-21.4526831076513));
#3661=CARTESIAN_POINT('',(-50.643680627327,-55.0000000000003,-21.4526831076513));
#3662=CARTESIAN_POINT('',(0.,-55.0000000000003,0.));
#3663=CARTESIAN_POINT('',(-25.7950037513977,-55.0000000000003,-48.5758971246583));
#3664=CARTESIAN_POINT('',(-25.7950037513977,-52.3356667706869,-48.5758971246583));
#3665=CARTESIAN_POINT('',(-25.922695248977,-49.7080036117438,-48.8065155551903));
#3666=CARTESIAN_POINT('',(-26.4180433205992,-44.5243157800671,-49.7234184727101));
#3667=CARTESIAN_POINT('',(-26.7897669157419,-41.9615310086841,-50.4177675452586));
#3668=CARTESIAN_POINT('',(-28.1842209160948,-34.6828779633268,-53.1321344255033));
#3669=CARTESIAN_POINT('',(-29.5262311445149,-30.2004457008082,-55.8567787350113));
#3670=CARTESIAN_POINT('',(-31.6883777157301,-24.6729010551869,-61.0527401550215));
#3671=CARTESIAN_POINT('',(-32.4451109694522,-22.9946025849169,-63.0009557517032));
#3672=CARTESIAN_POINT('',(-33.9095061903595,-20.115296165977,-67.1806618913774));
#3673=CARTESIAN_POINT('',(-34.6161520724724,-18.9098419819125,-69.4045755470006));
#3674=CARTESIAN_POINT('',(-35.9301410328851,-16.9551885680325,-74.128980617728));
#3675=CARTESIAN_POINT('',(-36.5358991433489,-16.2126510985291,-76.6349375169418));
#3676=CARTESIAN_POINT('',(-37.5578492440585,-15.2418217653018,-81.7008359192626));
#3677=CARTESIAN_POINT('',(-37.9826627632561,-15.0000000000003,-84.2884470084492));
#3678=CARTESIAN_POINT('',(-38.3116692515217,-15.0000000000003,-86.9322494771761));
#3679=CARTESIAN_POINT('',(0.756657350973515,-15.0000000000003,-94.9969866345938));
#3680=CARTESIAN_POINT('',(-0.20585794995848,-15.0000000000003,-92.4852532678772));
#3681=CARTESIAN_POINT('',(-1.06621062653156,-15.2356867832782,-89.9704214626238));
#3682=CARTESIAN_POINT('',(-2.59505920917468,-16.192846177128,-84.9405304169128));
#3683=CARTESIAN_POINT('',(-3.26209965676068,-16.9218406833504,-82.4219800812672));
#3684=CARTESIAN_POINT('',(-4.93359392253911,-19.7933562947212,-75.1804771556038));
#3685=CARTESIAN_POINT('',(-5.64157260396957,-22.7037977003392,-70.6013835296751));
#3686=CARTESIAN_POINT('',(-6.26778830534626,-28.2081383783365,-64.8813345670162));
#3687=CARTESIAN_POINT('',(-6.41059096741289,-30.2665925028942,-63.1274405848972));
#3688=CARTESIAN_POINT('',(-6.60430507675164,-34.6515082543791,-60.0991751222768));
#3689=CARTESIAN_POINT('',(-6.65704858051211,-36.9736384755446,-58.8177264178414));
#3690=CARTESIAN_POINT('',(-6.72128524264951,-41.8777156680565,-56.7234059325081));
#3691=CARTESIAN_POINT('',(-6.73243321385037,-44.4624872659395,-55.91802711358));
#3692=CARTESIAN_POINT('',(-6.74326210178189,-49.6640770725743,-54.8559210812145));
#3693=CARTESIAN_POINT('',(-6.74327176310025,-52.3090494178118,-54.5850555182366));
#3694=CARTESIAN_POINT('',(-6.74327176310025,-55.0000000000003,-54.5850555182366));
#3695=CARTESIAN_POINT('',(0.,-55.0000000000003,0.));
#3696=CARTESIAN_POINT('',(1.94882002290382,-55.0000000000003,-54.9654627972723));
#3697=CARTESIAN_POINT('',(1.94882002290382,-52.3356667706869,-54.9654627972724));
#3698=CARTESIAN_POINT('',(1.95354515741883,-49.7080036117438,-55.2290299654836));
#3699=CARTESIAN_POINT('',(1.98301260243831,-44.5243157800672,-56.270765220671));
#3700=CARTESIAN_POINT('',(2.00826506213289,-41.9615310086841,-57.0579509541635));
#3701=CARTESIAN_POINT('',(2.1578159135408,-34.6828779633268,-60.1058886278229));
#3702=CARTESIAN_POINT('',(2.35792311834448,-30.2004457008082,-63.1365049303437));
#3703=CARTESIAN_POINT('',(3.08342997097174,-24.6729010551868,-68.7174128027639));
#3704=CARTESIAN_POINT('',(3.40218754770077,-22.9946025849169,-70.7829836284004));
#3705=CARTESIAN_POINT('',(4.22383715505163,-20.115296165977,-75.1349129361657));
#3706=CARTESIAN_POINT('',(4.72382069747385,-18.9098419819125,-77.4142015988149));
#3707=CARTESIAN_POINT('',(5.94807541282786,-16.9551885680325,-82.1626508880393));
#3708=CARTESIAN_POINT('',(6.67645195022459,-16.2126510985291,-84.6357522787792));
#3709=CARTESIAN_POINT('',(8.32436640277042,-15.2418217653018,-89.5339240385347));
#3710=CARTESIAN_POINT('',(9.25027264786755,-15.0000000000003,-91.9872677364835));
#3711=CARTESIAN_POINT('',(10.2872459053831,-15.0000000000003,-94.4413710811219));
#3712=CARTESIAN_POINT('',(48.1537778052002,-15.0000000000003,-81.8914750330423));
#3713=CARTESIAN_POINT('',(46.0643484197035,-15.0000000000003,-80.1975077803986));
#3714=CARTESIAN_POINT('',(44.0618452429507,-15.2356867832782,-78.4497758890907));
#3715=CARTESIAN_POINT('',(40.2228780089864,-16.192846177128,-74.8581867565587));
#3716=CARTESIAN_POINT('',(38.3859288682023,-16.9218406833504,-73.0105784089727));
#3717=CARTESIAN_POINT('',(33.3176209089265,-19.7933562947212,-67.575000046658));
#3718=CARTESIAN_POINT('',(30.4149465725056,-22.7037977003392,-63.9633779810117));
#3719=CARTESIAN_POINT('',(27.0126033855352,-28.2081383783365,-59.3227781191466));
#3720=CARTESIAN_POINT('',(26.011985661398,-30.2665925028942,-57.8752627061202));
#3721=CARTESIAN_POINT('',(24.3300915903289,-34.6515082543791,-55.3495649407573));
#3722=CARTESIAN_POINT('',(23.6436900239701,-36.9736384755446,-54.2661695609498));
#3723=CARTESIAN_POINT('',(22.5408992000381,-41.8777156680564,-52.4845531480537));
#3724=CARTESIAN_POINT('',(22.1285553643135,-44.4624872659395,-51.7926486167925));
#3725=CARTESIAN_POINT('',(21.5881242560873,-49.6640770725743,-50.8782522552171));
#3726=CARTESIAN_POINT('',(21.4526831076512,-52.3090494178117,-50.643680627327));
#3727=CARTESIAN_POINT('',(21.4526831076512,-55.0000000000003,-50.643680627327));
#3728=CARTESIAN_POINT('',(0.,-55.0000000000003,0.));
#3729=CARTESIAN_POINT('',(29.1704590458746,-55.0000000000003,-46.6270771017544));
#3730=CARTESIAN_POINT('',(29.1704590458746,-52.3356667706869,-46.6270771017544));
#3731=CARTESIAN_POINT('',(29.3063347165066,-49.7080036117438,-46.8529703977714));
#3732=CARTESIAN_POINT('',(29.8527219000718,-44.5243157800672,-47.7404058702719));
#3733=CARTESIAN_POINT('',(30.2681840384216,-41.9615310086841,-48.4095024831257));
#3734=CARTESIAN_POINT('',(31.9216677117281,-34.6828779633268,-50.9743185119625));
#3735=CARTESIAN_POINT('',(33.6102737858288,-30.2004457008082,-53.4988556166668));
#3736=CARTESIAN_POINT('',(37.0290350870338,-24.6729010551868,-57.9693101840498));
#3737=CARTESIAN_POINT('',(38.3378726589481,-22.9946025849169,-59.5987682040024));
#3738=CARTESIAN_POINT('',(41.2254067458061,-20.115296165977,-62.9568247363257));
#3739=CARTESIAN_POINT('',(42.7980495263425,-18.9098419819125,-64.6807548495267));
#3740=CARTESIAN_POINT('',(46.2325098551542,-16.9551885680325,-68.1809052049002));
#3741=CARTESIAN_POINT('',(48.0998531354303,-16.2126510985291,-69.9584855667171));
#3742=CARTESIAN_POINT('',(51.9760747944762,-15.2418217653018,-73.376469516492));
#3743=CARTESIAN_POINT('',(54.0046049732274,-15.0000000000003,-75.0381743605816));
#3744=CARTESIAN_POINT('',(56.1297018296001,-15.0000000000003,-76.645003571793));
#3745=CARTESIAN_POINT('',(82.6481323840158,-15.0000000000003,-46.8432088293937));
#3746=CARTESIAN_POINT('',(79.9916498304401,-15.0000000000003,-46.4209048481737));
#3747=CARTESIAN_POINT('',(77.3835652625591,-15.2356867832782,-45.9085762196732));
#3748=CARTESIAN_POINT('',(72.2631275473839,-16.192846177128,-44.7176524079265));
#3749=CARTESIAN_POINT('',(69.748478752212,-16.9218406833504,-44.0360512130649));
#3750=CARTESIAN_POINT('',(62.6414061241189,-19.7933562947212,-41.8628562466773));
#3751=CARTESIAN_POINT('',(58.3218053770421,-22.7037977003392,-40.1864369571696));
#3752=CARTESIAN_POINT('',(53.0549898138003,-28.2081383783365,-37.868731181481));
#3753=CARTESIAN_POINT('',(51.4646717387073,-30.2665925028942,-37.1154549234993));
#3754=CARTESIAN_POINT('',(48.7452598640056,-34.6515082543791,-35.7690835319479));
#3755=CARTESIAN_POINT('',(47.6091209804376,-36.9736384755446,-35.1740363938714));
#3756=CARTESIAN_POINT('',(45.7632679054042,-41.8777156680564,-34.1825067324701));
#3757=CARTESIAN_POINT('',(45.0602154029421,-44.4624872659395,-33.7894717492666));
#3758=CARTESIAN_POINT('',(44.1349901534351,-49.6640770725743,-33.2677968251273));
#3759=CARTESIAN_POINT('',(43.9004088642267,-52.3090494178117,-33.1323724105854));
#3760=CARTESIAN_POINT('',(43.9004088642267,-55.0000000000003,-33.1323724105854));
#3761=CARTESIAN_POINT('',(0.,-55.0000000000003,0.));
#3762=CARTESIAN_POINT('',(48.5758971246582,-55.0000000000003,-25.7950037513978));
#3763=CARTESIAN_POINT('',(48.5758971246582,-52.335666770687,-25.7950037513978));
#3764=CARTESIAN_POINT('',(48.8065155551902,-49.7080036117438,-25.9226952489771));
#3765=CARTESIAN_POINT('',(49.7234184727101,-44.5243157800672,-26.4180433205993));
#3766=CARTESIAN_POINT('',(50.4177675452586,-41.9615310086841,-26.7897669157419));
#3767=CARTESIAN_POINT('',(53.1321344255032,-34.6828779633268,-28.1842209160948));
#3768=CARTESIAN_POINT('',(55.8567787350113,-30.2004457008082,-29.5262311445149));
#3769=CARTESIAN_POINT('',(61.0527401550214,-24.6729010551868,-31.6883777157302));
#3770=CARTESIAN_POINT('',(63.0009557517031,-22.9946025849169,-32.4451109694523));
#3771=CARTESIAN_POINT('',(67.1806618913773,-20.115296165977,-33.9095061903596));
#3772=CARTESIAN_POINT('',(69.4045755470005,-18.9098419819125,-34.6161520724724));
#3773=CARTESIAN_POINT('',(74.128980617728,-16.9551885680325,-35.9301410328852));
#3774=CARTESIAN_POINT('',(76.6349375169417,-16.2126510985291,-36.535899143349));
#3775=CARTESIAN_POINT('',(81.7008359192625,-15.2418217653018,-37.5578492440585));
#3776=CARTESIAN_POINT('',(84.2884470084491,-15.0000000000003,-37.9826627632562));
#3777=CARTESIAN_POINT('',(86.9322494771761,-15.0000000000003,-38.3116692515218));
#3778=CARTESIAN_POINT('',(94.9969866345938,-15.0000000000003,0.756657350973415));
#3779=CARTESIAN_POINT('',(92.4852532678772,-15.0000000000003,-0.205857949958577));
#3780=CARTESIAN_POINT('',(89.9704214626238,-15.2356867832782,-1.06621062653165));
#3781=CARTESIAN_POINT('',(84.9405304169128,-16.192846177128,-2.59505920917477));
#3782=CARTESIAN_POINT('',(82.4219800812672,-16.9218406833504,-3.26209965676077));
#3783=CARTESIAN_POINT('',(75.1804771556038,-19.7933562947212,-4.93359392253919));
#3784=CARTESIAN_POINT('',(70.6013835296751,-22.7037977003392,-5.64157260396965));
#3785=CARTESIAN_POINT('',(64.8813345670162,-28.2081383783365,-6.26778830534634));
#3786=CARTESIAN_POINT('',(63.1274405848972,-30.2665925028942,-6.41059096741296));
#3787=CARTESIAN_POINT('',(60.0991751222767,-34.6515082543791,-6.6043050767517));
#3788=CARTESIAN_POINT('',(58.8177264178414,-36.9736384755446,-6.65704858051217));
#3789=CARTESIAN_POINT('',(56.7234059325081,-41.8777156680564,-6.72128524264958));
#3790=CARTESIAN_POINT('',(55.91802711358,-44.4624872659395,-6.73243321385042));
#3791=CARTESIAN_POINT('',(54.8559210812145,-49.6640770725743,-6.74326210178194));
#3792=CARTESIAN_POINT('',(54.5850555182366,-52.3090494178117,-6.74327176310031));
#3793=CARTESIAN_POINT('',(54.5850555182366,-55.0000000000003,-6.74327176310031));
#3794=CARTESIAN_POINT('',(0.,-55.0000000000003,0.));
#3795=CARTESIAN_POINT('',(46.6270771017545,-55.0000000000003,29.1704590458746));
#3796=CARTESIAN_POINT('',(46.6270771017545,-52.3356667706869,29.1704590458746));
#3797=CARTESIAN_POINT('',(46.8529703977715,-49.7080036117438,29.3063347165065));
#3798=CARTESIAN_POINT('',(47.7404058702719,-44.5243157800672,29.8527219000717));
#3799=CARTESIAN_POINT('',(48.4095024831257,-41.9615310086841,30.2681840384215));
#3800=CARTESIAN_POINT('',(50.9743185119625,-34.6828779633268,31.9216677117281));
#3801=CARTESIAN_POINT('',(53.4988556166669,-30.2004457008082,33.6102737858287));
#3802=CARTESIAN_POINT('',(57.9693101840498,-24.6729010551868,37.0290350870337));
#3803=CARTESIAN_POINT('',(59.5987682040024,-22.9946025849169,38.337872658948));
#3804=CARTESIAN_POINT('',(62.9568247363258,-20.115296165977,41.225406745806));
#3805=CARTESIAN_POINT('',(64.6807548495268,-18.9098419819125,42.7980495263425));
#3806=CARTESIAN_POINT('',(68.1809052049002,-16.9551885680325,46.2325098551541));
#3807=CARTESIAN_POINT('',(69.9584855667172,-16.2126510985291,48.0998531354301));
#3808=CARTESIAN_POINT('',(73.3764695164921,-15.2418217653018,51.9760747944761));
#3809=CARTESIAN_POINT('',(75.0381743605817,-15.0000000000003,54.0046049732273));
#3810=CARTESIAN_POINT('',(76.6450035717931,-15.0000000000003,56.1297018296));
#3811=CARTESIAN_POINT('',(46.8432088293938,-15.0000000000003,82.6481323840157));
#3812=CARTESIAN_POINT('',(46.4209048481738,-15.0000000000003,79.9916498304401));
#3813=CARTESIAN_POINT('',(45.9085762196733,-15.2356867832782,77.3835652625591));
#3814=CARTESIAN_POINT('',(44.7176524079266,-16.192846177128,72.2631275473839));
#3815=CARTESIAN_POINT('',(44.036051213065,-16.9218406833504,69.7484787522119));
#3816=CARTESIAN_POINT('',(41.8628562466774,-19.7933562947212,62.6414061241189));
#3817=CARTESIAN_POINT('',(40.1864369571696,-22.7037977003392,58.321805377042));
#3818=CARTESIAN_POINT('',(37.8687311814811,-28.2081383783365,53.0549898138002));
#3819=CARTESIAN_POINT('',(37.1154549234993,-30.2665925028942,51.4646717387073));
#3820=CARTESIAN_POINT('',(35.7690835319479,-34.6515082543791,48.7452598640055));
#3821=CARTESIAN_POINT('',(35.1740363938714,-36.9736384755446,47.6091209804376));
#3822=CARTESIAN_POINT('',(34.1825067324701,-41.8777156680564,45.7632679054041));
#3823=CARTESIAN_POINT('',(33.7894717492666,-44.4624872659395,45.060215402942));
#3824=CARTESIAN_POINT('',(33.2677968251273,-49.6640770725743,44.1349901534351));
#3825=CARTESIAN_POINT('',(33.1323724105855,-52.3090494178117,43.9004088642267));
#3826=CARTESIAN_POINT('',(33.1323724105855,-55.0000000000003,43.9004088642267));
#3827=CARTESIAN_POINT('',(0.,-55.0000000000003,0.));
#3828=CARTESIAN_POINT('',(54.9654627972723,-55.0000000000003,1.94882002290376));
#3829=CARTESIAN_POINT('',(54.9654627972724,-52.3356667706869,1.94882002290376));
#3830=CARTESIAN_POINT('',(55.2290299654836,-49.7080036117438,1.95354515741877));
#3831=CARTESIAN_POINT('',(56.270765220671,-44.5243157800672,1.98301260243825));
#3832=CARTESIAN_POINT('',(57.0579509541635,-41.9615310086841,2.00826506213284));
#3833=CARTESIAN_POINT('',(60.1058886278229,-34.6828779633268,2.15781591354075));
#3834=CARTESIAN_POINT('',(63.1365049303437,-30.2004457008082,2.35792311834441));
#3835=CARTESIAN_POINT('',(68.7174128027639,-24.6729010551868,3.08342997097166));
#3836=CARTESIAN_POINT('',(70.7829836284004,-22.9946025849169,3.4021875477007));
#3837=CARTESIAN_POINT('',(75.1349129361657,-20.1152961659769,4.22383715505155));
#3838=CARTESIAN_POINT('',(77.4142015988149,-18.9098419819125,4.72382069747378));
#3839=CARTESIAN_POINT('',(82.1626508880393,-16.9551885680325,5.94807541282778));
#3840=CARTESIAN_POINT('',(84.6357522787792,-16.2126510985291,6.67645195022451));
#3841=CARTESIAN_POINT('',(89.5339240385347,-15.2418217653018,8.32436640277033));
#3842=CARTESIAN_POINT('',(91.9872677364835,-15.0000000000003,9.25027264786744));
#3843=CARTESIAN_POINT('',(94.4413710811218,-15.0000000000003,10.2872459053829));
#3844=CARTESIAN_POINT('',(81.8914750330424,-15.0000000000003,48.1537778052001));
#3845=CARTESIAN_POINT('',(80.1975077803987,-15.0000000000003,46.0643484197034));
#3846=CARTESIAN_POINT('',(78.4497758890908,-15.2356867832782,44.0618452429505));
#3847=CARTESIAN_POINT('',(74.8581867565587,-16.192846177128,40.2228780089863));
#3848=CARTESIAN_POINT('',(73.0105784089727,-16.9218406833504,38.3859288682022));
#3849=CARTESIAN_POINT('',(67.5750000466581,-19.7933562947212,33.3176209089264));
#3850=CARTESIAN_POINT('',(63.9633779810117,-22.7037977003392,30.4149465725055));
#3851=CARTESIAN_POINT('',(59.3227781191466,-28.2081383783365,27.0126033855351));
#3852=CARTESIAN_POINT('',(57.8752627061203,-30.2665925028942,26.0119856613979));
#3853=CARTESIAN_POINT('',(55.3495649407573,-34.6515082543791,24.3300915903289));
#3854=CARTESIAN_POINT('',(54.2661695609498,-36.9736384755446,23.64369002397));
#3855=CARTESIAN_POINT('',(52.4845531480538,-41.8777156680564,22.540899200038));
#3856=CARTESIAN_POINT('',(51.7926486167925,-44.4624872659395,22.1285553643134));
#3857=CARTESIAN_POINT('',(50.8782522552171,-49.6640770725743,21.5881242560872));
#3858=CARTESIAN_POINT('',(50.643680627327,-52.3090494178117,21.4526831076511));
#3859=CARTESIAN_POINT('',(50.643680627327,-55.0000000000003,21.4526831076511));
#3860=CARTESIAN_POINT('',(0.,-55.0000000000003,0.));
#3861=CARTESIAN_POINT('',(-48.5758971246583,-55.0000000000003,25.7950037513976));
#3862=CARTESIAN_POINT('',(-48.5758971246583,-52.335666770687,25.7950037513976));
#3863=CARTESIAN_POINT('',(-48.8065155551903,-49.7080036117438,25.922695248977));
#3864=CARTESIAN_POINT('',(-49.7234184727102,-44.5243157800672,26.4180433205992));
#3865=CARTESIAN_POINT('',(-50.4177675452586,-41.9615310086841,26.7897669157418));
#3866=CARTESIAN_POINT('',(-53.1321344255033,-34.6828779633268,28.1842209160947));
#3867=CARTESIAN_POINT('',(-55.8567787350114,-30.2004457008082,29.5262311445148));
#3868=CARTESIAN_POINT('',(-61.0527401550215,-24.6729010551868,31.68837771573));
#3869=CARTESIAN_POINT('',(-63.0009557517032,-22.9946025849169,32.4451109694521));
#3870=CARTESIAN_POINT('',(-67.1806618913774,-20.115296165977,33.9095061903594));
#3871=CARTESIAN_POINT('',(-69.4045755470006,-18.9098419819125,34.6161520724723));
#3872=CARTESIAN_POINT('',(-74.1289806177281,-16.9551885680325,35.930141032885));
#3873=CARTESIAN_POINT('',(-76.6349375169418,-16.2126510985291,36.5358991433488));
#3874=CARTESIAN_POINT('',(-81.7008359192626,-15.2418217653018,37.5578492440583));
#3875=CARTESIAN_POINT('',(-84.2884470084492,-15.0000000000003,37.9826627632559));
#3876=CARTESIAN_POINT('',(-86.9322494771762,-15.0000000000003,38.3116692515216));
#3877=CARTESIAN_POINT('',(-94.9969866345938,-15.0000000000003,-0.756657350973651));
#3878=CARTESIAN_POINT('',(-92.4852532678772,-15.0000000000003,0.205857949958347));
#3879=CARTESIAN_POINT('',(-89.9704214626238,-15.2356867832782,1.06621062653143));
#3880=CARTESIAN_POINT('',(-84.9405304169128,-16.192846177128,2.59505920917456));
#3881=CARTESIAN_POINT('',(-82.4219800812672,-16.9218406833504,3.26209965676055));
#3882=CARTESIAN_POINT('',(-75.1804771556038,-19.7933562947212,4.93359392253899));
#3883=CARTESIAN_POINT('',(-70.6013835296751,-22.7037977003392,5.64157260396946));
#3884=CARTESIAN_POINT('',(-64.8813345670162,-28.2081383783365,6.26778830534616));
#3885=CARTESIAN_POINT('',(-63.1274405848973,-30.2665925028941,6.41059096741279));
#3886=CARTESIAN_POINT('',(-60.0991751222768,-34.651508254379,6.60430507675155));
#3887=CARTESIAN_POINT('',(-58.8177264178414,-36.9736384755446,6.65704858051203));
#3888=CARTESIAN_POINT('',(-56.7234059325081,-41.8777156680564,6.72128524264944));
#3889=CARTESIAN_POINT('',(-55.91802711358,-44.4624872659395,6.73243321385028));
#3890=CARTESIAN_POINT('',(-54.8559210812145,-49.6640770725743,6.7432621017818));
#3891=CARTESIAN_POINT('',(-54.5850555182366,-52.3090494178117,6.74327176310017));
#3892=CARTESIAN_POINT('',(-54.5850555182367,-55.0000000000003,6.74327176310017));
#3893=CARTESIAN_POINT('',(0.,-55.0000000000003,0.));
#3894=CARTESIAN_POINT('',(-29.1704590458748,-55.0000000000003,46.6270771017544));
#3895=CARTESIAN_POINT('',(-29.1704590458748,-52.3356667706869,46.6270771017544));
#3896=CARTESIAN_POINT('',(-29.3063347165067,-49.7080036117438,46.8529703977714));
#3897=CARTESIAN_POINT('',(-29.8527219000719,-44.5243157800671,47.7404058702718));
#3898=CARTESIAN_POINT('',(-30.2681840384217,-41.9615310086841,48.4095024831256));
#3899=CARTESIAN_POINT('',(-31.9216677117283,-34.6828779633268,50.9743185119624));
#3900=CARTESIAN_POINT('',(-33.6102737858289,-30.2004457008082,53.4988556166667));
#3901=CARTESIAN_POINT('',(-37.029035087034,-24.6729010551868,57.9693101840496));
#3902=CARTESIAN_POINT('',(-38.3378726589483,-22.9946025849169,59.5987682040023));
#3903=CARTESIAN_POINT('',(-41.2254067458063,-20.115296165977,62.9568247363256));
#3904=CARTESIAN_POINT('',(-42.7980495263427,-18.9098419819125,64.6807548495266));
#3905=CARTESIAN_POINT('',(-46.2325098551544,-16.9551885680325,68.1809052049));
#3906=CARTESIAN_POINT('',(-48.0998531354305,-16.2126510985291,69.958485566717));
#3907=CARTESIAN_POINT('',(-51.9760747944764,-15.2418217653018,73.3764695164919));
#3908=CARTESIAN_POINT('',(-54.0046049732276,-15.0000000000003,75.0381743605815));
#3909=CARTESIAN_POINT('',(-56.1297018296003,-15.0000000000003,76.6450035717929));
#3910=CARTESIAN_POINT('',(-82.6481323840159,-15.0000000000003,46.8432088293934));
#3911=CARTESIAN_POINT('',(-79.9916498304403,-15.0000000000003,46.4209048481734));
#3912=CARTESIAN_POINT('',(-77.3835652625592,-15.2356867832782,45.908576219673));
#3913=CARTESIAN_POINT('',(-72.2631275473841,-16.192846177128,44.7176524079263));
#3914=CARTESIAN_POINT('',(-69.7484787522121,-16.9218406833504,44.0360512130647));
#3915=CARTESIAN_POINT('',(-62.641406124119,-19.7933562947212,41.8628562466771));
#3916=CARTESIAN_POINT('',(-58.3218053770422,-22.7037977003392,40.1864369571694));
#3917=CARTESIAN_POINT('',(-53.0549898138003,-28.2081383783365,37.8687311814808));
#3918=CARTESIAN_POINT('',(-51.4646717387074,-30.2665925028942,37.1154549234991));
#3919=CARTESIAN_POINT('',(-48.7452598640057,-34.6515082543791,35.7690835319477));
#3920=CARTESIAN_POINT('',(-47.6091209804378,-36.9736384755446,35.1740363938712));
#3921=CARTESIAN_POINT('',(-45.7632679054043,-41.8777156680564,34.1825067324699));
#3922=CARTESIAN_POINT('',(-45.0602154029422,-44.4624872659395,33.7894717492664));
#3923=CARTESIAN_POINT('',(-44.1349901534352,-49.6640770725743,33.2677968251271));
#3924=CARTESIAN_POINT('',(-43.9004088642268,-52.3090494178117,33.1323724105853));
#3925=CARTESIAN_POINT('',(-43.9004088642268,-55.0000000000003,33.1323724105853));
#3926=CARTESIAN_POINT('',(0.,-55.0000000000003,0.));
#3927=CARTESIAN_POINT('',(25.7950037513978,-55.0000000000003,48.5758971246582));
#3928=CARTESIAN_POINT('',(25.7950037513978,-52.335666770687,48.5758971246582));
#3929=CARTESIAN_POINT('',(25.9226952489771,-49.7080036117438,48.8065155551902));
#3930=CARTESIAN_POINT('',(26.4180433205994,-44.5243157800672,49.7234184727101));
#3931=CARTESIAN_POINT('',(26.789766915742,-41.9615310086841,50.4177675452585));
#3932=CARTESIAN_POINT('',(28.1842209160949,-34.6828779633268,53.1321344255032));
#3933=CARTESIAN_POINT('',(29.526231144515,-30.2004457008082,55.8567787350113));
#3934=CARTESIAN_POINT('',(31.6883777157302,-24.6729010551868,61.0527401550214));
#3935=CARTESIAN_POINT('',(32.4451109694524,-22.9946025849169,63.0009557517031));
#3936=CARTESIAN_POINT('',(33.9095061903597,-20.115296165977,67.1806618913773));
#3937=CARTESIAN_POINT('',(34.6161520724725,-18.9098419819125,69.4045755470005));
#3938=CARTESIAN_POINT('',(35.9301410328853,-16.9551885680325,74.1289806177279));
#3939=CARTESIAN_POINT('',(36.5358991433491,-16.2126510985291,76.6349375169417));
#3940=CARTESIAN_POINT('',(37.5578492440587,-15.2418217653018,81.7008359192625));
#3941=CARTESIAN_POINT('',(37.9826627632563,-15.0000000000003,84.2884470084491));
#3942=CARTESIAN_POINT('',(38.3116692515219,-15.0000000000003,86.932249477176));
#3943=CARTESIAN_POINT('',(-0.756657350973303,-15.0000000000003,94.9969866345938));
#3944=CARTESIAN_POINT('',(0.205857949958687,-15.0000000000003,92.4852532678772));
#3945=CARTESIAN_POINT('',(1.06621062653176,-15.2356867832782,89.9704214626238));
#3946=CARTESIAN_POINT('',(2.59505920917487,-16.192846177128,84.9405304169128));
#3947=CARTESIAN_POINT('',(3.26209965676087,-16.9218406833504,82.4219800812671));
#3948=CARTESIAN_POINT('',(4.93359392253928,-19.7933562947212,75.1804771556038));
#3949=CARTESIAN_POINT('',(5.64157260396974,-22.7037977003392,70.6013835296751));
#3950=CARTESIAN_POINT('',(6.26778830534642,-28.2081383783365,64.8813345670161));
#3951=CARTESIAN_POINT('',(6.41059096741305,-30.2665925028941,63.1274405848972));
#3952=CARTESIAN_POINT('',(6.60430507675179,-34.6515082543791,60.0991751222768));
#3953=CARTESIAN_POINT('',(6.65704858051224,-36.9736384755446,58.8177264178414));
#3954=CARTESIAN_POINT('',(6.72128524264964,-41.8777156680564,56.7234059325081));
#3955=CARTESIAN_POINT('',(6.73243321385049,-44.4624872659395,55.91802711358));
#3956=CARTESIAN_POINT('',(6.74326210178201,-49.6640770725743,54.8559210812145));
#3957=CARTESIAN_POINT('',(6.74327176310037,-52.3090494178117,54.5850555182366));
#3958=CARTESIAN_POINT('',(6.74327176310037,-55.0000000000003,54.5850555182366));
#3959=CARTESIAN_POINT('',(0.,-55.0000000000003,0.));
#3960=CARTESIAN_POINT('',(0.,-55.0000000000003,0.));
#3961=CARTESIAN_POINT('',(-1.9488200229037,-55.0000000000003,54.9654627972724));
#3962=CARTESIAN_POINT('',(-21.4526831076514,-55.0000000000003,50.6436806273269));
#3963=CARTESIAN_POINT('',(-21.4526831076514,0.,50.6436806273269));
#3964=CARTESIAN_POINT('',(-21.4526831076514,-80.,50.643680627327));
#3965=CARTESIAN_POINT('',(0.,-80.,0.));
#3966=CARTESIAN_POINT('',(-1.9488200229037,-80.,54.9654627972724));
#3967=CARTESIAN_POINT('',(-1.9488200229037,0.,54.9654627972724));
#3968=CARTESIAN_POINT('',(0.,0.,0.));
#3969=CARTESIAN_POINT('',(0.,-80.,0.));
#3970=CARTESIAN_POINT('',(0.,-80.,-35.));
#3971=CARTESIAN_POINT('',(-100.,-80.,55.));
#3972=CARTESIAN_POINT('',(-49.8055191137338,-80.,141.489965247757));
#3973=CARTESIAN_POINT('',(-0.0200879648517699,-80.,57.0042927540728));
#3974=CARTESIAN_POINT('',(-2.01968620555475,-80.,56.9642068989914));
#3975=CARTESIAN_POINT('',(-22.2327806752024,-80.0000000000001,52.4852690137752));
#3976=CARTESIAN_POINT('',(-23.9499724453564,-80.,51.4599629987167));
#3977=CARTESIAN_POINT('',(-114.102540378444,-80.,-2.36860279185642));
#3978=CARTESIAN_POINT('',(-109.487945444744,-80.,102.529945880648));
#3979=CARTESIAN_POINT('',(0.,-80.,0.));
#3980=CARTESIAN_POINT('',(-113.877827425044,-80.,97.6311447282676));
#3981=CARTESIAN_POINT('',(-114.102540378444,-80.,-2.36860279185642));
#3982=CARTESIAN_POINT('',(-28.5195430649086,-80.,49.3571216673662));
#3983=CARTESIAN_POINT('',(-30.2312030111793,-80.,48.3226071781818));
#3984=CARTESIAN_POINT('',(-45.4967873683806,-80.0000000000001,34.3371859527884));
#3985=CARTESIAN_POINT('',(-46.4712660569743,-80.,32.5906490120177));
#3986=CARTESIAN_POINT('',(-97.6313972081439,-80.,-59.1025403784443));
#3987=CARTESIAN_POINT('',(-146.084315103637,-80.,34.0495650589131));
#3988=CARTESIAN_POINT('',(0.,-80.,0.));
#3989=CARTESIAN_POINT('',(-147.436663842002,-80.,27.612137822713));
#3990=CARTESIAN_POINT('',(-97.6313972081439,-80.,-59.1025403784443));
#3991=CARTESIAN_POINT('',(-49.3772096322183,-80.,28.4847496891642));
#3992=CARTESIAN_POINT('',(-50.3422933837368,-80.,26.7330038878121));
#3993=CARTESIAN_POINT('',(-56.5699666279907,-80.0000000000001,6.98848164539464));
#3994=CARTESIAN_POINT('',(-56.5406214573741,-80.,4.98869694174241));
#3995=CARTESIAN_POINT('',(-54.9999999999996,-80.,-100.));
#3996=CARTESIAN_POINT('',(-143.537510503657,-80.,-43.5543692229889));
#3997=CARTESIAN_POINT('',(0.,-80.,0.));
#3998=CARTESIAN_POINT('',(-141.489965247757,-80.,-49.8055191137343));
#3999=CARTESIAN_POINT('',(-54.9999999999996,-80.,-100.));
#4000=CARTESIAN_POINT('',(-57.0042927540728,-80.,-0.0200879648519919));
#4001=CARTESIAN_POINT('',(-56.9642068989914,-80.,-2.01968620555495));
#4002=CARTESIAN_POINT('',(-52.4852690137752,-80.0000000000001,-22.2327806752023));
#4003=CARTESIAN_POINT('',(-51.4599629987167,-80.,-23.9499724453563));
#4004=CARTESIAN_POINT('',(2.36860279185621,-80.,-114.102540378444));
#4005=CARTESIAN_POINT('',(-102.529945880649,-80.,-109.487945444744));
#4006=CARTESIAN_POINT('',(0.,-80.,0.));
#4007=CARTESIAN_POINT('',(-97.6311447282678,-80.,-113.877827425044));
#4008=CARTESIAN_POINT('',(2.3686027918562,-80.,-114.102540378444));
#4009=CARTESIAN_POINT('',(-49.3571216673663,-80.,-28.5195430649085));
#4010=CARTESIAN_POINT('',(-48.3226071781819,-80.,-30.2312030111792));
#4011=CARTESIAN_POINT('',(-34.3371859527884,-80.0000000000001,-45.4967873683805));
#4012=CARTESIAN_POINT('',(-32.5906490120177,-80.,-46.4712660569743));
#4013=CARTESIAN_POINT('',(59.1025403784441,-80.,-97.631397208144));
#4014=CARTESIAN_POINT('',(-34.0495650589133,-80.,-146.084315103637));
#4015=CARTESIAN_POINT('',(0.,-80.,0.));
#4016=CARTESIAN_POINT('',(-27.6121378227132,-80.,-147.436663842002));
#4017=CARTESIAN_POINT('',(59.1025403784441,-80.,-97.631397208144));
#4018=CARTESIAN_POINT('',(-28.4847496891643,-80.,-49.3772096322182));
#4019=CARTESIAN_POINT('',(-26.7330038878121,-80.,-50.3422933837368));
#4020=CARTESIAN_POINT('',(-6.98848164539474,-80.0000000000001,-56.5699666279907));
#4021=CARTESIAN_POINT('',(-4.98869694174249,-80.,-56.5406214573741));
#4022=CARTESIAN_POINT('',(100.,-80.,-54.9999999999998));
#4023=CARTESIAN_POINT('',(43.5543692229887,-80.,-143.537510503657));
#4024=CARTESIAN_POINT('',(0.,-80.,0.));
#4025=CARTESIAN_POINT('',(49.8055191137341,-80.,-141.489965247757));
#4026=CARTESIAN_POINT('',(100.,-80.,-54.9999999999998));
#4027=CARTESIAN_POINT('',(0.0200879648519087,-80.,-57.0042927540728));
#4028=CARTESIAN_POINT('',(2.01968620555487,-80.,-56.9642068989914));
#4029=CARTESIAN_POINT('',(22.2327806752023,-80.,-52.4852690137753));
#4030=CARTESIAN_POINT('',(23.9499724453563,-80.,-51.4599629987167));
#4031=CARTESIAN_POINT('',(114.102540378444,-80.,2.36860279185611));
#4032=CARTESIAN_POINT('',(109.487945444744,-80.,-102.529945880649));
#4033=CARTESIAN_POINT('',(0.,-80.,0.));
#4034=CARTESIAN_POINT('',(113.877827425044,-80.,-97.6311447282679));
#4035=CARTESIAN_POINT('',(114.102540378444,-80.,2.3686027918561));
#4036=CARTESIAN_POINT('',(28.5195430649085,-80.,-49.3571216673663));
#4037=CARTESIAN_POINT('',(30.2312030111792,-80.,-48.3226071781819));
#4038=CARTESIAN_POINT('',(45.4967873683805,-80.0000000000001,-34.3371859527885));
#4039=CARTESIAN_POINT('',(46.4712660569742,-80.,-32.5906490120178));
#4040=CARTESIAN_POINT('',(97.631397208144,-80.,59.102540378444));
#4041=CARTESIAN_POINT('',(146.084315103637,-80.,-34.0495650589135));
#4042=CARTESIAN_POINT('',(0.,-80.,0.));
#4043=CARTESIAN_POINT('',(147.436663842002,-80.,-27.6121378227134));
#4044=CARTESIAN_POINT('',(97.631397208144,-80.,59.102540378444));
#4045=CARTESIAN_POINT('',(49.3772096322182,-80.,-28.4847496891644));
#4046=CARTESIAN_POINT('',(50.3422933837367,-80.,-26.7330038878122));
#4047=CARTESIAN_POINT('',(56.5699666279907,-80.0000000000001,-6.98848164539478));
#4048=CARTESIAN_POINT('',(56.5406214573741,-80.,-4.98869694174256));
#4049=CARTESIAN_POINT('',(54.9999999999999,-80.,100.));
#4050=CARTESIAN_POINT('',(143.537510503657,-80.,43.5543692229886));
#4051=CARTESIAN_POINT('',(0.,-80.,0.));
#4052=CARTESIAN_POINT('',(141.489965247757,-80.,49.8055191137339));
#4053=CARTESIAN_POINT('',(54.9999999999999,-80.,100.));
#4054=CARTESIAN_POINT('',(57.0042927540728,-80.,0.0200879648518393));
#4055=CARTESIAN_POINT('',(56.9642068989914,-80.,2.01968620555481));
#4056=CARTESIAN_POINT('',(52.4852690137753,-80.0000000000001,22.2327806752022));
#4057=CARTESIAN_POINT('',(51.4599629987168,-80.,23.9499724453562));
#4058=CARTESIAN_POINT('',(-2.36860279185595,-80.,114.102540378444));
#4059=CARTESIAN_POINT('',(102.529945880649,-80.,109.487945444744));
#4060=CARTESIAN_POINT('',(0.,-80.,0.));
#4061=CARTESIAN_POINT('',(97.631144728268,-80.,113.877827425043));
#4062=CARTESIAN_POINT('',(-2.36860279185594,-80.,114.102540378444));
#4063=CARTESIAN_POINT('',(49.3571216673664,-80.,28.5195430649084));
#4064=CARTESIAN_POINT('',(48.3226071781819,-80.,30.2312030111791));
#4065=CARTESIAN_POINT('',(34.3371859527886,-80.0000000000001,45.4967873683805));
#4066=CARTESIAN_POINT('',(32.5906490120179,-80.,46.4712660569742));
#4067=CARTESIAN_POINT('',(-59.1025403784439,-80.,97.6313972081441));
#4068=CARTESIAN_POINT('',(34.0495650589137,-80.,146.084315103637));
#4069=CARTESIAN_POINT('',(0.,-80.,0.));
#4070=CARTESIAN_POINT('',(27.6121378227136,-80.,147.436663842002));
#4071=CARTESIAN_POINT('',(-59.1025403784439,-80.,97.6313972081441));
#4072=CARTESIAN_POINT('',(28.4847496891644,-80.,49.3772096322182));
#4073=CARTESIAN_POINT('',(26.7330038878123,-80.,50.3422933837367));
#4074=CARTESIAN_POINT('',(6.98848164539485,-80.0000000000001,56.5699666279907));
#4075=CARTESIAN_POINT('',(4.98869694174263,-80.,56.5406214573741));
#4076=CARTESIAN_POINT('',(-100.,-80.,55.));
#4077=CARTESIAN_POINT('',(-43.5543692229884,-80.,143.537510503658));
#4078=CARTESIAN_POINT('',(0.,-80.,0.));
#4079=CARTESIAN_POINT('',(0.,-80.,55.));
#4080=CARTESIAN_POINT('',(0.,-0.399999999999997,0.));
#4081=CARTESIAN_POINT('',(0.,-0.399999999999997,-35.));
#4082=CARTESIAN_POINT('',(0.,0.,0.));
#4083=CARTESIAN_POINT('',(0.,3.07046055247895E-15,0.));
#4084=CARTESIAN_POINT('',(0.,3.07046055247895E-15,-69.6000000000001));
#4085=CARTESIAN_POINT('',(0.,3.07046055247895E-15,0.));
#4086=CARTESIAN_POINT('',(0.,3.07046055247895E-15,-35.4));
#4087=CARTESIAN_POINT('',(0.,3.07046055247895E-15,35.));
#4088=CARTESIAN_POINT('',(0.,-0.399999999999997,0.));
#4089=CARTESIAN_POINT('',(0.,-0.399999999999997,-70.0000000000001));
#4090=CARTESIAN_POINT('',(0.,-9.60000000000077,0.));
#4091=CARTESIAN_POINT('',(0.,-9.60000000000077,-70.0000000000001));
#4092=CARTESIAN_POINT('',(0.,0.,0.));
#4093=CARTESIAN_POINT('',(0.,-10.0000000000008,0.));
#4094=CARTESIAN_POINT('',(0.,-10.0000000000008,-70.4000000000001));
#4095=CARTESIAN_POINT('',(0.,-10.0000000000006,0.));
#4096=CARTESIAN_POINT('',(0.,-10.0000000000006,-150.));
#4097=CARTESIAN_POINT('',(0.,-10.0000000000008,70.0000000000001));
#4098=CARTESIAN_POINT('',(0.,-15.0000000000001,0.));
#4099=CARTESIAN_POINT('',(-52.2775463364806,-15.0000000000002,140.595370297308));
#4100=CARTESIAN_POINT('',(-107.669572706012,-15.0000000000001,104.437843300715));
#4101=CARTESIAN_POINT('',(-52.2775463364806,-15.0000000000002,140.595370297308));
#4102=CARTESIAN_POINT('',(-51.9615982276168,-15.0000000000002,140.712849214758));
#4103=CARTESIAN_POINT('',(-51.6413512702648,-15.0496922601556,140.830658340528));
#4104=CARTESIAN_POINT('',(-51.3390821316717,-15.1503642926418,140.940762896607));
#4105=CARTESIAN_POINT('',(-51.0667062319286,-15.2410802537717,141.039978541536));
#4106=CARTESIAN_POINT('',(-50.8021653155165,-15.3757795642618,141.135397181837));
#4107=CARTESIAN_POINT('',(-50.570907501842,-15.5544506042349,141.218211695376));
#4108=CARTESIAN_POINT('',(-50.3936723919719,-15.6913834105133,141.281680423947));
#4109=CARTESIAN_POINT('',(-50.2321270889427,-15.8577185161439,141.339136987166));
#4110=CARTESIAN_POINT('',(-50.1048423267103,-16.047336554449,141.384245145686));
#4111=CARTESIAN_POINT('',(-50.0004895386897,-16.2027924834155,141.421226493818));
#4112=CARTESIAN_POINT('',(-49.9171217320887,-16.3778164639764,141.450641180934));
#4113=CARTESIAN_POINT('',(-49.866049016565,-16.5608223565259,141.468643718237));
#4114=CARTESIAN_POINT('',(-49.8264573328114,-16.7026889353547,141.482599325578));
#4115=CARTESIAN_POINT('',(-49.8055191137338,-16.8520527574194,141.489965247757));
#4116=CARTESIAN_POINT('',(-49.8055191137338,-17.0000000000002,141.489965247757));
#4117=CARTESIAN_POINT('',(-49.8055191137338,-17.0000000000002,141.489965247757));
#4118=CARTESIAN_POINT('',(-49.8055191137338,563.499999999997,141.489965247757));
#4119=CARTESIAN_POINT('',(-43.5543692229884,563.499999999997,143.537510503658));
#4120=CARTESIAN_POINT('',(-43.5543692229884,-17.0000000000002,143.537510503658));
#4121=CARTESIAN_POINT('',(-43.5543692229884,-17.0000000000002,143.537510503658));
#4122=CARTESIAN_POINT('',(-43.5543692229884,-16.8146882543691,143.537510503658));
#4123=CARTESIAN_POINT('',(-43.5205052489272,-16.6267478380905,143.547796375061));
#4124=CARTESIAN_POINT('',(-43.4583206030464,-16.4531990407437,143.56661997262));
#4125=CARTESIAN_POINT('',(-43.3963680933115,-16.2802981034655,143.585373301429));
#4126=CARTESIAN_POINT('',(-43.3052899983261,-16.1169266909281,143.612899636998));
#4127=CARTESIAN_POINT('',(-43.1957502296349,-15.9720110278511,143.645839348374));
#4128=CARTESIAN_POINT('',(-43.0490415964931,-15.7779228066974,143.689956111536));
#4129=CARTESIAN_POINT('',(-42.8655569174616,-15.6111131033568,143.744868325514));
#4130=CARTESIAN_POINT('',(-42.6664352919777,-15.476948332065,143.803947440519));
#4131=CARTESIAN_POINT('',(-42.4077841877988,-15.3026736085024,143.880688870751));
#4132=CARTESIAN_POINT('',(-42.1150105855309,-15.1772462179259,143.966742778047));
#4133=CARTESIAN_POINT('',(-41.8156889430007,-15.0996667082232,144.05362945175));
#4134=CARTESIAN_POINT('',(-41.5584764209242,-15.0330012269588,144.128292748026));
#4135=CARTESIAN_POINT('',(-41.2911419020167,-15.0000000000002,144.205123964453));
#4136=CARTESIAN_POINT('',(-41.0256635276637,-15.0000000000002,144.280611767884));
#4137=CARTESIAN_POINT('',(25.0240019737435,-15.0000000000001,147.897935500189));
#4138=CARTESIAN_POINT('',(25.3563605210224,-15.0000000000001,147.841701172678));
#4139=CARTESIAN_POINT('',(25.6926070844589,-15.0496922601557,147.783603389717));
#4140=CARTESIAN_POINT('',(26.0094321152998,-15.1503642926418,147.727822163056));
#4141=CARTESIAN_POINT('',(26.2949243863206,-15.2410802537717,147.677557482146));
#4142=CARTESIAN_POINT('',(26.5717328604246,-15.3757795642618,147.627921990436));
#4143=CARTESIAN_POINT('',(26.8134152586599,-15.554450604235,147.584012556126));
#4144=CARTESIAN_POINT('',(26.9986397305353,-15.6913834105133,147.550360532479));
#4145=CARTESIAN_POINT('',(27.1672703484302,-15.8577185161439,147.519346724326));
#4146=CARTESIAN_POINT('',(27.3000562652982,-16.047336554449,147.494769154406));
#4147=CARTESIAN_POINT('',(27.4089191047457,-16.2027924834155,147.474619547344));
#4148=CARTESIAN_POINT('',(27.495825086678,-16.3778164639764,147.458409510331));
#4149=CARTESIAN_POINT('',(27.5490566244133,-16.5608223565259,147.448463807206));
#4150=CARTESIAN_POINT('',(27.5903218319926,-16.7026889353548,147.440753875811));
#4151=CARTESIAN_POINT('',(27.6121378227136,-16.8520527574194,147.436663842002));
#4152=CARTESIAN_POINT('',(27.6121378227136,-17.0000000000002,147.436663842002));
#4153=CARTESIAN_POINT('',(27.6121378227136,-17.0000000000002,147.436663842002));
#4154=CARTESIAN_POINT('',(27.6121378227136,563.499999999997,147.436663842002));
#4155=CARTESIAN_POINT('',(34.0495650589137,563.499999999997,146.084315103637));
#4156=CARTESIAN_POINT('',(34.0495650589137,-17.0000000000002,146.084315103637));
#4157=CARTESIAN_POINT('',(34.0495650589137,-17.0000000000002,146.084315103637));
#4158=CARTESIAN_POINT('',(34.0495650589137,-16.814688254369,146.084315103637));
#4159=CARTESIAN_POINT('',(34.0840350564257,-16.6267478380905,146.076290942543));
#4160=CARTESIAN_POINT('',(34.1473003382634,-16.4531990407437,146.061500333279));
#4161=CARTESIAN_POINT('',(34.2103294499261,-16.2802981034655,146.046764937565));
#4162=CARTESIAN_POINT('',(34.3029685616962,-16.1169266909281,146.025064395948));
#4163=CARTESIAN_POINT('',(34.4143026397958,-15.9720110278511,145.998821138448));
#4164=CARTESIAN_POINT('',(34.5634144246321,-15.7779228066974,145.963673059508));
#4165=CARTESIAN_POINT('',(34.7497729248675,-15.6111131033568,145.919486092275));
#4166=CARTESIAN_POINT('',(34.9517568684817,-15.476948332065,145.87108929396));
#4167=CARTESIAN_POINT('',(35.2141260105337,-15.3026736085025,145.808223769975));
#4168=CARTESIAN_POINT('',(35.5107023413032,-15.1772462179259,145.736361838654));
#4169=CARTESIAN_POINT('',(35.8133658244885,-15.0996667082232,145.661947084066));
#4170=CARTESIAN_POINT('',(36.0734500509163,-15.0330012269588,145.598001134333));
#4171=CARTESIAN_POINT('',(36.3433841438119,-15.0000000000001,145.530871660109));
#4172=CARTESIAN_POINT('',(36.6110390618726,-15.0000000000001,145.46350682838));
#4173=CARTESIAN_POINT('',(95.6203891637083,-15.0000000000001,115.571368323564));
#4174=CARTESIAN_POINT('',(95.8801029450613,-15.0000000000001,115.356488693736));
#4175=CARTESIAN_POINT('',(96.1422521194516,-15.0496922601556,115.138051256069));
#4176=CARTESIAN_POINT('',(96.3887400313846,-15.1503642926418,114.931330781307));
#4177=CARTESIAN_POINT('',(96.6108512502177,-15.2410802537717,114.745054155215));
#4178=CARTESIAN_POINT('',(96.8257566749194,-15.3757795642618,114.563664321413));
#4179=CARTESIAN_POINT('',(97.0131050542836,-15.554450604235,114.404796436716));
#4180=CARTESIAN_POINT('',(97.1566881405067,-15.6913834105133,114.283040693412));
#4181=CARTESIAN_POINT('',(97.2872196353834,-15.8577185161439,114.171866638736));
#4182=CARTESIAN_POINT('',(97.3899268276958,-16.047336554449,114.084188880388));
#4183=CARTESIAN_POINT('',(97.4741300086546,-16.2027924834155,114.012307389073));
#4184=CARTESIAN_POINT('',(97.541287778242,-16.3778164639764,113.954816094256));
#4185=CARTESIAN_POINT('',(97.5824147906407,-16.5608223565259,113.919587093824));
#4186=CARTESIAN_POINT('',(97.6142965429994,-16.7026889353547,113.892277493585));
#4187=CARTESIAN_POINT('',(97.631144728268,-16.8520527574194,113.877827425043));
#4188=CARTESIAN_POINT('',(97.631144728268,-17.0000000000002,113.877827425043));
#4189=CARTESIAN_POINT('',(97.631144728268,-17.0000000000002,113.877827425043));
#4190=CARTESIAN_POINT('',(97.631144728268,563.499999999997,113.877827425043));
#4191=CARTESIAN_POINT('',(102.529945880649,563.499999999997,109.487945444744));
#4192=CARTESIAN_POINT('',(102.529945880649,-17.0000000000002,109.487945444744));
#4193=CARTESIAN_POINT('',(102.529945880649,-17.0000000000002,109.487945444744));
#4194=CARTESIAN_POINT('',(102.529945880649,-16.814688254369,109.487945444744));
#4195=CARTESIAN_POINT('',(102.555785693615,-16.6267478380905,109.463761318636));
#4196=CARTESIAN_POINT('',(102.603179730232,-16.4531990407437,109.419319634357));
#4197=CARTESIAN_POINT('',(102.650396844253,-16.2802981034655,109.375043851503));
#4198=CARTESIAN_POINT('',(102.719774397622,-16.1169266909281,109.309931075302));
#4199=CARTESIAN_POINT('',(102.803070908813,-15.9720110278511,109.231536708579));
#4200=CARTESIAN_POINT('',(102.914631463015,-15.7779228066974,109.126541686904));
#4201=CARTESIAN_POINT('',(103.053929174814,-15.6111131033568,108.995095400647));
#4202=CARTESIAN_POINT('',(103.204654001982,-15.476948332065,108.852190572037));
#4203=CARTESIAN_POINT('',(103.400439582176,-15.3026736085025,108.666562860217));
#4204=CARTESIAN_POINT('',(103.621351253123,-15.177246217926,108.456040436744));
#4205=CARTESIAN_POINT('',(103.846258141066,-15.0996667082232,108.240263627262));
#4206=CARTESIAN_POINT('',(104.039524713409,-15.0330012269588,108.05484269711));
#4207=CARTESIAN_POINT('',(104.239729758092,-15.0000000000001,107.861739820641));
#4208=CARTESIAN_POINT('',(104.437843300716,-15.0000000000001,107.669572706012));
#4209=CARTESIAN_POINT('',(140.595370297308,-15.0000000000001,52.2775463364808));
#4210=CARTESIAN_POINT('',(140.712849214758,-15.0000000000001,51.9615982276169));
#4211=CARTESIAN_POINT('',(140.830658340528,-15.0496922601556,51.641351270265));
#4212=CARTESIAN_POINT('',(140.940762896606,-15.1503642926418,51.3390821316719));
#4213=CARTESIAN_POINT('',(141.039978541536,-15.2410802537717,51.0667062319288));
#4214=CARTESIAN_POINT('',(141.135397181837,-15.3757795642618,50.8021653155167));
#4215=CARTESIAN_POINT('',(141.218211695376,-15.5544506042349,50.5709075018422));
#4216=CARTESIAN_POINT('',(141.281680423947,-15.6913834105133,50.3936723919721));
#4217=CARTESIAN_POINT('',(141.339136987166,-15.8577185161439,50.2321270889429));
#4218=CARTESIAN_POINT('',(141.384245145686,-16.047336554449,50.1048423267104));
#4219=CARTESIAN_POINT('',(141.421226493818,-16.2027924834155,50.0004895386899));
#4220=CARTESIAN_POINT('',(141.450641180934,-16.3778164639764,49.9171217320889));
#4221=CARTESIAN_POINT('',(141.468643718237,-16.5608223565259,49.8660490165651));
#4222=CARTESIAN_POINT('',(141.482599325577,-16.7026889353547,49.8264573328116));
#4223=CARTESIAN_POINT('',(141.489965247757,-16.8520527574194,49.8055191137339));
#4224=CARTESIAN_POINT('',(141.489965247757,-17.0000000000002,49.8055191137339));
#4225=CARTESIAN_POINT('',(141.489965247757,-17.0000000000002,49.8055191137339));
#4226=CARTESIAN_POINT('',(141.489965247757,563.499999999997,49.8055191137339));
#4227=CARTESIAN_POINT('',(143.537510503657,563.499999999997,43.5543692229886));
#4228=CARTESIAN_POINT('',(143.537510503657,-17.0000000000002,43.5543692229886));
#4229=CARTESIAN_POINT('',(143.537510503657,-17.0000000000002,43.5543692229886));
#4230=CARTESIAN_POINT('',(143.537510503657,-16.814688254369,43.5543692229886));
#4231=CARTESIAN_POINT('',(143.547796375061,-16.6267478380905,43.5205052489273));
#4232=CARTESIAN_POINT('',(143.56661997262,-16.4531990407437,43.4583206030465));
#4233=CARTESIAN_POINT('',(143.585373301429,-16.2802981034655,43.3963680933116));
#4234=CARTESIAN_POINT('',(143.612899636998,-16.1169266909281,43.3052899983263));
#4235=CARTESIAN_POINT('',(143.645839348374,-15.9720110278511,43.1957502296351));
#4236=CARTESIAN_POINT('',(143.689956111536,-15.7779228066974,43.0490415964932));
#4237=CARTESIAN_POINT('',(143.744868325514,-15.6111131033567,42.8655569174618));
#4238=CARTESIAN_POINT('',(143.803947440519,-15.476948332065,42.6664352919779));
#4239=CARTESIAN_POINT('',(143.880688870751,-15.3026736085025,42.4077841877989));
#4240=CARTESIAN_POINT('',(143.966742778047,-15.177246217926,42.1150105855311));
#4241=CARTESIAN_POINT('',(144.05362945175,-15.0996667082232,41.8156889430009));
#4242=CARTESIAN_POINT('',(144.128292748026,-15.0330012269588,41.5584764209244));
#4243=CARTESIAN_POINT('',(144.205123964453,-15.0000000000001,41.2911419020169));
#4244=CARTESIAN_POINT('',(144.280611767884,-15.0000000000001,41.0256635276638));
#4245=CARTESIAN_POINT('',(147.897935500189,-15.0000000000001,-25.0240019737433));
#4246=CARTESIAN_POINT('',(147.841701172678,-15.0000000000001,-25.3563605210223));
#4247=CARTESIAN_POINT('',(147.783603389717,-15.0496922601556,-25.6926070844587));
#4248=CARTESIAN_POINT('',(147.727822163056,-15.1503642926418,-26.0094321152996));
#4249=CARTESIAN_POINT('',(147.677557482146,-15.2410802537717,-26.2949243863204));
#4250=CARTESIAN_POINT('',(147.627921990436,-15.3757795642618,-26.5717328604244));
#4251=CARTESIAN_POINT('',(147.584012556126,-15.5544506042349,-26.8134152586597));
#4252=CARTESIAN_POINT('',(147.550360532479,-15.6913834105133,-26.9986397305351));
#4253=CARTESIAN_POINT('',(147.519346724326,-15.8577185161439,-27.1672703484301));
#4254=CARTESIAN_POINT('',(147.494769154406,-16.047336554449,-27.300056265298));
#4255=CARTESIAN_POINT('',(147.474619547344,-16.2027924834155,-27.4089191047455));
#4256=CARTESIAN_POINT('',(147.458409510331,-16.3778164639764,-27.4958250866778));
#4257=CARTESIAN_POINT('',(147.448463807206,-16.5608223565259,-27.5490566244131));
#4258=CARTESIAN_POINT('',(147.440753875811,-16.7026889353548,-27.5903218319924));
#4259=CARTESIAN_POINT('',(147.436663842002,-16.8520527574194,-27.6121378227134));
#4260=CARTESIAN_POINT('',(147.436663842002,-17.0000000000002,-27.6121378227134));
#4261=CARTESIAN_POINT('',(147.436663842002,-17.0000000000002,-27.6121378227134));
#4262=CARTESIAN_POINT('',(147.436663842002,563.499999999997,-27.6121378227134));
#4263=CARTESIAN_POINT('',(146.084315103637,563.499999999997,-34.0495650589135));
#4264=CARTESIAN_POINT('',(146.084315103637,-17.0000000000002,-34.0495650589135));
#4265=CARTESIAN_POINT('',(146.084315103637,-17.0000000000002,-34.0495650589135));
#4266=CARTESIAN_POINT('',(146.084315103637,-16.8146882543691,-34.0495650589135));
#4267=CARTESIAN_POINT('',(146.076290942543,-16.6267478380904,-34.0840350564255));
#4268=CARTESIAN_POINT('',(146.061500333279,-16.4531990407437,-34.1473003382632));
#4269=CARTESIAN_POINT('',(146.046764937565,-16.2802981034655,-34.2103294499259));
#4270=CARTESIAN_POINT('',(146.025064395948,-16.1169266909281,-34.3029685616961));
#4271=CARTESIAN_POINT('',(145.998821138448,-15.9720110278511,-34.4143026397957));
#4272=CARTESIAN_POINT('',(145.963673059508,-15.7779228066973,-34.5634144246319));
#4273=CARTESIAN_POINT('',(145.919486092275,-15.6111131033567,-34.7497729248674));
#4274=CARTESIAN_POINT('',(145.87108929396,-15.476948332065,-34.9517568684815));
#4275=CARTESIAN_POINT('',(145.808223769975,-15.3026736085024,-35.2141260105336));
#4276=CARTESIAN_POINT('',(145.736361838654,-15.1772462179259,-35.510702341303));
#4277=CARTESIAN_POINT('',(145.661947084066,-15.0996667082232,-35.8133658244883));
#4278=CARTESIAN_POINT('',(145.598001134334,-15.0330012269588,-36.0734500509161));
#4279=CARTESIAN_POINT('',(145.530871660109,-15.0000000000001,-36.3433841438117));
#4280=CARTESIAN_POINT('',(145.46350682838,-15.0000000000001,-36.6110390618724));
#4281=CARTESIAN_POINT('',(115.571368323564,-15.0000000000001,-95.6203891637081));
#4282=CARTESIAN_POINT('',(115.356488693736,-15.0000000000001,-95.8801029450612));
#4283=CARTESIAN_POINT('',(115.138051256069,-15.0496922601556,-96.1422521194515));
#4284=CARTESIAN_POINT('',(114.931330781307,-15.1503642926418,-96.3887400313844));
#4285=CARTESIAN_POINT('',(114.745054155215,-15.2410802537717,-96.6108512502175));
#4286=CARTESIAN_POINT('',(114.563664321413,-15.3757795642618,-96.8257566749193));
#4287=CARTESIAN_POINT('',(114.404796436717,-15.554450604235,-97.0131050542834));
#4288=CARTESIAN_POINT('',(114.283040693412,-15.6913834105133,-97.1566881405065));
#4289=CARTESIAN_POINT('',(114.171866638736,-15.8577185161439,-97.2872196353832));
#4290=CARTESIAN_POINT('',(114.084188880388,-16.047336554449,-97.3899268276956));
#4291=CARTESIAN_POINT('',(114.012307389073,-16.2027924834155,-97.4741300086544));
#4292=CARTESIAN_POINT('',(113.954816094257,-16.3778164639764,-97.5412877782418));
#4293=CARTESIAN_POINT('',(113.919587093824,-16.5608223565259,-97.5824147906405));
#4294=CARTESIAN_POINT('',(113.892277493585,-16.7026889353547,-97.6142965429993));
#4295=CARTESIAN_POINT('',(113.877827425044,-16.8520527574192,-97.6311447282679));
#4296=CARTESIAN_POINT('',(113.877827425044,-17.,-97.6311447282679));
#4297=CARTESIAN_POINT('',(113.877827425044,-17.,-97.6311447282679));
#4298=CARTESIAN_POINT('',(113.877827425044,563.499999999997,-97.6311447282679));
#4299=CARTESIAN_POINT('',(109.487945444744,563.499999999997,-102.529945880649));
#4300=CARTESIAN_POINT('',(109.487945444744,-17.,-102.529945880649));
#4301=CARTESIAN_POINT('',(109.487945444744,-17.,-102.529945880649));
#4302=CARTESIAN_POINT('',(109.487945444744,-16.8146882543689,-102.529945880649));
#4303=CARTESIAN_POINT('',(109.463761318636,-16.6267478380904,-102.555785693615));
#4304=CARTESIAN_POINT('',(109.419319634357,-16.4531990407437,-102.603179730232));
#4305=CARTESIAN_POINT('',(109.375043851503,-16.2802981034655,-102.650396844253));
#4306=CARTESIAN_POINT('',(109.309931075302,-16.1169266909281,-102.719774397622));
#4307=CARTESIAN_POINT('',(109.231536708579,-15.9720110278511,-102.803070908813));
#4308=CARTESIAN_POINT('',(109.126541686904,-15.7779228066974,-102.914631463015));
#4309=CARTESIAN_POINT('',(108.995095400647,-15.6111131033567,-103.053929174813));
#4310=CARTESIAN_POINT('',(108.852190572037,-15.476948332065,-103.204654001982));
#4311=CARTESIAN_POINT('',(108.666562860218,-15.3026736085024,-103.400439582176));
#4312=CARTESIAN_POINT('',(108.456040436744,-15.1772462179259,-103.621351253123));
#4313=CARTESIAN_POINT('',(108.240263627262,-15.0996667082232,-103.846258141065));
#4314=CARTESIAN_POINT('',(108.05484269711,-15.0330012269588,-104.039524713409));
#4315=CARTESIAN_POINT('',(107.861739820641,-15.0000000000001,-104.239729758092));
#4316=CARTESIAN_POINT('',(107.669572706012,-15.0000000000001,-104.437843300716));
#4317=CARTESIAN_POINT('',(52.277546336481,-15.0000000000001,-140.595370297308));
#4318=CARTESIAN_POINT('',(51.9615982276171,-15.0000000000001,-140.712849214758));
#4319=CARTESIAN_POINT('',(51.6413512702651,-15.0496922601556,-140.830658340528));
#4320=CARTESIAN_POINT('',(51.339082131672,-15.1503642926418,-140.940762896606));
#4321=CARTESIAN_POINT('',(51.0667062319289,-15.2410802537717,-141.039978541536));
#4322=CARTESIAN_POINT('',(50.8021653155169,-15.3757795642618,-141.135397181837));
#4323=CARTESIAN_POINT('',(50.5709075018423,-15.5544506042349,-141.218211695376));
#4324=CARTESIAN_POINT('',(50.3936723919722,-15.6913834105133,-141.281680423947));
#4325=CARTESIAN_POINT('',(50.2321270889431,-15.8577185161439,-141.339136987166));
#4326=CARTESIAN_POINT('',(50.1048423267106,-16.047336554449,-141.384245145686));
#4327=CARTESIAN_POINT('',(50.0004895386901,-16.2027924834155,-141.421226493818));
#4328=CARTESIAN_POINT('',(49.9171217320891,-16.3778164639764,-141.450641180934));
#4329=CARTESIAN_POINT('',(49.8660490165653,-16.5608223565259,-141.468643718237));
#4330=CARTESIAN_POINT('',(49.8264573328118,-16.7026889353548,-141.482599325577));
#4331=CARTESIAN_POINT('',(49.8055191137341,-16.8520527574194,-141.489965247757));
#4332=CARTESIAN_POINT('',(49.8055191137341,-17.0000000000002,-141.489965247757));
#4333=CARTESIAN_POINT('',(49.8055191137341,-17.0000000000002,-141.489965247757));
#4334=CARTESIAN_POINT('',(49.8055191137341,563.499999999997,-141.489965247757));
#4335=CARTESIAN_POINT('',(43.5543692229887,563.499999999997,-143.537510503657));
#4336=CARTESIAN_POINT('',(43.5543692229887,-17.0000000000002,-143.537510503657));
#4337=CARTESIAN_POINT('',(43.5543692229887,-17.0000000000002,-143.537510503657));
#4338=CARTESIAN_POINT('',(43.5543692229887,-16.8146882543691,-143.537510503657));
#4339=CARTESIAN_POINT('',(43.5205052489275,-16.6267478380905,-143.547796375061));
#4340=CARTESIAN_POINT('',(43.4583206030467,-16.4531990407437,-143.56661997262));
#4341=CARTESIAN_POINT('',(43.3963680933118,-16.2802981034655,-143.585373301429));
#4342=CARTESIAN_POINT('',(43.3052899983264,-16.1169266909281,-143.612899636998));
#4343=CARTESIAN_POINT('',(43.1957502296352,-15.9720110278511,-143.645839348374));
#4344=CARTESIAN_POINT('',(43.0490415964934,-15.7779228066974,-143.689956111536));
#4345=CARTESIAN_POINT('',(42.8655569174619,-15.6111131033567,-143.744868325514));
#4346=CARTESIAN_POINT('',(42.666435291978,-15.476948332065,-143.803947440519));
#4347=CARTESIAN_POINT('',(42.4077841877991,-15.3026736085024,-143.880688870751));
#4348=CARTESIAN_POINT('',(42.1150105855312,-15.1772462179259,-143.966742778047));
#4349=CARTESIAN_POINT('',(41.815688943001,-15.0996667082232,-144.05362945175));
#4350=CARTESIAN_POINT('',(41.5584764209245,-15.0330012269588,-144.128292748026));
#4351=CARTESIAN_POINT('',(41.291141902017,-15.0000000000001,-144.205123964453));
#4352=CARTESIAN_POINT('',(41.025663527664,-15.0000000000001,-144.280611767884));
#4353=CARTESIAN_POINT('',(-25.0240019737432,-15.0000000000001,-147.897935500189));
#4354=CARTESIAN_POINT('',(-25.3563605210221,-15.0000000000001,-147.841701172678));
#4355=CARTESIAN_POINT('',(-25.6926070844585,-15.0496922601556,-147.783603389717));
#4356=CARTESIAN_POINT('',(-26.0094321152994,-15.1503642926418,-147.727822163056));
#4357=CARTESIAN_POINT('',(-26.2949243863202,-15.2410802537717,-147.677557482146));
#4358=CARTESIAN_POINT('',(-26.5717328604242,-15.3757795642618,-147.627921990436));
#4359=CARTESIAN_POINT('',(-26.8134152586596,-15.5544506042349,-147.584012556126));
#4360=CARTESIAN_POINT('',(-26.9986397305349,-15.6913834105133,-147.550360532479));
#4361=CARTESIAN_POINT('',(-27.1672703484299,-15.8577185161439,-147.519346724326));
#4362=CARTESIAN_POINT('',(-27.3000562652978,-16.047336554449,-147.494769154406));
#4363=CARTESIAN_POINT('',(-27.4089191047453,-16.2027924834155,-147.474619547345));
#4364=CARTESIAN_POINT('',(-27.4958250866776,-16.3778164639764,-147.458409510331));
#4365=CARTESIAN_POINT('',(-27.5490566244129,-16.5608223565259,-147.448463807206));
#4366=CARTESIAN_POINT('',(-27.5903218319922,-16.7026889353547,-147.440753875811));
#4367=CARTESIAN_POINT('',(-27.6121378227132,-16.8520527574194,-147.436663842002));
#4368=CARTESIAN_POINT('',(-27.6121378227132,-17.0000000000002,-147.436663842002));
#4369=CARTESIAN_POINT('',(-27.6121378227132,-17.0000000000002,-147.436663842002));
#4370=CARTESIAN_POINT('',(-27.6121378227132,563.499999999997,-147.436663842002));
#4371=CARTESIAN_POINT('',(-34.0495650589133,563.499999999997,-146.084315103637));
#4372=CARTESIAN_POINT('',(-34.0495650589133,-17.0000000000002,-146.084315103637));
#4373=CARTESIAN_POINT('',(-34.0495650589133,-17.0000000000002,-146.084315103637));
#4374=CARTESIAN_POINT('',(-34.0495650589133,-16.814688254369,-146.084315103637));
#4375=CARTESIAN_POINT('',(-34.0840350564254,-16.6267478380905,-146.076290942543));
#4376=CARTESIAN_POINT('',(-34.147300338263,-16.4531990407437,-146.061500333279));
#4377=CARTESIAN_POINT('',(-34.2103294499257,-16.2802981034655,-146.046764937565));
#4378=CARTESIAN_POINT('',(-34.3029685616959,-16.1169266909281,-146.025064395948));
#4379=CARTESIAN_POINT('',(-34.4143026397955,-15.9720110278511,-145.998821138448));
#4380=CARTESIAN_POINT('',(-34.5634144246317,-15.7779228066974,-145.963673059508));
#4381=CARTESIAN_POINT('',(-34.7497729248672,-15.6111131033567,-145.919486092275));
#4382=CARTESIAN_POINT('',(-34.9517568684814,-15.476948332065,-145.87108929396));
#4383=CARTESIAN_POINT('',(-35.2141260105334,-15.3026736085024,-145.808223769975));
#4384=CARTESIAN_POINT('',(-35.5107023413029,-15.1772462179259,-145.736361838654));
#4385=CARTESIAN_POINT('',(-35.8133658244881,-15.0996667082232,-145.661947084066));
#4386=CARTESIAN_POINT('',(-36.0734500509159,-15.0330012269588,-145.598001134334));
#4387=CARTESIAN_POINT('',(-36.3433841438115,-15.0000000000001,-145.530871660109));
#4388=CARTESIAN_POINT('',(-36.6110390618722,-15.0000000000001,-145.46350682838));
#4389=CARTESIAN_POINT('',(-95.620389163708,-15.0000000000001,-115.571368323565));
#4390=CARTESIAN_POINT('',(-95.8801029450611,-15.0000000000001,-115.356488693736));
#4391=CARTESIAN_POINT('',(-96.1422521194514,-15.0496922601556,-115.138051256069));
#4392=CARTESIAN_POINT('',(-96.3887400313843,-15.1503642926418,-114.931330781307));
#4393=CARTESIAN_POINT('',(-96.6108512502174,-15.2410802537717,-114.745054155215));
#4394=CARTESIAN_POINT('',(-96.8257566749192,-15.3757795642618,-114.563664321413));
#4395=CARTESIAN_POINT('',(-97.0131050542833,-15.5544506042349,-114.404796436717));
#4396=CARTESIAN_POINT('',(-97.1566881405064,-15.6913834105133,-114.283040693412));
#4397=CARTESIAN_POINT('',(-97.2872196353831,-15.8577185161439,-114.171866638736));
#4398=CARTESIAN_POINT('',(-97.3899268276955,-16.047336554449,-114.084188880388));
#4399=CARTESIAN_POINT('',(-97.4741300086543,-16.2027924834155,-114.012307389073));
#4400=CARTESIAN_POINT('',(-97.5412877782417,-16.3778164639764,-113.954816094257));
#4401=CARTESIAN_POINT('',(-97.5824147906404,-16.5608223565259,-113.919587093824));
#4402=CARTESIAN_POINT('',(-97.6142965429992,-16.7026889353547,-113.892277493585));
#4403=CARTESIAN_POINT('',(-97.6311447282678,-16.8520527574194,-113.877827425044));
#4404=CARTESIAN_POINT('',(-97.6311447282678,-17.0000000000002,-113.877827425044));
#4405=CARTESIAN_POINT('',(-97.6311447282678,-17.0000000000002,-113.877827425044));
#4406=CARTESIAN_POINT('',(-97.6311447282678,563.499999999997,-113.877827425044));
#4407=CARTESIAN_POINT('',(-102.529945880649,563.499999999997,-109.487945444744));
#4408=CARTESIAN_POINT('',(-102.529945880649,-17.0000000000002,-109.487945444744));
#4409=CARTESIAN_POINT('',(-102.529945880649,-17.0000000000002,-109.487945444744));
#4410=CARTESIAN_POINT('',(-102.529945880649,-16.814688254369,-109.487945444744));
#4411=CARTESIAN_POINT('',(-102.555785693615,-16.6267478380905,-109.463761318636));
#4412=CARTESIAN_POINT('',(-102.603179730232,-16.4531990407437,-109.419319634357));
#4413=CARTESIAN_POINT('',(-102.650396844253,-16.2802981034655,-109.375043851503));
#4414=CARTESIAN_POINT('',(-102.719774397622,-16.1169266909281,-109.309931075302));
#4415=CARTESIAN_POINT('',(-102.803070908813,-15.9720110278511,-109.231536708579));
#4416=CARTESIAN_POINT('',(-102.914631463015,-15.7779228066974,-109.126541686904));
#4417=CARTESIAN_POINT('',(-103.053929174813,-15.6111131033567,-108.995095400647));
#4418=CARTESIAN_POINT('',(-103.204654001982,-15.476948332065,-108.852190572037));
#4419=CARTESIAN_POINT('',(-103.400439582176,-15.3026736085024,-108.666562860218));
#4420=CARTESIAN_POINT('',(-103.621351253123,-15.1772462179259,-108.456040436744));
#4421=CARTESIAN_POINT('',(-103.846258141065,-15.0996667082232,-108.240263627262));
#4422=CARTESIAN_POINT('',(-104.039524713409,-15.0330012269588,-108.05484269711));
#4423=CARTESIAN_POINT('',(-104.239729758092,-15.0000000000001,-107.861739820641));
#4424=CARTESIAN_POINT('',(-104.437843300716,-15.0000000000001,-107.669572706012));
#4425=CARTESIAN_POINT('',(-140.595370297308,-15.0000000000001,-52.2775463364812));
#4426=CARTESIAN_POINT('',(-140.712849214758,-15.0000000000001,-51.9615982276173));
#4427=CARTESIAN_POINT('',(-140.830658340528,-15.0496922601556,-51.6413512702653));
#4428=CARTESIAN_POINT('',(-140.940762896606,-15.1503642926418,-51.3390821316722));
#4429=CARTESIAN_POINT('',(-141.039978541536,-15.2410802537717,-51.0667062319291));
#4430=CARTESIAN_POINT('',(-141.135397181837,-15.3757795642618,-50.8021653155171));
#4431=CARTESIAN_POINT('',(-141.218211695376,-15.5544506042349,-50.5709075018425));
#4432=CARTESIAN_POINT('',(-141.281680423947,-15.6913834105133,-50.3936723919724));
#4433=CARTESIAN_POINT('',(-141.339136987166,-15.8577185161439,-50.2321270889433));
#4434=CARTESIAN_POINT('',(-141.384245145686,-16.047336554449,-50.1048423267108));
#4435=CARTESIAN_POINT('',(-141.421226493818,-16.2027924834155,-50.0004895386903));
#4436=CARTESIAN_POINT('',(-141.450641180934,-16.3778164639764,-49.9171217320893));
#4437=CARTESIAN_POINT('',(-141.468643718237,-16.5608223565259,-49.8660490165655));
#4438=CARTESIAN_POINT('',(-141.482599325577,-16.7026889353547,-49.826457332812));
#4439=CARTESIAN_POINT('',(-141.489965247757,-16.8520527574194,-49.8055191137343));
#4440=CARTESIAN_POINT('',(-141.489965247757,-17.0000000000002,-49.8055191137343));
#4441=CARTESIAN_POINT('',(-141.489965247757,-17.0000000000002,-49.8055191137343));
#4442=CARTESIAN_POINT('',(-141.489965247757,563.499999999997,-49.8055191137343));
#4443=CARTESIAN_POINT('',(-143.537510503657,563.499999999997,-43.5543692229889));
#4444=CARTESIAN_POINT('',(-143.537510503657,-17.0000000000002,-43.5543692229889));
#4445=CARTESIAN_POINT('',(-143.537510503657,-17.0000000000002,-43.5543692229889));
#4446=CARTESIAN_POINT('',(-143.537510503657,-16.814688254369,-43.5543692229889));
#4447=CARTESIAN_POINT('',(-143.547796375061,-16.6267478380905,-43.5205052489277));
#4448=CARTESIAN_POINT('',(-143.56661997262,-16.4531990407437,-43.4583206030469));
#4449=CARTESIAN_POINT('',(-143.585373301428,-16.2802981034655,-43.396368093312));
#4450=CARTESIAN_POINT('',(-143.612899636998,-16.1169266909281,-43.3052899983266));
#4451=CARTESIAN_POINT('',(-143.645839348374,-15.9720110278511,-43.1957502296354));
#4452=CARTESIAN_POINT('',(-143.689956111536,-15.7779228066974,-43.0490415964936));
#4453=CARTESIAN_POINT('',(-143.744868325514,-15.6111131033567,-42.8655569174622));
#4454=CARTESIAN_POINT('',(-143.803947440519,-15.476948332065,-42.6664352919782));
#4455=CARTESIAN_POINT('',(-143.880688870751,-15.3026736085024,-42.4077841877993));
#4456=CARTESIAN_POINT('',(-143.966742778047,-15.1772462179259,-42.1150105855314));
#4457=CARTESIAN_POINT('',(-144.05362945175,-15.0996667082232,-41.8156889430012));
#4458=CARTESIAN_POINT('',(-144.128292748026,-15.0330012269588,-41.5584764209247));
#4459=CARTESIAN_POINT('',(-144.205123964453,-15.0000000000001,-41.2911419020172));
#4460=CARTESIAN_POINT('',(-144.280611767884,-15.0000000000001,-41.0256635276642));
#4461=CARTESIAN_POINT('',(-147.897935500189,-15.0000000000001,25.0240019737429));
#4462=CARTESIAN_POINT('',(-147.841701172678,-15.0000000000001,25.3563605210219));
#4463=CARTESIAN_POINT('',(-147.783603389717,-15.0496922601556,25.6926070844583));
#4464=CARTESIAN_POINT('',(-147.727822163056,-15.1503642926418,26.0094321152992));
#4465=CARTESIAN_POINT('',(-147.677557482146,-15.2410802537717,26.29492438632));
#4466=CARTESIAN_POINT('',(-147.627921990436,-15.3757795642618,26.571732860424));
#4467=CARTESIAN_POINT('',(-147.584012556126,-15.554450604235,26.8134152586594));
#4468=CARTESIAN_POINT('',(-147.550360532479,-15.6913834105133,26.9986397305347));
#4469=CARTESIAN_POINT('',(-147.519346724326,-15.8577185161439,27.1672703484297));
#4470=CARTESIAN_POINT('',(-147.494769154406,-16.047336554449,27.3000562652976));
#4471=CARTESIAN_POINT('',(-147.474619547345,-16.2027924834155,27.4089191047451));
#4472=CARTESIAN_POINT('',(-147.458409510331,-16.3778164639764,27.4958250866775));
#4473=CARTESIAN_POINT('',(-147.448463807206,-16.5608223565259,27.5490566244127));
#4474=CARTESIAN_POINT('',(-147.440753875811,-16.7026889353548,27.590321831992));
#4475=CARTESIAN_POINT('',(-147.436663842002,-16.8520527574194,27.612137822713));
#4476=CARTESIAN_POINT('',(-147.436663842002,-17.0000000000002,27.612137822713));
#4477=CARTESIAN_POINT('',(-147.436663842002,-17.0000000000002,27.612137822713));
#4478=CARTESIAN_POINT('',(-147.436663842002,563.499999999997,27.612137822713));
#4479=CARTESIAN_POINT('',(-146.084315103637,563.499999999997,34.0495650589131));
#4480=CARTESIAN_POINT('',(-146.084315103637,-17.0000000000002,34.0495650589131));
#4481=CARTESIAN_POINT('',(-146.084315103637,-17.0000000000002,34.0495650589131));
#4482=CARTESIAN_POINT('',(-146.084315103637,-16.814688254369,34.0495650589131));
#4483=CARTESIAN_POINT('',(-146.076290942543,-16.6267478380905,34.0840350564252));
#4484=CARTESIAN_POINT('',(-146.061500333279,-16.4531990407437,34.1473003382628));
#4485=CARTESIAN_POINT('',(-146.046764937565,-16.2802981034655,34.2103294499255));
#4486=CARTESIAN_POINT('',(-146.025064395948,-16.1169266909281,34.3029685616957));
#4487=CARTESIAN_POINT('',(-145.998821138448,-15.9720110278511,34.4143026397953));
#4488=CARTESIAN_POINT('',(-145.963673059508,-15.7779228066974,34.5634144246315));
#4489=CARTESIAN_POINT('',(-145.919486092275,-15.6111131033567,34.749772924867));
#4490=CARTESIAN_POINT('',(-145.87108929396,-15.476948332065,34.9517568684811));
#4491=CARTESIAN_POINT('',(-145.808223769975,-15.3026736085024,35.2141260105332));
#4492=CARTESIAN_POINT('',(-145.736361838654,-15.1772462179259,35.5107023413026));
#4493=CARTESIAN_POINT('',(-145.661947084067,-15.0996667082232,35.8133658244879));
#4494=CARTESIAN_POINT('',(-145.598001134334,-15.0330012269588,36.0734500509157));
#4495=CARTESIAN_POINT('',(-145.530871660109,-15.0000000000001,36.3433841438113));
#4496=CARTESIAN_POINT('',(-145.46350682838,-15.0000000000001,36.611039061872));
#4497=CARTESIAN_POINT('',(-115.571368323565,-15.0000000000001,95.6203891637078));
#4498=CARTESIAN_POINT('',(-115.356488693736,-15.0000000000001,95.8801029450608));
#4499=CARTESIAN_POINT('',(-115.13805125607,-15.0496922601557,96.1422521194512));
#4500=CARTESIAN_POINT('',(-114.931330781307,-15.1503642926418,96.3887400313841));
#4501=CARTESIAN_POINT('',(-114.745054155216,-15.2410802537717,96.6108512502172));
#4502=CARTESIAN_POINT('',(-114.563664321413,-15.3757795642618,96.8257566749189));
#4503=CARTESIAN_POINT('',(-114.404796436717,-15.554450604235,97.0131050542831));
#4504=CARTESIAN_POINT('',(-114.283040693412,-15.6913834105133,97.1566881405062));
#4505=CARTESIAN_POINT('',(-114.171866638737,-15.8577185161439,97.2872196353829));
#4506=CARTESIAN_POINT('',(-114.084188880388,-16.047336554449,97.3899268276953));
#4507=CARTESIAN_POINT('',(-114.012307389073,-16.2027924834155,97.4741300086541));
#4508=CARTESIAN_POINT('',(-113.954816094257,-16.3778164639764,97.5412877782415));
#4509=CARTESIAN_POINT('',(-113.919587093824,-16.5608223565259,97.5824147906402));
#4510=CARTESIAN_POINT('',(-113.892277493585,-16.7026889353548,97.614296542999));
#4511=CARTESIAN_POINT('',(-113.877827425044,-16.8520527574194,97.6311447282676));
#4512=CARTESIAN_POINT('',(-113.877827425044,-17.0000000000002,97.6311447282676));
#4513=CARTESIAN_POINT('',(-113.877827425044,-17.0000000000002,97.6311447282676));
#4514=CARTESIAN_POINT('',(-113.877827425044,563.499999999997,97.6311447282676));
#4515=CARTESIAN_POINT('',(-109.487945444744,563.499999999997,102.529945880648));
#4516=CARTESIAN_POINT('',(-109.487945444744,-17.0000000000002,102.529945880648));
#4517=CARTESIAN_POINT('',(-109.487945444744,-17.0000000000002,102.529945880648));
#4518=CARTESIAN_POINT('',(-109.487945444744,-16.8146882543691,102.529945880648));
#4519=CARTESIAN_POINT('',(-109.463761318636,-16.6267478380905,102.555785693615));
#4520=CARTESIAN_POINT('',(-109.419319634358,-16.4531990407437,102.603179730232));
#4521=CARTESIAN_POINT('',(-109.375043851503,-16.2802981034655,102.650396844253));
#4522=CARTESIAN_POINT('',(-109.309931075302,-16.1169266909281,102.719774397621));
#4523=CARTESIAN_POINT('',(-109.231536708579,-15.9720110278511,102.803070908813));
#4524=CARTESIAN_POINT('',(-109.126541686905,-15.7779228066974,102.914631463014));
#4525=CARTESIAN_POINT('',(-108.995095400647,-15.6111131033567,103.053929174813));
#4526=CARTESIAN_POINT('',(-108.852190572038,-15.476948332065,103.204654001982));
#4527=CARTESIAN_POINT('',(-108.666562860218,-15.3026736085024,103.400439582176));
#4528=CARTESIAN_POINT('',(-108.456040436744,-15.1772462179259,103.621351253123));
#4529=CARTESIAN_POINT('',(-108.240263627262,-15.0996667082232,103.846258141065));
#4530=CARTESIAN_POINT('',(-108.054842697111,-15.0330012269588,104.039524713409));
#4531=CARTESIAN_POINT('',(-107.861739820642,-15.0000000000001,104.239729758092));
#4532=CARTESIAN_POINT('',(-107.669572706012,-15.0000000000001,104.437843300715));
#4533=CARTESIAN_POINT('',(0.,0.,0.));
#4534=CARTESIAN_POINT('',(-114.102540378444,-15.0000000000002,-2.36860279185642));
#4535=CARTESIAN_POINT('',(-48.1537778052004,-15.0000000000003,81.8914750330421));
#4536=CARTESIAN_POINT('',(0.,-15.0000000000003,0.));
#4537=CARTESIAN_POINT('',(-10.2872459053828,-15.0000000000003,94.4413710811219));
#4538=CARTESIAN_POINT('',(-100.,-15.0000000000002,55.));
#4539=CARTESIAN_POINT('',(0.,-15.0000000000002,150.));
#4540=CARTESIAN_POINT('',(-48.1537778052004,-15.0000000000003,81.8914750330422));
#4541=CARTESIAN_POINT('',(-46.0643484197038,-15.0000000000003,80.1975077803985));
#4542=CARTESIAN_POINT('',(-44.0618452429508,-15.2356867832782,78.4497758890906));
#4543=CARTESIAN_POINT('',(-40.2228780089866,-16.192846177128,74.8581867565585));
#4544=CARTESIAN_POINT('',(-38.3859288682025,-16.9218406833504,73.0105784089726));
#4545=CARTESIAN_POINT('',(-33.3176209089267,-19.7933562947212,67.575000046658));
#4546=CARTESIAN_POINT('',(-30.4149465725057,-22.7037977003392,63.9633779810116));
#4547=CARTESIAN_POINT('',(-27.0126033855353,-28.2081383783365,59.3227781191465));
#4548=CARTESIAN_POINT('',(-26.0119856613981,-30.2665925028941,57.8752627061202));
#4549=CARTESIAN_POINT('',(-24.3300915903291,-34.6515082543791,55.3495649407572));
#4550=CARTESIAN_POINT('',(-23.6436900239702,-36.9736384755446,54.2661695609497));
#4551=CARTESIAN_POINT('',(-22.5408992000383,-41.8777156680564,52.4845531480537));
#4552=CARTESIAN_POINT('',(-22.1285553643136,-44.4624872659395,51.7926486167924));
#4553=CARTESIAN_POINT('',(-21.5881242560874,-49.6640770725743,50.878252255217));
#4554=CARTESIAN_POINT('',(-21.4526831076513,-52.3090494178118,50.643680627327));
#4555=CARTESIAN_POINT('',(-21.4526831076513,-55.0000000000003,50.643680627327));
#4556=CARTESIAN_POINT('',(-1.9488200229037,-55.0000000000003,54.9654627972724));
#4557=CARTESIAN_POINT('',(-1.9488200229037,-52.3356667706869,54.9654627972724));
#4558=CARTESIAN_POINT('',(-1.95354515741869,-49.7080036117438,55.2290299654837));
#4559=CARTESIAN_POINT('',(-1.98301260243817,-44.5243157800672,56.2707652206711));
#4560=CARTESIAN_POINT('',(-2.00826506213278,-41.9615310086841,57.0579509541635));
#4561=CARTESIAN_POINT('',(-2.15781591354067,-34.6828779633268,60.1058886278229));
#4562=CARTESIAN_POINT('',(-2.35792311834433,-30.2004457008082,63.1365049303437));
#4563=CARTESIAN_POINT('',(-3.08342997097157,-24.6729010551869,68.717412802764));
#4564=CARTESIAN_POINT('',(-3.40218754770062,-22.9946025849169,70.7829836284004));
#4565=CARTESIAN_POINT('',(-4.22383715505146,-20.115296165977,75.1349129361657));
#4566=CARTESIAN_POINT('',(-4.72382069747367,-18.9098419819125,77.4142015988149));
#4567=CARTESIAN_POINT('',(-5.94807541282767,-16.9551885680325,82.1626508880393));
#4568=CARTESIAN_POINT('',(-6.6764519502244,-16.2126510985291,84.6357522787792));
#4569=CARTESIAN_POINT('',(-8.32436640277022,-15.2418217653018,89.5339240385347));
#4570=CARTESIAN_POINT('',(-9.25027264786734,-15.0000000000003,91.9872677364835));
#4571=CARTESIAN_POINT('',(-10.2872459053828,-15.0000000000003,94.4413710811219));
#4572=CARTESIAN_POINT('',(0.,-55.0000000000003,0.));
#4573=CARTESIAN_POINT('',(-100.,-17.0000000000002,55.));
#4574=CARTESIAN_POINT('',(-8.45637337283963,-17.0000000000003,95.2462970215529));
#4575=CARTESIAN_POINT('',(-8.45637337283963,-17.0000000000003,95.2462970215529));
#4576=CARTESIAN_POINT('',(-7.42641157735151,-17.0000000000003,92.9035612912096));
#4577=CARTESIAN_POINT('',(-6.5023988780213,-17.2236224924085,90.5581049684711));
#4578=CARTESIAN_POINT('',(-4.8510311528639,-18.1242557105446,85.8683328322111));
#4579=CARTESIAN_POINT('',(-4.11728542721982,-18.813230412003,83.497583524507));
#4580=CARTESIAN_POINT('',(-2.8758875373184,-20.635910773641,78.9272647604749));
#4581=CARTESIAN_POINT('',(-2.36530112262534,-21.7625304861609,76.7273357111215));
#4582=CARTESIAN_POINT('',(-1.52257166364885,-24.4620069237166,72.5159256175124));
#4583=CARTESIAN_POINT('',(-1.19264425042338,-26.042304723019,70.5067882515841));
#4584=CARTESIAN_POINT('',(-0.440342747409696,-31.2650575387536,65.0643318783792));
#4585=CARTESIAN_POINT('',(-0.23101162367124,-35.5272038384641,62.0836154756014));
#4586=CARTESIAN_POINT('',(-0.0780952280847471,-42.4847184217475,59.0767768166597));
#4587=CARTESIAN_POINT('',(-0.0530537248273845,-44.9406806652391,58.2976237018774));
#4588=CARTESIAN_POINT('',(-0.0243393445112572,-49.9156326794587,57.2657599850789));
#4589=CARTESIAN_POINT('',(-0.0200879648517656,-52.439256820561,57.0042927540728));
#4590=CARTESIAN_POINT('',(-0.0200879648517657,-55.0000000000003,57.0042927540728));
#4591=CARTESIAN_POINT('',(-0.0200879648517729,-55.0000000000003,57.0042927540728));
#4592=CARTESIAN_POINT('',(-0.0200879648517699,563.499999999997,57.0042927540728));
#4593=CARTESIAN_POINT('',(-100.,563.499999999997,55.));
#4594=CARTESIAN_POINT('',(4.98869694174263,563.499999999997,56.5406214573741));
#4595=CARTESIAN_POINT('',(4.98869694174263,-55.0000000000003,56.5406214573741));
#4596=CARTESIAN_POINT('',(4.98869694174263,-55.0000000000003,56.5406214573741));
#4597=CARTESIAN_POINT('',(4.98869694174263,-52.4629047567809,56.540621457374));
#4598=CARTESIAN_POINT('',(4.98588611678686,-49.9673740400309,56.7897265040866));
#4599=CARTESIAN_POINT('',(4.96464719217724,-45.0564682440057,57.7680759577958));
#4600=CARTESIAN_POINT('',(4.94578854334217,-42.6152235093776,58.5098309506443));
#4601=CARTESIAN_POINT('',(4.86321948542389,-37.9722109708263,60.4445059865708));
#4602=CARTESIAN_POINT('',(4.79992427882939,-35.7698334686747,61.6300456558664));
#4603=CARTESIAN_POINT('',(4.58451521038219,-31.6046925478467,64.4372036354306));
#4604=CARTESIAN_POINT('',(4.43044393460678,-29.6435842702074,66.0672464081602));
#4605=CARTESIAN_POINT('',(3.77387102551285,-24.3914501352151,71.3948146110949));
#4606=CARTESIAN_POINT('',(3.04938381762548,-21.6007685272936,75.6767951060708));
#4607=CARTESIAN_POINT('',(1.37221029222657,-18.8456067706423,82.4609053152163));
#4608=CARTESIAN_POINT('',(0.706249892079168,-18.1453682974016,84.8226273277122));
#4609=CARTESIAN_POINT('',(-0.812363718793536,-17.2261652243432,89.5391180692356));
#4610=CARTESIAN_POINT('',(-1.66332511892295,-17.0000000000003,91.8962715439905));
#4611=CARTESIAN_POINT('',(-2.6116731014224,-17.0000000000003,94.249379407779));
#4612=CARTESIAN_POINT('',(-2.61167310142239,-17.0000000000002,94.249379407779));
#4613=CARTESIAN_POINT('',(-100.,-17.0000000000002,55.));
#4614=CARTESIAN_POINT('',(-100.,563.499999999997,55.));
#4615=CARTESIAN_POINT('',(-2.01968620555475,-55.0000000000003,56.9642068989914));
#4616=CARTESIAN_POINT('',(-2.01968620555475,0.,56.9642068989914));
#4617=CARTESIAN_POINT('',(-10.2872459053828,-17.0000000000003,94.4413710811219));
#4618=CARTESIAN_POINT('',(-0.0200879648517833,-55.0000000000003,57.0042927540728));
#4619=CARTESIAN_POINT('',(0.0193854215354344,-55.0000000000003,55.0352462209735));
#4620=CARTESIAN_POINT('',(-1.9488200229037,-55.0000000000003,54.9654627972724));
#4621=CARTESIAN_POINT('',(-0.0200879648561887,-52.4662795332115,57.0042927542926));
#4622=CARTESIAN_POINT('',(0.0193854215141621,-52.3349876836285,55.0352462212284));
#4623=CARTESIAN_POINT('',(-1.94882002290051,-52.3329258244334,54.9654627972725));
#4624=CARTESIAN_POINT('',(-0.0242676361322256,-49.9672132740499,57.2603526305743));
#4625=CARTESIAN_POINT('',(0.0201499103108389,-49.6997009323084,55.3001363318971));
#4626=CARTESIAN_POINT('',(-1.95355329135564,-49.7023297621575,55.2295938339975));
#4627=CARTESIAN_POINT('',(-0.0522753698143251,-45.0375428517787,58.2723992658046));
#4628=CARTESIAN_POINT('',(0.0109556416970771,-44.5084792714064,56.3445961872566));
#4629=CARTESIAN_POINT('',(-1.9830999727234,-44.5132030018726,56.2735767295316));
#4630=CARTESIAN_POINT('',(-0.0766387659330463,-42.6005549847052,59.0371099707788));
#4631=CARTESIAN_POINT('',(0.000492472797170624,-41.9352055204095,57.137668988576));
#4632=CARTESIAN_POINT('',(-2.00842476464807,-41.9479526154602,57.0624292975257));
#4633=CARTESIAN_POINT('',(-0.175924473399109,-37.9867203787192,61.010850396531));
#4634=CARTESIAN_POINT('',(-0.065491769476075,-37.0615353414999,59.184805548282));
#4635=CARTESIAN_POINT('',(-2.10845164335161,-37.091284609197,59.0985832203399));
#4636=CARTESIAN_POINT('',(-0.250668651584482,-35.7844812741097,62.2228995608163));
#4637=CARTESIAN_POINT('',(-0.121215990891516,-34.7305733382323,60.4478400939397));
#4638=CARTESIAN_POINT('',(-2.18296728138528,-34.7731381833537,60.3489977536336));
#4639=CARTESIAN_POINT('',(-0.501807066973082,-31.5965972095853,65.1098459723076));
#4640=CARTESIAN_POINT('',(-0.333370384268408,-30.2902695907965,63.4633090415368));
#4641=CARTESIAN_POINT('',(-2.43098994326763,-30.3648391679042,63.3275229993807));
#4642=CARTESIAN_POINT('',(-0.675659997110416,-29.6683374149415,66.74719846006));
#4643=CARTESIAN_POINT('',(-0.488532348714866,-28.2459837546569,65.1789337988384));
#4644=CARTESIAN_POINT('',(-2.60196936162993,-28.3350920157295,65.0168978258603));
#4645=CARTESIAN_POINT('',(-1.1696358262045,-26.1678501907866,70.3583952919766));
#4646=CARTESIAN_POINT('',(-0.953276363519539,-24.5265742427069,68.9784106042369));
#4647=CARTESIAN_POINT('',(-3.08718420141463,-24.6503686218789,68.7431685543617));
#4648=CARTESIAN_POINT('',(-1.49541658973783,-24.5741235054599,72.3629679419529));
#4649=CARTESIAN_POINT('',(-1.2683484217257,-22.8383313075859,71.0893557599884));
#4650=CARTESIAN_POINT('',(-3.40698381211973,-22.9727615845803,70.8117751958671));
#4651=CARTESIAN_POINT('',(-2.33301650028742,-21.8425288421265,76.5820745677854));
#4652=CARTESIAN_POINT('',(-2.10259162587895,-19.9444531580761,75.5514555472549));
#4653=CARTESIAN_POINT('',(-4.23040075664026,-20.0973987813001,75.166242660471));
#4654=CARTESIAN_POINT('',(-2.84195541187927,-20.6998748826785,78.7904036412659));
#4655=CARTESIAN_POINT('',(-2.61616553585338,-18.7431366267539,77.8822562009502));
#4656=CARTESIAN_POINT('',(-4.73119873634424,-18.8946051396846,77.4456942194332));
#4657=CARTESIAN_POINT('',(-4.08428394485485,-18.8482813762503,83.3873976833098));
#4658=CARTESIAN_POINT('',(-3.89230117159295,-16.8084448121867,82.7492590373645));
#4659=CARTESIAN_POINT('',(-5.95629946601281,-16.9455593433983,82.1916363616427));
#4660=CARTESIAN_POINT('',(-4.82157173365985,-18.1459065935337,85.7791584282529));
#4661=CARTESIAN_POINT('',(-4.65306401595329,-16.0865640016256,85.2702014738189));
#4662=CARTESIAN_POINT('',(-6.68450537760098,-16.206217466786,84.6613410820711));
#4663=CARTESIAN_POINT('',(-6.48410698877243,-17.2281724407503,90.5115129938867));
#4664=CARTESIAN_POINT('',(-6.38634817953202,-15.1712743439684,90.2621750003425));
#4665=CARTESIAN_POINT('',(-8.33004184932079,-15.2401815166708,89.5491283590383));
#4666=CARTESIAN_POINT('',(-7.41594989631735,-17.0000000001146,92.8797653076444));
#4667=CARTESIAN_POINT('',(-7.35665164553512,-14.9613613653856,92.7448863909272));
#4668=CARTESIAN_POINT('',(-9.25386075151412,-15.0000000000003,91.9957593505219));
#4669=CARTESIAN_POINT('',(-8.45637337283962,-17.0000000000003,95.2462970215529));
#4670=CARTESIAN_POINT('',(-8.45637337283962,-15.0000000000003,95.2462970215529));
#4671=CARTESIAN_POINT('',(-10.2872459053828,-15.0000000000003,94.4413710811219));
#4672=CARTESIAN_POINT('',(-100.,-17.0000000000002,55.));
#4673=CARTESIAN_POINT('',(-0.75665735097329,-17.0000000000002,94.9969866345938));
#4674=CARTESIAN_POINT('',(-100.,-17.0000000000002,55.));
#4675=CARTESIAN_POINT('',(6.98848164539486,-55.0000000000003,56.5699666279907));
#4676=CARTESIAN_POINT('',(-2.6116731014224,-17.0000000000003,94.249379407779));
#4677=CARTESIAN_POINT('',(-2.6116731014224,-15.0000000000003,94.249379407779));
#4678=CARTESIAN_POINT('',(-0.756657350973305,-15.0000000000003,94.9969866345938));
#4679=CARTESIAN_POINT('',(-0.74958531691436,-17.0000000001676,89.6290359371871));
#4680=CARTESIAN_POINT('',(-0.706801840028794,-15.0890446128579,89.5228785581103));
#4681=CARTESIAN_POINT('',(1.14283562946143,-15.0000000000003,90.0401616422482));
#4682=CARTESIAN_POINT('',(0.785687026779433,-17.9081713938025,84.8114901461444));
#4683=CARTESIAN_POINT('',(0.908017968319365,-16.0853734358342,84.4380754017871));
#4684=CARTESIAN_POINT('',(2.69386141220562,-15.955969888318,84.8746453280718));
#4685=CARTESIAN_POINT('',(3.02032825942601,-21.527620266193,75.8156580370092));
#4686=CARTESIAN_POINT('',(3.18294023434656,-19.951508962941,75.0445972051925));
#4687=CARTESIAN_POINT('',(4.92357435455928,-19.765916069572,75.2329426191208));
#4688=CARTESIAN_POINT('',(3.75157972693609,-24.283599062602,71.5387070574935));
#4689=CARTESIAN_POINT('',(3.91775459611223,-22.8637809515366,70.5334537568489));
#4690=CARTESIAN_POINT('',(5.63473764643548,-22.6669463818004,70.6507706700596));
#4691=CARTESIAN_POINT('',(4.41765438960153,-29.507921485962,66.188531338644));
#4692=CARTESIAN_POINT('',(4.55391396173557,-28.340110483423,64.929753212662));
#4693=CARTESIAN_POINT('',(6.26432048297952,-28.1662331430608,64.9194268822599));
#4694=CARTESIAN_POINT('',(4.57478259926726,-31.4630765255171,64.5466668725728));
#4695=CARTESIAN_POINT('',(4.69793566864096,-30.3872785468731,63.2075644208987));
#4696=CARTESIAN_POINT('',(6.40808704086907,-30.2242910794396,63.160716551711));
#4697=CARTESIAN_POINT('',(4.79504685770022,-35.6319617882119,61.7098553003997));
#4698=CARTESIAN_POINT('',(4.89053054235664,-34.7455654432811,60.2329297876252));
#4699=CARTESIAN_POINT('',(6.60320935368788,-34.6125913560645,60.1220637805833));
#4700=CARTESIAN_POINT('',(4.85998338864169,-37.8405700161163,60.5089972619071));
#4701=CARTESIAN_POINT('',(4.94119088825634,-37.0552954096177,58.9716608766977));
#4702=CARTESIAN_POINT('',(6.6563679725422,-36.9374421222741,58.8357889362555));
#4703=CARTESIAN_POINT('',(4.94470586923707,-42.5065320052962,58.5459663164262));
#4704=CARTESIAN_POINT('',(5.00048424656446,-41.933305086499,56.9087167289354));
#4705=CARTESIAN_POINT('',(6.72111263477229,-41.8489810581601,56.733106836964));
#4706=CARTESIAN_POINT('',(4.96409134720118,-44.9672221185718,57.7906343839258));
#4707=CARTESIAN_POINT('',(5.00877221659788,-44.5060171694549,56.114444956689));
#4708=CARTESIAN_POINT('',(6.73235538635194,-44.4391811774356,55.9240300129476));
#4709=CARTESIAN_POINT('',(4.98584347551308,-49.9193091135348,56.794653822722));
#4710=CARTESIAN_POINT('',(5.01551388427132,-49.6859022011739,55.0659785131966));
#4711=CARTESIAN_POINT('',(6.74326586929768,-49.651904330045,54.8571709976025));
#4712=CARTESIAN_POINT('',(4.98869694173754,-52.4378187138473,56.5406214577208));
#4713=CARTESIAN_POINT('',(5.01425888136622,-52.3192031348783,54.7986525120089));
#4714=CARTESIAN_POINT('',(6.7432717630483,-52.3029670672015,54.5850555182431));
#4715=CARTESIAN_POINT('',(4.98869694174263,-55.0000000000003,56.5406214573741));
#4716=CARTESIAN_POINT('',(5.01425888139956,-55.0000000000003,54.7986525116356));
#4717=CARTESIAN_POINT('',(6.74327176310031,-55.0000000000003,54.5850555182366));
#4718=CARTESIAN_POINT('',(6.98848164539485,563.499999999997,56.5699666279907));
#4719=CARTESIAN_POINT('',(-59.1025403784439,-17.0000000000002,97.6313972081441));
#4720=CARTESIAN_POINT('',(40.299714346011,-17.0000000000003,86.7138995234828));
#4721=CARTESIAN_POINT('',(40.299714346011,-17.0000000000003,86.7138995234828));
#4722=CARTESIAN_POINT('',(40.0203195606595,-17.0000000000003,84.1700499689078));
#4723=CARTESIAN_POINT('',(39.6478098703296,-17.2236224924085,81.6768188602844));
#4724=CARTESIAN_POINT('',(38.7330502031757,-18.1242557105446,76.7896731897441));
#4725=CARTESIAN_POINT('',(38.1831179876496,-18.813230412003,74.369671200446));
#4726=CARTESIAN_POINT('',(36.9730407144926,-20.635910773641,69.7909601024508));
#4727=CARTESIAN_POINT('',(36.3152569957673,-21.762530486161,67.6304724518409));
#4728=CARTESIAN_POINT('',(34.9393770689539,-24.4620069237166,63.5619195955329));
#4729=CARTESIAN_POINT('',(34.2205339072479,-26.042304723019,61.6569918903337));
#4730=CARTESIAN_POINT('',(32.1508179335605,-31.2650575387536,56.5675356606429));
#4731=CARTESIAN_POINT('',(30.8417458031319,-35.527203838464,53.8814939724911));
#4732=CARTESIAN_POINT('',(29.4707559568941,-42.4847184217475,51.2010371109732));
#4733=CARTESIAN_POINT('',(29.1028659774728,-44.9406806652391,50.5137499685053));
#4734=CARTESIAN_POINT('',(28.6118015018812,-49.9156326794587,49.6057725863563));
#4735=CARTESIAN_POINT('',(28.4847496891644,-52.439256820561,49.3772096322182));
#4736=CARTESIAN_POINT('',(28.4847496891644,-55.0000000000003,49.3772096322182));
#4737=CARTESIAN_POINT('',(28.4847496891644,-55.0000000000003,49.3772096322182));
#4738=CARTESIAN_POINT('',(28.4847496891644,563.499999999997,49.3772096322182));
#4739=CARTESIAN_POINT('',(-59.1025403784439,563.499999999997,97.6313972081441));
#4740=CARTESIAN_POINT('',(32.5906490120179,563.499999999997,46.4712660569742));
#4741=CARTESIAN_POINT('',(32.5906490120179,-55.0000000000003,46.4712660569742));
#4742=CARTESIAN_POINT('',(32.5906490120179,-55.0000000000003,46.4712660569742));
#4743=CARTESIAN_POINT('',(32.5906490120179,-52.4629047567809,46.4712660569742));
#4744=CARTESIAN_POINT('',(32.7127672895569,-49.9673740400309,46.688402768116));
#4745=CARTESIAN_POINT('',(33.1835485681505,-45.0564682440057,47.5462977111117));
#4746=CARTESIAN_POINT('',(33.5380939956025,-42.6152235093776,48.1981057027199));
#4747=CARTESIAN_POINT('',(34.433924611842,-37.9722109708263,49.914867960859));
#4748=CARTESIAN_POINT('',(34.9718791896412,-35.7698334686747,50.9732230349604));
#4749=CARTESIAN_POINT('',(36.1889084539425,-31.6046925478467,53.5119976919229));
#4750=CARTESIAN_POINT('',(36.8705002014922,-29.6435842702074,55.0006917802496));
#4751=CARTESIAN_POINT('',(38.9656754842476,-24.3914501352151,59.9427876389322));
#4752=CARTESIAN_POINT('',(40.4792414049882,-21.6007685272936,64.0133351300345));
#4753=CARTESIAN_POINT('',(42.4188216300108,-18.8456067706423,70.7271336759273));
#4754=CARTESIAN_POINT('',(43.0229440118167,-18.1453682974016,73.1054251354993));
#4755=CARTESIAN_POINT('',(44.0660314170298,-17.2261652243431,77.9493327398091));
#4756=CARTESIAN_POINT('',(44.5076539642552,-17.0000000000003,80.4161682296303));
#4757=CARTESIAN_POINT('',(44.8629144516772,-17.0000000000003,82.9281934087658));
#4758=CARTESIAN_POINT('',(44.8629144516772,-17.0000000000002,82.9281934087658));
#4759=CARTESIAN_POINT('',(-59.1025403784439,-17.0000000000002,97.6313972081441));
#4760=CARTESIAN_POINT('',(-59.1025403784439,563.499999999997,97.6313972081441));
#4761=CARTESIAN_POINT('',(-114.102540378444,-17.0000000000002,-2.36860279185642));
#4762=CARTESIAN_POINT('',(-54.9465826755423,-17.0000000000003,78.2575261506429));
#4763=CARTESIAN_POINT('',(-54.9465826755423,-17.0000000000003,78.2575261506429));
#4764=CARTESIAN_POINT('',(-52.8832417305504,-17.0000000000003,76.743638391556));
#4765=CARTESIAN_POINT('',(-50.9102950981418,-17.2236224924085,75.1744199822628));
#4766=CARTESIAN_POINT('',(-47.1352826290357,-18.1242557105446,71.93864203688));
#4767=CARTESIAN_POINT('',(-45.3144655368577,-18.813230412003,70.252385773226));
#4768=CARTESIAN_POINT('',(-41.9542240459826,-20.635910773641,66.9150725651321));
#4769=CARTESIAN_POINT('',(-40.4120787153545,-21.762530486161,65.2651713292153));
#4770=CARTESIAN_POINT('',(-37.5765485485588,-24.4620069237166,62.0393479318839));
#4771=CARTESIAN_POINT('',(-36.2862543443364,-26.042304723019,60.4643476399101));
#4772=CARTESIAN_POINT('',(-32.9135139448189,-31.2650575387536,56.127192913233));
#4773=CARTESIAN_POINT('',(-31.2418696724697,-35.5272038384641,53.6504823488197));
#4774=CARTESIAN_POINT('',(-29.6060208597658,-42.4847184217475,51.1229418828883));
#4775=CARTESIAN_POINT('',(-29.1947577244049,-44.9406806652391,50.4606962436778));
#4776=CARTESIAN_POINT('',(-28.6539584831979,-49.9156326794587,49.581433241845));
#4777=CARTESIAN_POINT('',(-28.5195430649086,-52.439256820561,49.3571216673662));
#4778=CARTESIAN_POINT('',(-28.5195430649086,-55.0000000000003,49.3571216673662));
#4779=CARTESIAN_POINT('',(-28.5195430649086,-55.0000000000003,49.3571216673662));
#4780=CARTESIAN_POINT('',(-28.5195430649086,563.499999999997,49.3571216673663));
#4781=CARTESIAN_POINT('',(-114.102540378444,563.499999999997,-2.36860279185642));
#4782=CARTESIAN_POINT('',(-23.9499724453564,563.499999999997,51.4599629987167));
#4783=CARTESIAN_POINT('',(-23.9499724453564,-55.0000000000003,51.4599629987167));
#4784=CARTESIAN_POINT('',(-23.9499724453564,-55.0000000000003,51.4599629987167));
#4785=CARTESIAN_POINT('',(-23.9499724453564,-52.4629047567809,51.4599629987167));
#4786=CARTESIAN_POINT('',(-24.07695921453,-49.9673740400309,51.6742888849027));
#4787=CARTESIAN_POINT('',(-24.5845273896456,-45.0564682440057,52.5109449032888));
#4788=CARTESIAN_POINT('',(-24.9717369550421,-42.6152235093776,53.1438942460619));
#4789=CARTESIAN_POINT('',(-26.0105813747291,-37.9722109708263,54.7780874462827));
#4790=CARTESIAN_POINT('',(-26.6581664662255,-35.7698334686747,55.7731473137897));
#4791=CARTESIAN_POINT('',(-28.2482951814885,-31.6046925478467,58.0965129023049));
#4792=CARTESIAN_POINT('',(-29.1967462066682,-29.6435842702074,59.4311357148562));
#4793=CARTESIAN_POINT('',(-32.4291391268476,-24.3914501352151,63.7166586644448));
#4794=CARTESIAN_POINT('',(-35.1975537010829,-21.6007685272936,67.0627189476597));
#4795=CARTESIAN_POINT('',(-40.0420836852058,-18.8456067706423,72.0993439681536));
#4796=CARTESIAN_POINT('',(-41.7996833158959,-18.1453682974016,73.8116750275783));
#4797=CARTESIAN_POINT('',(-45.4730866522062,-17.2261652243432,77.1369690210153));
#4798=CARTESIAN_POINT('',(-47.3886175797357,-17.0000000000003,78.7528431107071));
#4799=CARTESIAN_POINT('',(-49.3864649561022,-17.0000000000003,80.3165203073431));
#4800=CARTESIAN_POINT('',(-49.3864649561022,-17.0000000000002,80.3165203073431));
#4801=CARTESIAN_POINT('',(-114.102540378444,-17.0000000000002,-2.36860279185642));
#4802=CARTESIAN_POINT('',(-114.102540378444,563.499999999997,-2.36860279185642));
#4803=CARTESIAN_POINT('',(-97.6313972081439,-17.0000000000002,-59.1025403784443));
#4804=CARTESIAN_POINT('',(-86.713899523483,-17.0000000000003,40.2997143460107));
#4805=CARTESIAN_POINT('',(-86.713899523483,-17.0000000000003,40.2997143460107));
#4806=CARTESIAN_POINT('',(-84.170049968908,-17.0000000000003,40.0203195606591));
#4807=CARTESIAN_POINT('',(-81.6768188602846,-17.2236224924085,39.6478098703293));
#4808=CARTESIAN_POINT('',(-76.7896731897443,-18.1242557105446,38.7330502031754));
#4809=CARTESIAN_POINT('',(-74.3696712004462,-18.813230412003,38.1831179876494));
#4810=CARTESIAN_POINT('',(-69.7909601024509,-20.635910773641,36.9730407144924));
#4811=CARTESIAN_POINT('',(-67.630472451841,-21.762530486161,36.3152569957671));
#4812=CARTESIAN_POINT('',(-63.5619195955331,-24.4620069237166,34.9393770689537));
#4813=CARTESIAN_POINT('',(-61.6569918903338,-26.0423047230189,34.2205339072477));
#4814=CARTESIAN_POINT('',(-56.567535660643,-31.2650575387536,32.1508179335603));
#4815=CARTESIAN_POINT('',(-53.8814939724913,-35.5272038384641,30.8417458031317));
#4816=CARTESIAN_POINT('',(-51.2010371109733,-42.4847184217475,29.4707559568939));
#4817=CARTESIAN_POINT('',(-50.5137499685054,-44.9406806652391,29.1028659774726));
#4818=CARTESIAN_POINT('',(-49.6057725863565,-49.9156326794587,28.611801501881));
#4819=CARTESIAN_POINT('',(-49.3772096322183,-52.439256820561,28.4847496891642));
#4820=CARTESIAN_POINT('',(-49.3772096322183,-55.0000000000003,28.4847496891642));
#4821=CARTESIAN_POINT('',(-49.3772096322183,-55.0000000000003,28.4847496891642));
#4822=CARTESIAN_POINT('',(-49.3772096322183,563.499999999997,28.4847496891643));
#4823=CARTESIAN_POINT('',(-97.6313972081439,563.499999999997,-59.1025403784443));
#4824=CARTESIAN_POINT('',(-46.4712660569743,563.499999999997,32.5906490120177));
#4825=CARTESIAN_POINT('',(-46.4712660569743,-55.0000000000003,32.5906490120177));
#4826=CARTESIAN_POINT('',(-46.4712660569743,-55.0000000000003,32.5906490120177));
#4827=CARTESIAN_POINT('',(-46.4712660569743,-52.4629047567809,32.5906490120177));
#4828=CARTESIAN_POINT('',(-46.6884027681162,-49.9673740400309,32.7127672895567));
#4829=CARTESIAN_POINT('',(-47.5462977111118,-45.0564682440057,33.1835485681503));
#4830=CARTESIAN_POINT('',(-48.1981057027201,-42.6152235093776,33.5380939956023));
#4831=CARTESIAN_POINT('',(-49.9148679608591,-37.9722109708263,34.4339246118417));
#4832=CARTESIAN_POINT('',(-50.9732230349606,-35.7698334686747,34.971879189641));
#4833=CARTESIAN_POINT('',(-53.511997691923,-31.6046925478467,36.1889084539422));
#4834=CARTESIAN_POINT('',(-55.0006917802497,-29.6435842702074,36.870500201492));
#4835=CARTESIAN_POINT('',(-59.9427876389323,-24.3914501352151,38.9656754842473));
#4836=CARTESIAN_POINT('',(-64.0133351300346,-21.6007685272936,40.4792414049879));
#4837=CARTESIAN_POINT('',(-70.7271336759275,-18.8456067706423,42.4188216300105));
#4838=CARTESIAN_POINT('',(-73.1054251354995,-18.1453682974016,43.0229440118163));
#4839=CARTESIAN_POINT('',(-77.9493327398092,-17.2261652243432,44.0660314170295));
#4840=CARTESIAN_POINT('',(-80.4161682296305,-17.0000000000003,44.5076539642549));
#4841=CARTESIAN_POINT('',(-82.9281934087659,-17.0000000000003,44.8629144516768));
#4842=CARTESIAN_POINT('',(-82.9281934087659,-17.0000000000002,44.8629144516768));
#4843=CARTESIAN_POINT('',(-97.6313972081439,-17.0000000000002,-59.1025403784443));
#4844=CARTESIAN_POINT('',(-97.6313972081439,563.499999999997,-59.1025403784443));
#4845=CARTESIAN_POINT('',(54.9999999999999,-17.0000000000002,100.));
#4846=CARTESIAN_POINT('',(95.2462970215529,-17.0000000000003,8.45637337283974));
#4847=CARTESIAN_POINT('',(95.2462970215529,-17.0000000000003,8.45637337283974));
#4848=CARTESIAN_POINT('',(92.9035612912095,-17.0000000000003,7.42641157735162));
#4849=CARTESIAN_POINT('',(90.5581049684711,-17.2236224924085,6.50239887802141));
#4850=CARTESIAN_POINT('',(85.8683328322111,-18.1242557105446,4.851031152864));
#4851=CARTESIAN_POINT('',(83.497583524507,-18.8132304120031,4.11728542721992));
#4852=CARTESIAN_POINT('',(78.9272647604748,-20.635910773641,2.87588753731849));
#4853=CARTESIAN_POINT('',(76.7273357111215,-21.7625304861609,2.36530112262543));
#4854=CARTESIAN_POINT('',(72.5159256175124,-24.4620069237166,1.52257166364895));
#4855=CARTESIAN_POINT('',(70.5067882515841,-26.042304723019,1.19264425042346));
#4856=CARTESIAN_POINT('',(65.0643318783791,-31.2650575387536,0.440342747409772));
#4857=CARTESIAN_POINT('',(62.0836154756014,-35.527203838464,0.2310116236713));
#4858=CARTESIAN_POINT('',(59.0767768166597,-42.4847184217475,0.0780952280848039));
#4859=CARTESIAN_POINT('',(58.2976237018774,-44.9406806652391,0.0530537248274543));
#4860=CARTESIAN_POINT('',(57.2657599850789,-49.9156326794587,0.0243393445113258));
#4861=CARTESIAN_POINT('',(57.0042927540728,-52.439256820561,0.0200879648518493));
#4862=CARTESIAN_POINT('',(57.0042927540728,-55.0000000000003,0.0200879648518494));
#4863=CARTESIAN_POINT('',(57.0042927540728,-55.0000000000003,0.0200879648518391));
#4864=CARTESIAN_POINT('',(57.0042927540728,563.499999999997,0.0200879648518393));
#4865=CARTESIAN_POINT('',(54.9999999999999,563.499999999997,100.));
#4866=CARTESIAN_POINT('',(56.5406214573741,563.499999999997,-4.98869694174256));
#4867=CARTESIAN_POINT('',(56.5406214573741,-55.0000000000003,-4.98869694174255));
#4868=CARTESIAN_POINT('',(56.5406214573741,-55.0000000000003,-4.98869694174255));
#4869=CARTESIAN_POINT('',(56.5406214573741,-52.4629047567809,-4.98869694174255));
#4870=CARTESIAN_POINT('',(56.7897265040866,-49.9673740400309,-4.98588611678679));
#4871=CARTESIAN_POINT('',(57.7680759577959,-45.0564682440057,-4.96464719217718));
#4872=CARTESIAN_POINT('',(58.5098309506443,-42.6152235093776,-4.9457885433421));
#4873=CARTESIAN_POINT('',(60.4445059865708,-37.9722109708263,-4.86321948542381));
#4874=CARTESIAN_POINT('',(61.6300456558665,-35.7698334686747,-4.79992427882931));
#4875=CARTESIAN_POINT('',(64.4372036354306,-31.6046925478466,-4.5845152103821));
#4876=CARTESIAN_POINT('',(66.0672464081602,-29.6435842702074,-4.43044393460669));
#4877=CARTESIAN_POINT('',(71.3948146110949,-24.3914501352151,-3.77387102551275));
#4878=CARTESIAN_POINT('',(75.6767951060708,-21.6007685272935,-3.04938381762539));
#4879=CARTESIAN_POINT('',(82.4609053152163,-18.8456067706423,-1.37221029222647));
#4880=CARTESIAN_POINT('',(84.8226273277122,-18.1453682974016,-0.706249892079069));
#4881=CARTESIAN_POINT('',(89.5391180692356,-17.2261652243432,0.812363718793639));
#4882=CARTESIAN_POINT('',(91.8962715439905,-17.0000000000003,1.66332511892305));
#4883=CARTESIAN_POINT('',(94.249379407779,-17.0000000000003,2.6116731014225));
#4884=CARTESIAN_POINT('',(94.249379407779,-17.0000000000002,2.6116731014225));
#4885=CARTESIAN_POINT('',(54.9999999999999,-17.0000000000002,100.));
#4886=CARTESIAN_POINT('',(54.9999999999999,563.499999999997,100.));
#4887=CARTESIAN_POINT('',(-2.36860279185594,-17.0000000000002,114.102540378444));
#4888=CARTESIAN_POINT('',(78.2575261506431,-17.0000000000003,54.9465826755419));
#4889=CARTESIAN_POINT('',(78.2575261506431,-17.0000000000003,54.9465826755419));
#4890=CARTESIAN_POINT('',(76.7436383915563,-17.0000000000003,52.8832417305501));
#4891=CARTESIAN_POINT('',(75.174419982263,-17.2236224924085,50.9102950981415));
#4892=CARTESIAN_POINT('',(71.9386420368802,-18.1242557105446,47.1352826290355));
#4893=CARTESIAN_POINT('',(70.2523857732261,-18.813230412003,45.3144655368574));
#4894=CARTESIAN_POINT('',(66.9150725651323,-20.635910773641,41.9542240459823));
#4895=CARTESIAN_POINT('',(65.2651713292155,-21.762530486161,40.4120787153542));
#4896=CARTESIAN_POINT('',(62.039347931884,-24.4620069237166,37.5765485485585));
#4897=CARTESIAN_POINT('',(60.4643476399103,-26.0423047230189,36.2862543443362));
#4898=CARTESIAN_POINT('',(56.1271929132332,-31.2650575387536,32.9135139448187));
#4899=CARTESIAN_POINT('',(53.6504823488198,-35.527203838464,31.2418696724695));
#4900=CARTESIAN_POINT('',(51.1229418828884,-42.4847184217475,29.6060208597656));
#4901=CARTESIAN_POINT('',(50.4606962436779,-44.9406806652391,29.1947577244046));
#4902=CARTESIAN_POINT('',(49.5814332418451,-49.9156326794587,28.6539584831977));
#4903=CARTESIAN_POINT('',(49.3571216673663,-52.439256820561,28.5195430649084));
#4904=CARTESIAN_POINT('',(49.3571216673663,-55.0000000000003,28.5195430649084));
#4905=CARTESIAN_POINT('',(49.3571216673663,-55.0000000000003,28.5195430649084));
#4906=CARTESIAN_POINT('',(49.3571216673664,563.499999999997,28.5195430649084));
#4907=CARTESIAN_POINT('',(-2.36860279185594,563.499999999997,114.102540378444));
#4908=CARTESIAN_POINT('',(51.4599629987168,563.499999999997,23.9499724453562));
#4909=CARTESIAN_POINT('',(51.4599629987168,-55.0000000000003,23.9499724453562));
#4910=CARTESIAN_POINT('',(51.4599629987168,-55.0000000000003,23.9499724453562));
#4911=CARTESIAN_POINT('',(51.4599629987168,-52.4629047567809,23.9499724453562));
#4912=CARTESIAN_POINT('',(51.6742888849029,-49.9673740400309,24.0769592145298));
#4913=CARTESIAN_POINT('',(52.5109449032889,-45.0564682440057,24.5845273896454));
#4914=CARTESIAN_POINT('',(53.1438942460621,-42.6152235093776,24.9717369550419));
#4915=CARTESIAN_POINT('',(54.7780874462828,-37.9722109708263,26.0105813747289));
#4916=CARTESIAN_POINT('',(55.7731473137898,-35.7698334686747,26.6581664662253));
#4917=CARTESIAN_POINT('',(58.096512902305,-31.6046925478467,28.2482951814883));
#4918=CARTESIAN_POINT('',(59.4311357148563,-29.6435842702074,29.196746206668));
#4919=CARTESIAN_POINT('',(63.7166586644449,-24.3914501352151,32.4291391268473));
#4920=CARTESIAN_POINT('',(67.0627189476599,-21.6007685272936,35.1975537010826));
#4921=CARTESIAN_POINT('',(72.0993439681538,-18.8456067706423,40.0420836852055));
#4922=CARTESIAN_POINT('',(73.8116750275785,-18.1453682974016,41.7996833158956));
#4923=CARTESIAN_POINT('',(77.1369690210155,-17.2261652243431,45.4730866522059));
#4924=CARTESIAN_POINT('',(78.7528431107073,-17.0000000000003,47.3886175797354));
#4925=CARTESIAN_POINT('',(80.3165203073433,-17.0000000000003,49.3864649561019));
#4926=CARTESIAN_POINT('',(80.3165203073433,-17.0000000000002,49.3864649561019));
#4927=CARTESIAN_POINT('',(-2.36860279185595,-17.0000000000002,114.102540378444));
#4928=CARTESIAN_POINT('',(-2.36860279185595,563.499999999997,114.102540378444));
#4929=CARTESIAN_POINT('',(97.631397208144,-17.0000000000002,59.102540378444));
#4930=CARTESIAN_POINT('',(86.7138995234828,-17.0000000000003,-40.2997143460109));
#4931=CARTESIAN_POINT('',(86.7138995234828,-17.0000000000003,-40.2997143460109));
#4932=CARTESIAN_POINT('',(84.1700499689079,-17.0000000000003,-40.0203195606594));
#4933=CARTESIAN_POINT('',(81.6768188602844,-17.2236224924085,-39.6478098703296));
#4934=CARTESIAN_POINT('',(76.7896731897442,-18.1242557105446,-38.7330502031756));
#4935=CARTESIAN_POINT('',(74.3696712004461,-18.813230412003,-38.1831179876496));
#4936=CARTESIAN_POINT('',(69.7909601024508,-20.635910773641,-36.9730407144925));
#4937=CARTESIAN_POINT('',(67.6304724518409,-21.7625304861609,-36.3152569957673));
#4938=CARTESIAN_POINT('',(63.561919595533,-24.4620069237165,-34.9393770689538));
#4939=CARTESIAN_POINT('',(61.6569918903337,-26.0423047230189,-34.2205339072478));
#4940=CARTESIAN_POINT('',(56.5675356606429,-31.2650575387536,-32.1508179335605));
#4941=CARTESIAN_POINT('',(53.8814939724911,-35.5272038384641,-30.8417458031318));
#4942=CARTESIAN_POINT('',(51.2010371109732,-42.4847184217475,-29.470755956894));
#4943=CARTESIAN_POINT('',(50.5137499685054,-44.9406806652391,-29.1028659774727));
#4944=CARTESIAN_POINT('',(49.6057725863564,-49.9156326794587,-28.6118015018812));
#4945=CARTESIAN_POINT('',(49.3772096322182,-52.439256820561,-28.4847496891644));
#4946=CARTESIAN_POINT('',(49.3772096322182,-55.0000000000003,-28.4847496891644));
#4947=CARTESIAN_POINT('',(49.3772096322182,-55.0000000000003,-28.4847496891644));
#4948=CARTESIAN_POINT('',(49.3772096322182,563.499999999997,-28.4847496891644));
#4949=CARTESIAN_POINT('',(97.631397208144,563.499999999997,59.102540378444));
#4950=CARTESIAN_POINT('',(46.4712660569742,563.499999999997,-32.5906490120178));
#4951=CARTESIAN_POINT('',(46.4712660569742,-55.0000000000003,-32.5906490120178));
#4952=CARTESIAN_POINT('',(46.4712660569742,-55.0000000000003,-32.5906490120178));
#4953=CARTESIAN_POINT('',(46.4712660569742,-52.4629047567809,-32.5906490120178));
#4954=CARTESIAN_POINT('',(46.6884027681161,-49.9673740400309,-32.7127672895568));
#4955=CARTESIAN_POINT('',(47.5462977111117,-45.0564682440057,-33.1835485681504));
#4956=CARTESIAN_POINT('',(48.19810570272,-42.6152235093776,-33.5380939956024));
#4957=CARTESIAN_POINT('',(49.914867960859,-37.9722109708263,-34.4339246118419));
#4958=CARTESIAN_POINT('',(50.9732230349605,-35.7698334686747,-34.9718791896411));
#4959=CARTESIAN_POINT('',(53.5119976919229,-31.6046925478467,-36.1889084539424));
#4960=CARTESIAN_POINT('',(55.0006917802496,-29.6435842702074,-36.8705002014922));
#4961=CARTESIAN_POINT('',(59.9427876389322,-24.3914501352151,-38.9656754842475));
#4962=CARTESIAN_POINT('',(64.0133351300345,-21.6007685272936,-40.4792414049881));
#4963=CARTESIAN_POINT('',(70.7271336759273,-18.8456067706423,-42.4188216300107));
#4964=CARTESIAN_POINT('',(73.1054251354994,-18.1453682974016,-43.0229440118166));
#4965=CARTESIAN_POINT('',(77.9493327398091,-17.2261652243431,-44.0660314170297));
#4966=CARTESIAN_POINT('',(80.4161682296304,-17.0000000000003,-44.5076539642551));
#4967=CARTESIAN_POINT('',(82.9281934087658,-17.0000000000003,-44.8629144516771));
#4968=CARTESIAN_POINT('',(82.9281934087658,-17.0000000000002,-44.8629144516771));
#4969=CARTESIAN_POINT('',(97.631397208144,-17.0000000000002,59.102540378444));
#4970=CARTESIAN_POINT('',(97.631397208144,563.499999999997,59.102540378444));
#4971=CARTESIAN_POINT('',(114.102540378444,-17.0000000000002,2.3686027918561));
#4972=CARTESIAN_POINT('',(54.946582675542,-17.0000000000003,-78.257526150643));
#4973=CARTESIAN_POINT('',(54.946582675542,-17.0000000000003,-78.257526150643));
#4974=CARTESIAN_POINT('',(52.8832417305502,-17.0000000000003,-76.7436383915562));
#4975=CARTESIAN_POINT('',(50.9102950981416,-17.2236224924085,-75.1744199822629));
#4976=CARTESIAN_POINT('',(47.1352826290355,-18.1242557105446,-71.9386420368801));
#4977=CARTESIAN_POINT('',(45.3144655368575,-18.8132304120031,-70.2523857732261));
#4978=CARTESIAN_POINT('',(41.9542240459824,-20.6359107736411,-66.9150725651322));
#4979=CARTESIAN_POINT('',(40.4120787153543,-21.762530486161,-65.2651713292154));
#4980=CARTESIAN_POINT('',(37.5765485485586,-24.4620069237166,-62.039347931884));
#4981=CARTESIAN_POINT('',(36.2862543443362,-26.042304723019,-60.4643476399102));
#4982=CARTESIAN_POINT('',(32.9135139448187,-31.2650575387536,-56.1271929132331));
#4983=CARTESIAN_POINT('',(31.2418696724696,-35.527203838464,-53.6504823488198));
#4984=CARTESIAN_POINT('',(29.6060208597657,-42.4847184217475,-51.1229418828884));
#4985=CARTESIAN_POINT('',(29.1947577244047,-44.9406806652391,-50.4606962436779));
#4986=CARTESIAN_POINT('',(28.6539584831978,-49.9156326794587,-49.581433241845));
#4987=CARTESIAN_POINT('',(28.5195430649085,-52.439256820561,-49.3571216673663));
#4988=CARTESIAN_POINT('',(28.5195430649085,-55.0000000000003,-49.3571216673663));
#4989=CARTESIAN_POINT('',(28.5195430649085,-55.0000000000003,-49.3571216673663));
#4990=CARTESIAN_POINT('',(28.5195430649085,563.499999999997,-49.3571216673663));
#4991=CARTESIAN_POINT('',(114.102540378444,563.499999999997,2.3686027918561));
#4992=CARTESIAN_POINT('',(23.9499724453563,563.499999999997,-51.4599629987167));
#4993=CARTESIAN_POINT('',(23.9499724453563,-55.0000000000003,-51.4599629987167));
#4994=CARTESIAN_POINT('',(23.9499724453563,-55.0000000000003,-51.4599629987167));
#4995=CARTESIAN_POINT('',(23.9499724453563,-52.4629047567809,-51.4599629987167));
#4996=CARTESIAN_POINT('',(24.0769592145299,-49.9673740400309,-51.6742888849028));
#4997=CARTESIAN_POINT('',(24.5845273896455,-45.0564682440057,-52.5109449032889));
#4998=CARTESIAN_POINT('',(24.971736955042,-42.6152235093776,-53.143894246062));
#4999=CARTESIAN_POINT('',(26.010581374729,-37.9722109708263,-54.7780874462828));
#5000=CARTESIAN_POINT('',(26.6581664662254,-35.7698334686747,-55.7731473137898));
#5001=CARTESIAN_POINT('',(28.2482951814883,-31.6046925478466,-58.096512902305));
#5002=CARTESIAN_POINT('',(29.1967462066681,-29.6435842702074,-59.4311357148562));
#5003=CARTESIAN_POINT('',(32.4291391268474,-24.3914501352151,-63.7166586644449));
#5004=CARTESIAN_POINT('',(35.1975537010827,-21.6007685272935,-67.0627189476599));
#5005=CARTESIAN_POINT('',(40.0420836852056,-18.8456067706423,-72.0993439681537));
#5006=CARTESIAN_POINT('',(41.7996833158957,-18.1453682974016,-73.8116750275784));
#5007=CARTESIAN_POINT('',(45.4730866522059,-17.2261652243431,-77.1369690210154));
#5008=CARTESIAN_POINT('',(47.3886175797355,-17.0000000000003,-78.7528431107072));
#5009=CARTESIAN_POINT('',(49.386464956102,-17.0000000000003,-80.3165203073433));
#5010=CARTESIAN_POINT('',(49.386464956102,-17.0000000000002,-80.3165203073433));
#5011=CARTESIAN_POINT('',(114.102540378444,-17.0000000000002,2.36860279185611));
#5012=CARTESIAN_POINT('',(114.102540378444,563.499999999997,2.36860279185611));
#5013=CARTESIAN_POINT('',(100.,-17.0000000000002,-54.9999999999998));
#5014=CARTESIAN_POINT('',(8.45637337283985,-17.0000000000003,-95.2462970215529));
#5015=CARTESIAN_POINT('',(8.45637337283985,-17.0000000000003,-95.2462970215529));
#5016=CARTESIAN_POINT('',(7.42641157735173,-17.0000000000003,-92.9035612912095));
#5017=CARTESIAN_POINT('',(6.5023988780215,-17.2236224924085,-90.5581049684711));
#5018=CARTESIAN_POINT('',(4.85103115286409,-18.1242557105446,-85.8683328322111));
#5019=CARTESIAN_POINT('',(4.11728542722003,-18.813230412003,-83.497583524507));
#5020=CARTESIAN_POINT('',(2.87588753731859,-20.635910773641,-78.9272647604749));
#5021=CARTESIAN_POINT('',(2.36530112262552,-21.7625304861609,-76.7273357111215));
#5022=CARTESIAN_POINT('',(1.52257166364903,-24.4620069237166,-72.5159256175124));
#5023=CARTESIAN_POINT('',(1.19264425042354,-26.042304723019,-70.5067882515841));
#5024=CARTESIAN_POINT('',(0.44034274740985,-31.2650575387536,-65.0643318783791));
#5025=CARTESIAN_POINT('',(0.231011623671374,-35.527203838464,-62.0836154756013));
#5026=CARTESIAN_POINT('',(0.078095228084874,-42.4847184217475,-59.0767768166596));
#5027=CARTESIAN_POINT('',(0.0530537248275096,-44.9406806652391,-58.2976237018774));
#5028=CARTESIAN_POINT('',(0.0243393445113797,-49.9156326794587,-57.2657599850789));
#5029=CARTESIAN_POINT('',(0.0200879648519015,-52.439256820561,-57.0042927540728));
#5030=CARTESIAN_POINT('',(0.0200879648519015,-55.0000000000003,-57.0042927540728));
#5031=CARTESIAN_POINT('',(0.0200879648519048,-55.0000000000003,-57.0042927540728));
#5032=CARTESIAN_POINT('',(0.0200879648518948,563.499999999997,-57.0042927540728));
#5033=CARTESIAN_POINT('',(100.,563.499999999997,-54.9999999999998));
#5034=CARTESIAN_POINT('',(-4.9886969417425,563.499999999997,-56.5406214573741));
#5035=CARTESIAN_POINT('',(-4.98869694174249,-55.0000000000003,-56.5406214573741));
#5036=CARTESIAN_POINT('',(-4.98869694174249,-55.0000000000003,-56.5406214573741));
#5037=CARTESIAN_POINT('',(-4.98869694174249,-52.4629047567809,-56.5406214573741));
#5038=CARTESIAN_POINT('',(-4.98588611678672,-49.9673740400309,-56.7897265040866));
#5039=CARTESIAN_POINT('',(-4.96464719217711,-45.0564682440057,-57.7680759577959));
#5040=CARTESIAN_POINT('',(-4.94578854334203,-42.6152235093776,-58.5098309506443));
#5041=CARTESIAN_POINT('',(-4.86321948542374,-37.9722109708263,-60.4445059865708));
#5042=CARTESIAN_POINT('',(-4.79992427882924,-35.7698334686747,-61.6300456558665));
#5043=CARTESIAN_POINT('',(-4.58451521038203,-31.6046925478466,-64.4372036354306));
#5044=CARTESIAN_POINT('',(-4.43044393460664,-29.6435842702074,-66.0672464081602));
#5045=CARTESIAN_POINT('',(-3.77387102551269,-24.3914501352151,-71.3948146110949));
#5046=CARTESIAN_POINT('',(-3.04938381762528,-21.6007685272936,-75.6767951060708));
#5047=CARTESIAN_POINT('',(-1.37221029222636,-18.8456067706423,-82.4609053152163));
#5048=CARTESIAN_POINT('',(-0.706249892078978,-18.1453682974016,-84.8226273277122));
#5049=CARTESIAN_POINT('',(0.812363718793736,-17.2261652243431,-89.5391180692356));
#5050=CARTESIAN_POINT('',(1.66332511892316,-17.0000000000003,-91.8962715439905));
#5051=CARTESIAN_POINT('',(2.61167310142261,-17.0000000000003,-94.249379407779));
#5052=CARTESIAN_POINT('',(2.61167310142261,-17.0000000000002,-94.249379407779));
#5053=CARTESIAN_POINT('',(100.,-17.0000000000002,-54.9999999999998));
#5054=CARTESIAN_POINT('',(100.,563.499999999997,-54.9999999999998));
#5055=CARTESIAN_POINT('',(59.1025403784441,-17.0000000000002,-97.631397208144));
#5056=CARTESIAN_POINT('',(-40.2997143460108,-17.0000000000003,-86.7138995234829));
#5057=CARTESIAN_POINT('',(-40.2997143460108,-17.0000000000003,-86.7138995234829));
#5058=CARTESIAN_POINT('',(-40.0203195606593,-17.0000000000003,-84.170049968908));
#5059=CARTESIAN_POINT('',(-39.6478098703294,-17.2236224924085,-81.6768188602845));
#5060=CARTESIAN_POINT('',(-38.7330502031755,-18.1242557105446,-76.7896731897442));
#5061=CARTESIAN_POINT('',(-38.1831179876495,-18.813230412003,-74.3696712004461));
#5062=CARTESIAN_POINT('',(-36.9730407144924,-20.635910773641,-69.7909601024509));
#5063=CARTESIAN_POINT('',(-36.3152569957672,-21.762530486161,-67.630472451841));
#5064=CARTESIAN_POINT('',(-34.9393770689537,-24.4620069237166,-63.561919595533));
#5065=CARTESIAN_POINT('',(-34.2205339072478,-26.042304723019,-61.6569918903338));
#5066=CARTESIAN_POINT('',(-32.1508179335604,-31.2650575387536,-56.567535660643));
#5067=CARTESIAN_POINT('',(-30.8417458031318,-35.5272038384641,-53.8814939724912));
#5068=CARTESIAN_POINT('',(-29.470755956894,-42.4847184217475,-51.2010371109733));
#5069=CARTESIAN_POINT('',(-29.1028659774726,-44.9406806652391,-50.5137499685054));
#5070=CARTESIAN_POINT('',(-28.6118015018811,-49.9156326794587,-49.6057725863564));
#5071=CARTESIAN_POINT('',(-28.4847496891643,-52.439256820561,-49.3772096322182));
#5072=CARTESIAN_POINT('',(-28.4847496891643,-55.0000000000003,-49.3772096322182));
#5073=CARTESIAN_POINT('',(-28.4847496891643,-55.0000000000003,-49.3772096322182));
#5074=CARTESIAN_POINT('',(-28.4847496891643,563.499999999997,-49.3772096322182));
#5075=CARTESIAN_POINT('',(59.1025403784441,563.499999999997,-97.631397208144));
#5076=CARTESIAN_POINT('',(-32.5906490120178,563.499999999997,-46.4712660569742));
#5077=CARTESIAN_POINT('',(-32.5906490120177,-55.0000000000003,-46.4712660569743));
#5078=CARTESIAN_POINT('',(-32.5906490120177,-55.0000000000003,-46.4712660569743));
#5079=CARTESIAN_POINT('',(-32.5906490120177,-52.4629047567809,-46.4712660569743));
#5080=CARTESIAN_POINT('',(-32.7127672895567,-49.9673740400309,-46.6884027681161));
#5081=CARTESIAN_POINT('',(-33.1835485681504,-45.0564682440057,-47.5462977111118));
#5082=CARTESIAN_POINT('',(-33.5380939956024,-42.6152235093776,-48.19810570272));
#5083=CARTESIAN_POINT('',(-34.4339246118418,-37.9722109708263,-49.914867960859));
#5084=CARTESIAN_POINT('',(-34.971879189641,-35.7698334686747,-50.9732230349605));
#5085=CARTESIAN_POINT('',(-36.1889084539423,-31.6046925478466,-53.5119976919229));
#5086=CARTESIAN_POINT('',(-36.8705002014921,-29.6435842702074,-55.0006917802497));
#5087=CARTESIAN_POINT('',(-38.9656754842474,-24.3914501352151,-59.9427876389323));
#5088=CARTESIAN_POINT('',(-40.479241404988,-21.6007685272935,-64.0133351300346));
#5089=CARTESIAN_POINT('',(-42.4188216300106,-18.8456067706423,-70.7271336759274));
#5090=CARTESIAN_POINT('',(-43.0229440118164,-18.1453682974016,-73.1054251354994));
#5091=CARTESIAN_POINT('',(-44.0660314170296,-17.2261652243431,-77.9493327398092));
#5092=CARTESIAN_POINT('',(-44.507653964255,-17.0000000000003,-80.4161682296304));
#5093=CARTESIAN_POINT('',(-44.862914451677,-17.0000000000003,-82.9281934087659));
#5094=CARTESIAN_POINT('',(-44.862914451677,-17.0000000000002,-82.9281934087659));
#5095=CARTESIAN_POINT('',(59.1025403784441,-17.0000000000002,-97.631397208144));
#5096=CARTESIAN_POINT('',(59.1025403784441,563.499999999997,-97.631397208144));
#5097=CARTESIAN_POINT('',(-54.9999999999996,-17.0000000000002,-100.));
#5098=CARTESIAN_POINT('',(-95.2462970215529,-17.0000000000003,-8.45637337283998));
#5099=CARTESIAN_POINT('',(-95.2462970215529,-17.0000000000003,-8.45637337283998));
#5100=CARTESIAN_POINT('',(-92.9035612912095,-17.0000000000003,-7.42641157735186));
#5101=CARTESIAN_POINT('',(-90.558104968471,-17.2236224924085,-6.50239887802164));
#5102=CARTESIAN_POINT('',(-85.8683328322111,-18.1242557105446,-4.85103115286422));
#5103=CARTESIAN_POINT('',(-83.497583524507,-18.8132304120031,-4.11728542722014));
#5104=CARTESIAN_POINT('',(-78.9272647604749,-20.6359107736411,-2.87588753731869));
#5105=CARTESIAN_POINT('',(-76.7273357111215,-21.762530486161,-2.36530112262563));
#5106=CARTESIAN_POINT('',(-72.5159256175124,-24.4620069237166,-1.52257166364914));
#5107=CARTESIAN_POINT('',(-70.5067882515841,-26.042304723019,-1.19264425042363));
#5108=CARTESIAN_POINT('',(-65.0643318783791,-31.2650575387536,-0.440342747409927));
#5109=CARTESIAN_POINT('',(-62.0836154756014,-35.5272038384641,-0.231011623671461));
#5110=CARTESIAN_POINT('',(-59.0767768166597,-42.4847184217475,-0.0780952280849577));
#5111=CARTESIAN_POINT('',(-58.2976237018774,-44.9406806652391,-0.0530537248275921));
#5112=CARTESIAN_POINT('',(-57.2657599850789,-49.9156326794587,-0.024339344511461));
#5113=CARTESIAN_POINT('',(-57.0042927540728,-52.439256820561,-0.0200879648519833));
#5114=CARTESIAN_POINT('',(-57.0042927540728,-55.0000000000003,-0.0200879648519834));
#5115=CARTESIAN_POINT('',(-57.0042927540728,-55.0000000000003,-0.0200879648519964));
#5116=CARTESIAN_POINT('',(-57.0042927540728,563.499999999997,-0.0200879648519781));
#5117=CARTESIAN_POINT('',(-54.9999999999996,563.499999999997,-100.));
#5118=CARTESIAN_POINT('',(-56.5406214573741,563.499999999997,4.98869694174241));
#5119=CARTESIAN_POINT('',(-56.5406214573741,-55.0000000000003,4.98869694174241));
#5120=CARTESIAN_POINT('',(-56.5406214573741,-55.0000000000003,4.98869694174241));
#5121=CARTESIAN_POINT('',(-56.5406214573741,-52.4629047567809,4.98869694174241));
#5122=CARTESIAN_POINT('',(-56.7897265040866,-49.9673740400309,4.98588611678665));
#5123=CARTESIAN_POINT('',(-57.7680759577959,-45.0564682440057,4.96464719217702));
#5124=CARTESIAN_POINT('',(-58.5098309506443,-42.6152235093776,4.94578854334195));
#5125=CARTESIAN_POINT('',(-60.4445059865708,-37.9722109708263,4.86321948542366));
#5126=CARTESIAN_POINT('',(-61.6300456558665,-35.7698334686747,4.79992427882916));
#5127=CARTESIAN_POINT('',(-64.4372036354306,-31.6046925478467,4.58451521038195));
#5128=CARTESIAN_POINT('',(-66.0672464081602,-29.6435842702074,4.43044393460653));
#5129=CARTESIAN_POINT('',(-71.3948146110949,-24.3914501352151,3.77387102551257));
#5130=CARTESIAN_POINT('',(-75.6767951060708,-21.6007685272936,3.04938381762518));
#5131=CARTESIAN_POINT('',(-82.4609053152163,-18.8456067706423,1.37221029222625));
#5132=CARTESIAN_POINT('',(-84.8226273277122,-18.1453682974016,0.706249892078842));
#5133=CARTESIAN_POINT('',(-89.5391180692356,-17.2261652243431,-0.81236371879388));
#5134=CARTESIAN_POINT('',(-91.8962715439905,-17.0000000000003,-1.66332511892328));
#5135=CARTESIAN_POINT('',(-94.249379407779,-17.0000000000003,-2.61167310142274));
#5136=CARTESIAN_POINT('',(-94.249379407779,-17.0000000000002,-2.61167310142276));
#5137=CARTESIAN_POINT('',(-54.9999999999996,-17.0000000000002,-100.));
#5138=CARTESIAN_POINT('',(-54.9999999999996,563.499999999997,-100.));
#5139=CARTESIAN_POINT('',(2.3686027918562,-17.0000000000002,-114.102540378444));
#5140=CARTESIAN_POINT('',(-78.257526150643,-17.0000000000003,-54.9465826755421));
#5141=CARTESIAN_POINT('',(-78.257526150643,-17.0000000000003,-54.9465826755421));
#5142=CARTESIAN_POINT('',(-76.7436383915561,-17.0000000000003,-52.8832417305503));
#5143=CARTESIAN_POINT('',(-75.1744199822629,-17.2236224924085,-50.9102950981416));
#5144=CARTESIAN_POINT('',(-71.9386420368801,-18.1242557105446,-47.1352826290356));
#5145=CARTESIAN_POINT('',(-70.252385773226,-18.813230412003,-45.3144655368576));
#5146=CARTESIAN_POINT('',(-66.9150725651322,-20.635910773641,-41.9542240459824));
#5147=CARTESIAN_POINT('',(-65.2651713292154,-21.762530486161,-40.4120787153544));
#5148=CARTESIAN_POINT('',(-62.039347931884,-24.4620069237166,-37.5765485485586));
#5149=CARTESIAN_POINT('',(-60.4643476399102,-26.042304723019,-36.2862543443363));
#5150=CARTESIAN_POINT('',(-56.1271929132331,-31.2650575387536,-32.9135139448188));
#5151=CARTESIAN_POINT('',(-53.6504823488198,-35.5272038384641,-31.2418696724696));
#5152=CARTESIAN_POINT('',(-51.1229418828884,-42.4847184217475,-29.6060208597657));
#5153=CARTESIAN_POINT('',(-50.4606962436778,-44.9406806652391,-29.1947577244047));
#5154=CARTESIAN_POINT('',(-49.581433241845,-49.9156326794587,-28.6539584831978));
#5155=CARTESIAN_POINT('',(-49.3571216673663,-52.439256820561,-28.5195430649085));
#5156=CARTESIAN_POINT('',(-49.3571216673663,-55.0000000000003,-28.5195430649085));
#5157=CARTESIAN_POINT('',(-49.3571216673663,-55.0000000000003,-28.5195430649085));
#5158=CARTESIAN_POINT('',(-49.3571216673663,563.499999999997,-28.5195430649085));
#5159=CARTESIAN_POINT('',(2.3686027918562,563.499999999997,-114.102540378444));
#5160=CARTESIAN_POINT('',(-51.4599629987167,563.499999999997,-23.9499724453563));
#5161=CARTESIAN_POINT('',(-51.4599629987167,-55.0000000000003,-23.9499724453563));
#5162=CARTESIAN_POINT('',(-51.4599629987167,-55.0000000000003,-23.9499724453563));
#5163=CARTESIAN_POINT('',(-51.4599629987167,-52.4629047567809,-23.9499724453563));
#5164=CARTESIAN_POINT('',(-51.6742888849028,-49.9673740400309,-24.0769592145299));
#5165=CARTESIAN_POINT('',(-52.5109449032889,-45.0564682440057,-24.5845273896455));
#5166=CARTESIAN_POINT('',(-53.143894246062,-42.6152235093776,-24.971736955042));
#5167=CARTESIAN_POINT('',(-54.7780874462828,-37.9722109708263,-26.010581374729));
#5168=CARTESIAN_POINT('',(-55.7731473137898,-35.7698334686747,-26.6581664662254));
#5169=CARTESIAN_POINT('',(-58.0965129023049,-31.6046925478467,-28.2482951814884));
#5170=CARTESIAN_POINT('',(-59.4311357148562,-29.6435842702074,-29.1967462066681));
#5171=CARTESIAN_POINT('',(-63.7166586644449,-24.3914501352151,-32.4291391268475));
#5172=CARTESIAN_POINT('',(-67.0627189476598,-21.6007685272936,-35.1975537010828));
#5173=CARTESIAN_POINT('',(-72.0993439681537,-18.8456067706423,-40.0420836852057));
#5174=CARTESIAN_POINT('',(-73.8116750275784,-18.1453682974016,-41.7996833158957));
#5175=CARTESIAN_POINT('',(-77.1369690210154,-17.2261652243431,-45.473086652206));
#5176=CARTESIAN_POINT('',(-78.7528431107072,-17.0000000000003,-47.3886175797355));
#5177=CARTESIAN_POINT('',(-80.3165203073432,-17.0000000000003,-49.386464956102));
#5178=CARTESIAN_POINT('',(-80.3165203073432,-17.0000000000002,-49.386464956102));
#5179=CARTESIAN_POINT('',(2.36860279185621,-17.0000000000002,-114.102540378444));
#5180=CARTESIAN_POINT('',(2.36860279185621,563.499999999997,-114.102540378444));
#5181=CARTESIAN_POINT('',(-30.2312030111793,-55.0000000000003,48.3226071781818));
#5182=CARTESIAN_POINT('',(-30.2312030111793,0.,48.3226071781818));
#5183=CARTESIAN_POINT('',(-56.1297018296003,-17.0000000000003,76.6450035717929));
#5184=CARTESIAN_POINT('',(-28.5195430649086,-55.0000000000003,49.3571216673662));
#5185=CARTESIAN_POINT('',(-27.5008348429742,-55.0000000000003,47.6716140416622));
#5186=CARTESIAN_POINT('',(-29.1704590458748,-55.0000000000003,46.6270771017544));
#5187=CARTESIAN_POINT('',(-28.5195430650362,-52.4662795332115,49.3571216675773));
#5188=CARTESIAN_POINT('',(-27.5008348431281,-52.3349876836258,47.6716140418116));
#5189=CARTESIAN_POINT('',(-29.1704590459237,-52.3329258244279,46.6270771017238));
#5190=CARTESIAN_POINT('',(-28.6511927046469,-49.9672132740499,49.5767861896324));
#5191=CARTESIAN_POINT('',(-27.6326178317069,-49.6997009323048,47.9013978513002));
#5192=CARTESIAN_POINT('',(-29.3066236949432,-49.7023297621649,46.8534546552688));
#5193=CARTESIAN_POINT('',(-29.1814714311748,-45.0375428517787,50.4392404187829));
#5194=CARTESIAN_POINT('',(-28.1628102296338,-44.5084792714028,48.8013294850106));
#5195=CARTESIAN_POINT('',(-29.8542033194052,-44.5132030018652,47.7427970232168));
#5196=CARTESIAN_POINT('',(-29.5849261035879,-42.6005549846965,51.0893176177209));
#5197=CARTESIAN_POINT('',(-28.5684080003342,-41.935205520398,49.4829190935218));
#5198=CARTESIAN_POINT('',(-30.2705615165228,-41.9479526154588,48.4133009909968));
#5199=CARTESIAN_POINT('',(-30.6577802613913,-37.9867203787279,52.7489841132105));
#5200=CARTESIAN_POINT('',(-29.6491203102525,-37.0615353414883,51.2227992381344));
#5201=CARTESIAN_POINT('',(-31.3752642959792,-37.0912846091984,50.1266485747969));
#5202=CARTESIAN_POINT('',(-31.328535200625,-35.7844812741272,53.7612773910193));
#5203=CARTESIAN_POINT('',(-30.3288961744229,-34.7305733382515,52.288757129848));
#5204=CARTESIAN_POINT('',(-32.0650039981122,-34.7731381833549,51.1722815068921));
#5205=CARTESIAN_POINT('',(-32.9895006539393,-31.5965972095677,56.1358771150064));
#5206=CARTESIAN_POINT('',(-32.0203617424173,-30.2902695907806,54.7941526460141));
#5207=CARTESIAN_POINT('',(-33.7690605469196,-30.3648391679029,53.6277487045648));
#5208=CARTESIAN_POINT('',(-33.9587379518507,-29.6683374149458,57.4669394993006));
#5209=CARTESIAN_POINT('',(-33.012548323981,-28.2459837546646,56.2023462870295));
#5210=CARTESIAN_POINT('',(-34.7618204799604,-28.3350920157333,55.0053005116391));
#5211=CARTESIAN_POINT('',(-36.1921319846563,-26.1678501907822,60.3473397792544));
#5212=CARTESIAN_POINT('',(-35.3147668497565,-24.5265742426885,59.2604177141829));
#5213=CARTESIAN_POINT('',(-37.0451642217785,-24.6503686218752,57.9897382040034));
#5214=CARTESIAN_POINT('',(-37.4765527269407,-24.5741235054556,61.9204602361127));
#5215=CARTESIAN_POINT('',(-36.6430998340948,-22.8383313075769,60.9310138159558));
#5216=CARTESIAN_POINT('',(-38.3564221295345,-22.972761584577,59.621304300625));
#5217=CARTESIAN_POINT('',(-40.3114888405799,-21.8425288421309,65.1555138000607));
#5218=CARTESIAN_POINT('',(-39.596625535388,-19.9444531580846,64.3781839838752));
#5219=CARTESIAN_POINT('',(-41.2467558536526,-20.0973987813034,62.9806752726818));
#5220=CARTESIAN_POINT('',(-41.8564074037444,-20.6998748826655,66.8135134218273));
#5221=CARTESIAN_POINT('',(-41.2067939150333,-18.7431366267468,66.1399296061776));
#5222=CARTESIAN_POINT('',(-42.8201854057429,-18.894605139679,64.7043392395958));
#5223=CARTESIAN_POINT('',(-45.2307924941675,-18.8482813762633,70.1734627767933));
#5224=CARTESIAN_POINT('',(-44.7454612124686,-16.8084448121883,69.716809884877));
#5225=CARTESIAN_POINT('',(-46.2541248309374,-16.9455593434039,68.2018953347714));
#5226=CARTESIAN_POINT('',(-47.0651828216551,-18.1459065935294,71.8761444472953));
#5227=CARTESIAN_POINT('',(-46.6647723801575,-16.0865640016213,71.5196286541781));
#5228=CARTESIAN_POINT('',(-48.1196220097747,-16.2062174667833,69.9766194067472));
#5229=CARTESIAN_POINT('',(-50.871157870067,-17.2281724407547,75.1432160932763));
#5230=CARTESIAN_POINT('',(-50.6618272610611,-15.1712743439728,74.9761624613559));
#5231=CARTESIAN_POINT('',(-51.9885920356162,-15.2401815166735,73.3867991210048));
#5232=CARTESIAN_POINT('',(-52.8622836572338,-17.0000000001146,76.7282613058035));
#5233=CARTESIAN_POINT('',(-52.7434904072594,-14.961361365359,76.641101862924));
#5234=CARTESIAN_POINT('',(-54.0119581691391,-15.0000000000003,75.0437342622712));
#5235=CARTESIAN_POINT('',(-54.9465826755423,-17.0000000000003,78.2575261506429));
#5236=CARTESIAN_POINT('',(-54.9465826755423,-15.0000000000003,78.2575261506429));
#5237=CARTESIAN_POINT('',(-56.1297018296003,-15.0000000000003,76.6450035717929));
#5238=CARTESIAN_POINT('',(-114.102540378444,-17.0000000000002,-2.36860279185642));
#5239=CARTESIAN_POINT('',(-50.3422933837368,-55.0000000000003,26.7330038878121));
#5240=CARTESIAN_POINT('',(-50.3422933837368,0.,26.7330038878121));
#5241=CARTESIAN_POINT('',(-86.9322494771762,-17.0000000000003,38.3116692515216));
#5242=CARTESIAN_POINT('',(-49.3772096322183,-55.0000000000003,28.4847496891642));
#5243=CARTESIAN_POINT('',(-47.652228620127,-55.0000000000003,27.5344113779993));
#5244=CARTESIAN_POINT('',(-48.5758971246583,-55.0000000000003,25.7950037513976));
#5245=CARTESIAN_POINT('',(-49.3772096324308,-52.4662795332181,28.4847496892813));
#5246=CARTESIAN_POINT('',(-47.6522286203643,-52.3349876836256,27.5344113781136));
#5247=CARTESIAN_POINT('',(-48.575897124678,-52.3329258244355,25.7950037513606));
#5248=CARTESIAN_POINT('',(-49.6010538257657,-49.9672132740412,28.6091599258888));
#5249=CARTESIAN_POINT('',(-47.8812479409963,-49.6997009322875,27.667518500131));
#5250=CARTESIAN_POINT('',(-48.8070079466204,-49.7023297621548,25.9229701390312));
#5251=CARTESIAN_POINT('',(-50.4915157885968,-45.0375428517874,29.0909278346685));
#5252=CARTESIAN_POINT('',(-48.7903738433101,-44.5084792714028,28.1817859576857));
#5253=CARTESIAN_POINT('',(-49.7258969959448,-44.5132030018752,26.4193734101496));
#5254=CARTESIAN_POINT('',(-51.1659563836613,-42.6005549846965,29.4521838671686));
#5255=CARTESIAN_POINT('',(-49.4824266207175,-41.935205520398,28.5692609882363));
#5256=CARTESIAN_POINT('',(-50.4217257556303,-41.9479526154604,26.7918677809961));
#5257=CARTESIAN_POINT('',(-52.9249085866028,-37.9867203787279,30.3530701351621));
#5258=CARTESIAN_POINT('',(-51.2882910076121,-37.0615353415057,29.5356852380414));
#5259=CARTESIAN_POINT('',(-52.2351002181637,-37.0912846091968,27.7233189243678));
#5260=CARTESIAN_POINT('',(-54.0119460425879,-35.7844812741097,30.8943643602038));
#5261=CARTESIAN_POINT('',(-52.4099731206925,-34.730573338232,30.1189439195005));
#5262=CARTESIAN_POINT('',(-53.3552487882787,-34.7731381833528,28.2839937554904));
#5263=CARTESIAN_POINT('',(-56.6376841819959,-31.5965972095853,32.1203453183558));
#5264=CARTESIAN_POINT('',(-55.127523030322,-30.290269590814,31.4429472991295));
#5265=CARTESIAN_POINT('',(-56.0587386478316,-30.3648391679051,29.5584624524921));
#5266=CARTESIAN_POINT('',(-58.1425994964211,-29.6683374149632,32.7884605082162));
#5267=CARTESIAN_POINT('',(-56.6908786357315,-28.2459837546743,32.1663854748416));
#5268=CARTESIAN_POINT('',(-57.6072698732683,-28.3350920157379,30.2550773458695));
#5269=CARTESIAN_POINT('',(-61.5169756054494,-26.1678501907649,34.1662633073136));
#5270=CARTESIAN_POINT('',(-60.2136940776987,-24.5265742426984,33.6636437544993));
#5271=CARTESIAN_POINT('',(-61.0769224054194,-24.6503686218706,31.6980043326137));
#5272=CARTESIAN_POINT('',(-63.4158768258432,-24.574123505473,34.8864152150239));
#5273=CARTESIAN_POINT('',(-62.1993622377175,-22.8383313076047,34.4462559259129));
#5274=CARTESIAN_POINT('',(-63.0282881127588,-22.9727615845824,32.4553530663384));
#5275=CARTESIAN_POINT('',(-67.4885303003563,-21.8425288421134,36.2705857271939));
#5276=CARTESIAN_POINT('',(-66.480775609727,-19.9444531580514,35.9548300118514));
#5277=CARTESIAN_POINT('',(-67.2110760293087,-20.097398781298,33.9194868068126));
#5278=CARTESIAN_POINT('',(-69.6554688336907,-20.6998748826655,36.9339962375185));
#5279=CARTESIAN_POINT('',(-68.756095142008,-18.7431366267466,36.6754622858892));
#5280=CARTESIAN_POINT('',(-69.435537975945,-18.894605139679,34.6255088136759));
#5281=CARTESIAN_POINT('',(-74.2577467216648,-18.8482813762633,38.1566051891454));
#5282=CARTESIAN_POINT('',(-73.6091110564981,-16.8084448121881,38.0037978249377));
#5283=CARTESIAN_POINT('',(-74.15819480078,-16.9455593434039,35.9375115307197));
#5284=CARTESIAN_POINT('',(-76.697716180948,-18.1459065935511,38.7139756066079));
#5285=CARTESIAN_POINT('',(-76.1726926701158,-16.086564001643,38.6054290936348));
#5286=CARTESIAN_POINT('',(-76.6611247843356,-16.2062174667866,36.5417190722866));
#5287=CARTESIAN_POINT('',(-81.6273230820568,-17.228172440733,39.6403551238097));
#5288=CARTESIAN_POINT('',(-81.3625106409049,-15.1712743439512,39.6003477393069));
#5289=CARTESIAN_POINT('',(-81.716840970339,-15.2401815166702,37.560536323432));
#5290=CARTESIAN_POINT('',(-84.1442112021162,-17.0000000001146,40.0174816504185));
#5291=CARTESIAN_POINT('',(-83.9977535084027,-14.9613613653905,40.0013959836727));
#5292=CARTESIAN_POINT('',(-84.2975950137448,-15.0000000000003,37.9838011814035));
#5293=CARTESIAN_POINT('',(-86.713899523483,-17.0000000000003,40.2997143460107));
#5294=CARTESIAN_POINT('',(-86.713899523483,-15.0000000000003,40.2997143460107));
#5295=CARTESIAN_POINT('',(-86.9322494771762,-15.0000000000003,38.3116692515216));
#5296=CARTESIAN_POINT('',(-97.6313972081439,-17.0000000000002,-59.1025403784443));
#5297=CARTESIAN_POINT('',(-56.9642068989914,-55.0000000000003,-2.01968620555495));
#5298=CARTESIAN_POINT('',(-56.9642068989914,0.,-2.01968620555495));
#5299=CARTESIAN_POINT('',(-94.4413710811218,-17.0000000000003,-10.2872459053832));
#5300=CARTESIAN_POINT('',(-57.0042927540728,-55.0000000000003,-0.0200879648519911));
#5301=CARTESIAN_POINT('',(-55.0352462209735,-55.0000000000003,0.0193854215352341));
#5302=CARTESIAN_POINT('',(-54.9654627972724,-55.0000000000003,-1.9488200229039));
#5303=CARTESIAN_POINT('',(-57.0042927542926,-52.4662795332181,-0.0200879648563965));
#5304=CARTESIAN_POINT('',(-55.0352462212284,-52.3349876836304,0.0193854215110946));
#5305=CARTESIAN_POINT('',(-54.9654627972725,-52.3329258244308,-1.94882002290099));
#5306=CARTESIAN_POINT('',(-57.2603526305472,-49.9672132740412,-0.0242676361316967));
#5307=CARTESIAN_POINT('',(-55.300136331881,-49.6997009322936,0.0201499103347585));
#5308=CARTESIAN_POINT('',(-55.229593833998,-49.7023297621611,-1.95355329132214));
#5309=CARTESIAN_POINT('',(-58.2723992658317,-45.0375428517874,-0.0522753698153024));
#5310=CARTESIAN_POINT('',(-56.3445961872754,-44.508479271409,0.0109556416725762));
#5311=CARTESIAN_POINT('',(-56.2735767295311,-44.5132030018689,-1.98309997275733));
#5312=CARTESIAN_POINT('',(-59.037109970778,-42.6005549847052,-0.0766387659332322));
#5313=CARTESIAN_POINT('',(-57.137668988571,-41.9352055204009,0.000492472797959767));
#5314=CARTESIAN_POINT('',(-57.0624292975262,-41.9479526154604,-2.0084247646315));
#5315=CARTESIAN_POINT('',(-61.0108503965319,-37.9867203787192,-0.175924473399387));
#5316=CARTESIAN_POINT('',(-59.1848055482944,-37.0615353414912,-0.0654917694775597));
#5317=CARTESIAN_POINT('',(-59.0985832203394,-37.0912846091968,-2.10845164336864));
#5318=CARTESIAN_POINT('',(-62.2228995608162,-35.7844812741097,-0.250668651584689));
#5319=CARTESIAN_POINT('',(-60.4478400939487,-34.7305733382319,-0.121215990892356));
#5320=CARTESIAN_POINT('',(-60.3489977536363,-34.7731381833496,-2.18296728138417));
#5321=CARTESIAN_POINT('',(-65.1098459723076,-31.5965972095853,-0.501807066973308));
#5322=CARTESIAN_POINT('',(-63.4633090415283,-30.290269590796,-0.333370384268014));
#5323=CARTESIAN_POINT('',(-63.3275229993779,-30.3648391679083,-2.43098994326916));
#5324=CARTESIAN_POINT('',(-66.7471984600599,-29.6683374149458,-0.675659997110641));
#5325=CARTESIAN_POINT('',(-65.1789337988384,-28.2459837546612,-0.488532348712944));
#5326=CARTESIAN_POINT('',(-65.0168978258582,-28.3350920157317,-2.601969361629));
#5327=CARTESIAN_POINT('',(-70.3583952919767,-26.1678501907822,-1.16963582620478));
#5328=CARTESIAN_POINT('',(-68.9784106042369,-24.5265742427026,-0.953276363521956));
#5329=CARTESIAN_POINT('',(-68.7431685543639,-24.6503686218768,-3.08718420141605));
#5330=CARTESIAN_POINT('',(-72.3629679419527,-24.574123505473,-1.49541658973809));
#5331=CARTESIAN_POINT('',(-71.0893557599911,-22.8383313075972,-1.26834842173058));
#5332=CARTESIAN_POINT('',(-70.8117751958611,-22.9727615845843,-3.40698381211752));
#5333=CARTESIAN_POINT('',(-76.5820745677855,-21.8425288421134,-2.33301650028773));
#5334=CARTESIAN_POINT('',(-75.5514555472577,-19.9444531580613,-2.10259162587566));
#5335=CARTESIAN_POINT('',(-75.1662426604769,-20.0973987812961,-4.23040075664303));
#5336=CARTESIAN_POINT('',(-78.7904036412531,-20.6998748826742,-2.8419554118761));
#5337=CARTESIAN_POINT('',(-77.8822562009153,-18.7431366267495,-2.61616553586841));
#5338=CARTESIAN_POINT('',(-77.4456942194181,-18.8946051396903,-4.73119873635884));
#5339=CARTESIAN_POINT('',(-83.3873976833226,-18.8482813762546,-4.08428394485862));
#5340=CARTESIAN_POINT('',(-82.7492590373992,-16.808444812191,-3.89230117157859));
#5341=CARTESIAN_POINT('',(-82.1916363616578,-16.9455593433926,-5.9562994659988));
#5342=CARTESIAN_POINT('',(-85.7791584282367,-18.1459065935337,-4.82157173365452));
#5343=CARTESIAN_POINT('',(-85.2702014738034,-16.0865640016252,-4.65306401595433));
#5344=CARTESIAN_POINT('',(-84.6613410820711,-16.206217466786,-6.68450537759914));
#5345=CARTESIAN_POINT('',(-90.5115129939028,-17.2281724407503,-6.48410698877844));
#5346=CARTESIAN_POINT('',(-90.2621750003617,-15.171274343968,-6.38634817953304));
#5347=CARTESIAN_POINT('',(-89.5491283590383,-15.2401815166708,-8.33004184932329));
#5348=CARTESIAN_POINT('',(-92.8797653076327,-17.0000000001146,-7.41594989631256));
#5349=CARTESIAN_POINT('',(-92.7448863909519,-14.9613613654082,-7.35665164545286));
#5350=CARTESIAN_POINT('',(-91.9957593505468,-15.0000000000003,-9.25386075145387));
#5351=CARTESIAN_POINT('',(-95.2462970215529,-17.0000000000003,-8.45637337283999));
#5352=CARTESIAN_POINT('',(-95.2462970215529,-15.0000000000003,-8.45637337283999));
#5353=CARTESIAN_POINT('',(-94.4413710811218,-15.0000000000003,-10.2872459053832));
#5354=CARTESIAN_POINT('',(-54.9999999999996,-17.0000000000002,-100.));
#5355=CARTESIAN_POINT('',(-48.3226071781819,-55.0000000000003,-30.2312030111792));
#5356=CARTESIAN_POINT('',(-48.3226071781819,0.,-30.2312030111792));
#5357=CARTESIAN_POINT('',(-76.645003571793,-17.0000000000003,-56.1297018296002));
#5358=CARTESIAN_POINT('',(-49.3571216673663,-55.0000000000003,-28.5195430649085));
#5359=CARTESIAN_POINT('',(-47.6716140416622,-55.0000000000003,-27.5008348429741));
#5360=CARTESIAN_POINT('',(-46.6270771017544,-55.0000000000003,-29.1704590458747));
#5361=CARTESIAN_POINT('',(-49.3571216676153,-52.466279533218,-28.519543065059));
#5362=CARTESIAN_POINT('',(-47.6716140419435,-52.3349876836222,-27.5008348431236));
#5363=CARTESIAN_POINT('',(-46.6270771017589,-52.3329258244296,-29.1704590458675));
#5364=CARTESIAN_POINT('',(-49.5767861896441,-49.9672132740412,-28.651192704654));
#5365=CARTESIAN_POINT('',(-47.901397851301,-49.6997009323003,-27.632617831729));
#5366=CARTESIAN_POINT('',(-46.8534546552595,-49.7023297621626,-29.306623694959));
#5367=CARTESIAN_POINT('',(-50.4392404187713,-45.0375428517874,-29.1814714311675));
#5368=CARTESIAN_POINT('',(-48.8013294850115,-44.5084792713982,-28.1628102296123));
#5369=CARTESIAN_POINT('',(-47.7427970232263,-44.5132030018674,-29.8542033193892));
#5370=CARTESIAN_POINT('',(-51.089317617719,-42.6005549846965,-29.5849261035865));
#5371=CARTESIAN_POINT('',(-49.482919093519,-41.9352055203975,-28.5684080003194));
#5372=CARTESIAN_POINT('',(-48.4133009909952,-41.9479526154622,-30.2705615165227));
#5373=CARTESIAN_POINT('',(-52.7489841132126,-37.9867203787279,-30.6577802613925));
#5374=CARTESIAN_POINT('',(-51.2227992381315,-37.0615353415052,-29.6491203102637));
#5375=CARTESIAN_POINT('',(-50.1266485747986,-37.091284609195,-31.375264295979));
#5376=CARTESIAN_POINT('',(-53.7612773909858,-35.7844812741009,-31.3285352006013));
#5377=CARTESIAN_POINT('',(-52.2887571297977,-34.7305733382305,-30.3288961744198));
#5378=CARTESIAN_POINT('',(-51.1722815068839,-34.7731381833589,-32.0650039981202));
#5379=CARTESIAN_POINT('',(-56.1358771150401,-31.5965972095941,-32.9895006539627));
#5380=CARTESIAN_POINT('',(-54.7941526460692,-30.2902695907946,-32.0203617424229));
#5381=CARTESIAN_POINT('',(-53.6277487045731,-30.364839167899,-33.7690605469114));
#5382=CARTESIAN_POINT('',(-57.4669394993132,-29.6683374149458,-33.9587379518604));
#5383=CARTESIAN_POINT('',(-56.202346287016,-28.2459837546576,-33.0125483239771));
#5384=CARTESIAN_POINT('',(-55.0053005116315,-28.3350920157302,-34.7618204799783));
#5385=CARTESIAN_POINT('',(-60.3473397792418,-26.1678501907822,-36.1921319846464));
#5386=CARTESIAN_POINT('',(-59.2604177141867,-24.5265742427077,-35.3147668497526));
#5387=CARTESIAN_POINT('',(-57.9897382040111,-24.6503686218783,-37.0451642217604));
#5388=CARTESIAN_POINT('',(-61.9204602361042,-24.5741235054599,-37.476552726933));
#5389=CARTESIAN_POINT('',(-60.9310138159395,-22.8383313075847,-36.6430998340608));
#5390=CARTESIAN_POINT('',(-59.621304300627,-22.9727615845849,-38.3564221295095));
#5391=CARTESIAN_POINT('',(-65.1555138000695,-21.8425288421265,-40.3114888405874));
#5392=CARTESIAN_POINT('',(-64.3781839838938,-19.944453158075,-39.5966255354236));
#5393=CARTESIAN_POINT('',(-62.9806752726799,-20.0973987812956,-41.2467558536773));
#5394=CARTESIAN_POINT('',(-66.8135134218058,-20.6998748826916,-41.8564074037225));
#5395=CARTESIAN_POINT('',(-66.1399296061242,-18.7431366267736,-41.2067939150495));
#5396=CARTESIAN_POINT('',(-64.7043392395558,-18.8946051396894,-42.8201854057566));
#5397=CARTESIAN_POINT('',(-70.1734627768151,-18.8482813762372,-45.2307924941891));
#5398=CARTESIAN_POINT('',(-69.7168098849281,-16.8084448121628,-44.7454612124501));
#5399=CARTESIAN_POINT('',(-68.2018953348116,-16.9455593433935,-46.2541248309234));
#5400=CARTESIAN_POINT('',(-71.8761444472868,-18.1459065935294,-47.0651828216449));
#5401=CARTESIAN_POINT('',(-71.5196286541649,-16.0865640016245,-46.6647723801535));
#5402=CARTESIAN_POINT('',(-69.9766194067474,-16.2062174667842,-48.1196220097659));
#5403=CARTESIAN_POINT('',(-75.1432160932849,-17.2281724407546,-50.8711578700769));
#5404=CARTESIAN_POINT('',(-74.9761624613774,-15.1712743439674,-50.6618272610743));
#5405=CARTESIAN_POINT('',(-73.3867991210048,-15.2401815166726,-51.9885920356246));
#5406=CARTESIAN_POINT('',(-76.7282613057978,-17.0000000001146,-52.8622836572258));
#5407=CARTESIAN_POINT('',(-76.6411018629297,-14.9613613653516,-52.7434904072451));
#5408=CARTESIAN_POINT('',(-75.0437342622556,-15.0000000000003,-54.0119581691445));
#5409=CARTESIAN_POINT('',(-78.257526150643,-17.0000000000003,-54.9465826755421));
#5410=CARTESIAN_POINT('',(-78.257526150643,-15.0000000000003,-54.9465826755421));
#5411=CARTESIAN_POINT('',(-76.645003571793,-15.0000000000003,-56.1297018296002));
#5412=CARTESIAN_POINT('',(2.3686027918562,-17.0000000000002,-114.102540378444));
#5413=CARTESIAN_POINT('',(-26.7330038878121,-55.0000000000003,-50.3422933837368));
#5414=CARTESIAN_POINT('',(-26.7330038878121,0.,-50.3422933837368));
#5415=CARTESIAN_POINT('',(-38.3116692515217,-17.0000000000003,-86.9322494771761));
#5416=CARTESIAN_POINT('',(-28.4847496891643,-55.0000000000003,-49.3772096322182));
#5417=CARTESIAN_POINT('',(-27.5344113779994,-55.0000000000003,-47.6522286201269));
#5418=CARTESIAN_POINT('',(-25.7950037513977,-55.0000000000003,-48.5758971246583));
#5419=CARTESIAN_POINT('',(-28.4847496892584,-52.4662795332181,-49.3772096323891));
#5420=CARTESIAN_POINT('',(-27.5344113781005,-52.3349876836436,-47.6522286202764));
#5421=CARTESIAN_POINT('',(-25.7950037513998,-52.3329258244358,-48.5758971246571));
#5422=CARTESIAN_POINT('',(-28.6091599258901,-49.9672132740412,-49.601053825768));
#5423=CARTESIAN_POINT('',(-27.6675185001644,-49.6997009322935,-47.8812479409763));
#5424=CARTESIAN_POINT('',(-25.9229701390519,-49.7023297621544,-48.8070079466095));
#5425=CARTESIAN_POINT('',(-29.0909278346673,-45.0375428517874,-50.4915157885943));
#5426=CARTESIAN_POINT('',(-28.1817859576493,-44.5084792714265,-48.790373843325));
#5427=CARTESIAN_POINT('',(-26.419373410129,-44.5132030018757,-49.7258969959556));
#5428=CARTESIAN_POINT('',(-29.4521838671696,-42.6005549847052,-51.1659563836631));
#5429=CARTESIAN_POINT('',(-28.5692609882371,-41.9352055204028,-49.4824266207276));
#5430=CARTESIAN_POINT('',(-26.7918677809951,-41.9479526154643,-50.4217257556289));
#5431=CARTESIAN_POINT('',(-30.3530701351613,-37.9867203787192,-52.924908586601));
#5432=CARTESIAN_POINT('',(-29.5356852380423,-37.0615353414931,-51.2882910076048));
#5433=CARTESIAN_POINT('',(-27.7233189243688,-37.0912846091928,-52.235100218165));
#5434=CARTESIAN_POINT('',(-30.8943643602069,-35.7844812741097,-54.0119460425941));
#5435=CARTESIAN_POINT('',(-30.1189439195312,-34.7305733382261,-52.4099731207015));
#5436=CARTESIAN_POINT('',(-28.2839937555228,-34.7731381833488,-53.3552487882647));
#5437=CARTESIAN_POINT('',(-32.120345318353,-31.5965972095853,-56.6376841819896));
#5438=CARTESIAN_POINT('',(-31.4429472991076,-30.2902695907901,-55.1275230303311));
#5439=CARTESIAN_POINT('',(-29.5584624524599,-30.3648391679091,-56.0587386478456));
#5440=CARTESIAN_POINT('',(-32.7884605082211,-29.6683374149502,-58.1425994964329));
#5441=CARTESIAN_POINT('',(-32.1663854748414,-28.2459837546621,-56.6908786357394));
#5442=CARTESIAN_POINT('',(-30.2550773458649,-28.3350920157335,-57.6072698732758));
#5443=CARTESIAN_POINT('',(-34.1662633073088,-26.1678501907779,-61.5169756054375));
#5444=CARTESIAN_POINT('',(-33.6636437544991,-24.5265742427122,-60.2136940776892));
#5445=CARTESIAN_POINT('',(-31.6980043326185,-24.650368621875,-61.0769224054118));
#5446=CARTESIAN_POINT('',(-34.8864152150196,-24.5741235054556,-63.4158768258301));
#5447=CARTESIAN_POINT('',(-34.4462559259223,-22.8383313075861,-62.1993622377018));
#5448=CARTESIAN_POINT('',(-32.4553530663516,-22.9727615845838,-63.0282881127497));
#5449=CARTESIAN_POINT('',(-36.2705857271984,-21.8425288421309,-67.4885303003692));
#5450=CARTESIAN_POINT('',(-35.9548300118434,-19.9444531580676,-66.4807756097461));
#5451=CARTESIAN_POINT('',(-33.9194868067997,-20.0973987812967,-67.2110760293177));
#5452=CARTESIAN_POINT('',(-36.9339962375191,-20.6998748826698,-69.6554688336929));
#5453=CARTESIAN_POINT('',(-36.675462285898,-18.7431366267509,-68.756095142008));
#5454=CARTESIAN_POINT('',(-34.6255088136838,-18.8946051396783,-69.4355379759431));
#5455=CARTESIAN_POINT('',(-38.156605189145,-18.848281376259,-74.2577467216626));
#5456=CARTESIAN_POINT('',(-38.0037978249291,-16.8084448121837,-73.6091110564981));
#5457=CARTESIAN_POINT('',(-35.937511530712,-16.9455593434046,-74.1581948007818));
#5458=CARTESIAN_POINT('',(-38.7139756066051,-18.1459065935511,-76.6977161809327));
#5459=CARTESIAN_POINT('',(-38.6054290936353,-16.086564001647,-76.1726926701004));
#5460=CARTESIAN_POINT('',(-36.5417190722953,-16.2062174667859,-76.6611247843355));
#5461=CARTESIAN_POINT('',(-39.6403551238127,-17.228172440733,-81.6273230820719));
#5462=CARTESIAN_POINT('',(-39.6003477393074,-15.1712743439465,-81.3625106409241));
#5463=CARTESIAN_POINT('',(-37.5605363234235,-15.2401815166709,-81.716840970339));
#5464=CARTESIAN_POINT('',(-40.0174816504174,-17.0000000001146,-84.1442112021047));
#5465=CARTESIAN_POINT('',(-40.0013959837028,-14.9613613653876,-83.9977535083879));
#5466=CARTESIAN_POINT('',(-37.9838011814037,-15.0000000000003,-84.2975950137455));
#5467=CARTESIAN_POINT('',(-40.2997143460108,-17.0000000000003,-86.7138995234829));
#5468=CARTESIAN_POINT('',(-40.2997143460108,-15.0000000000003,-86.7138995234829));
#5469=CARTESIAN_POINT('',(-38.3116692515217,-15.0000000000003,-86.9322494771761));
#5470=CARTESIAN_POINT('',(59.1025403784441,-17.0000000000002,-97.631397208144));
#5471=CARTESIAN_POINT('',(2.01968620555487,-55.0000000000003,-56.9642068989914));
#5472=CARTESIAN_POINT('',(2.01968620555487,0.,-56.9642068989914));
#5473=CARTESIAN_POINT('',(10.2872459053831,-17.0000000000003,-94.4413710811219));
#5474=CARTESIAN_POINT('',(0.02008796485191,-55.0000000000003,-57.0042927540728));
#5475=CARTESIAN_POINT('',(-0.0193854215353075,-55.0000000000003,-55.0352462209735));
#5476=CARTESIAN_POINT('',(1.94882002290383,-55.0000000000003,-54.9654627972724));
#5477=CARTESIAN_POINT('',(0.0200879648564924,-52.4662795332115,-57.0042927543014));
#5478=CARTESIAN_POINT('',(-0.01938542154827,-52.3349876836181,-55.0352462212284));
#5479=CARTESIAN_POINT('',(1.94882002290157,-52.3329258244246,-54.9654627972725));
#5480=CARTESIAN_POINT('',(0.0242676361316153,-49.9672132740499,-57.2603526305477));
#5481=CARTESIAN_POINT('',(-0.0201499103196635,-49.699700932312,-55.3001363318808));
#5482=CARTESIAN_POINT('',(1.95355329133942,-49.7023297621694,-55.2295938339957));
#5483=CARTESIAN_POINT('',(0.0522753698151921,-45.0375428517787,-58.2723992658312));
#5484=CARTESIAN_POINT('',(-0.0109556416879442,-44.5084792713925,-56.3445961872752));
#5485=CARTESIAN_POINT('',(1.98309997273987,-44.5132030018607,-56.2735767295334));
#5486=CARTESIAN_POINT('',(0.0766387659335859,-42.6005549847225,-59.0371099707867));
#5487=CARTESIAN_POINT('',(-0.000492472805885082,-41.9352055204225,-57.1376689885865));
#5488=CARTESIAN_POINT('',(2.00842476463202,-41.9479526154721,-57.0624292975213));
#5489=CARTESIAN_POINT('',(0.175924473398865,-37.9867203787018,-61.0108503965232));
#5490=CARTESIAN_POINT('',(0.0654917694852649,-37.0615353414781,-59.1848055482751));
#5491=CARTESIAN_POINT('',(2.10845164336795,-37.0912846091851,-59.0985832203443));
#5492=CARTESIAN_POINT('',(0.250668651584502,-35.7844812741185,-62.222899560815));
#5493=CARTESIAN_POINT('',(0.121215990875813,-34.7305733382497,-60.4478400939484));
#5494=CARTESIAN_POINT('',(2.18296728136977,-34.773138183366,-60.3489977536258));
#5495=CARTESIAN_POINT('',(0.501807066973348,-31.5965972095765,-65.109845972309));
#5496=CARTESIAN_POINT('',(0.333370384284525,-30.2902695907788,-63.463309041528));
#5497=CARTESIAN_POINT('',(2.43098994328342,-30.3648391678919,-63.3275229993885));
#5498=CARTESIAN_POINT('',(0.675659997110863,-29.6683374149415,-66.7471984600623));
#5499=CARTESIAN_POINT('',(0.488532348727158,-28.2459837546623,-65.1789337988372));
#5500=CARTESIAN_POINT('',(2.60196936164579,-28.3350920157292,-65.01689782586));
#5501=CARTESIAN_POINT('',(1.16963582620436,-26.1678501907866,-70.3583952919744));
#5502=CARTESIAN_POINT('',(0.953276363507158,-24.5265742427037,-68.9784106042357));
#5503=CARTESIAN_POINT('',(3.08718420139907,-24.6503686218792,-68.7431685543621));
#5504=CARTESIAN_POINT('',(1.49541658973537,-24.5741235054556,-72.3629679419396));
#5505=CARTESIAN_POINT('',(1.26834842176232,-22.8383313075846,-71.0893557600145));
#5506=CARTESIAN_POINT('',(3.40698381213796,-22.9727615845786,-70.8117751958688));
#5507=CARTESIAN_POINT('',(2.33301650029022,-21.8425288421309,-76.5820745677987));
#5508=CARTESIAN_POINT('',(2.10259162584586,-19.9444531580661,-75.5514555472462));
#5509=CARTESIAN_POINT('',(4.23040075662236,-20.0973987813018,-75.1662426604693));
#5510=CARTESIAN_POINT('',(2.84195541186722,-20.6998748826785,-78.7904036412206));
#5511=CARTESIAN_POINT('',(2.61616553587629,-18.7431366267604,-77.8822562008859));
#5512=CARTESIAN_POINT('',(4.7311987363577,-18.894605139697,-77.4456942194016));
#5513=CARTESIAN_POINT('',(4.08428394486728,-18.8482813762503,-83.3873976833551));
#5514=CARTESIAN_POINT('',(3.89230117157339,-16.8084448121758,-82.7492590374394));
#5515=CARTESIAN_POINT('',(5.95629946599971,-16.9455593433859,-82.1916363616743));
#5516=CARTESIAN_POINT('',(4.82157173366166,-18.1459065935467,-85.7791584282575));
#5517=CARTESIAN_POINT('',(4.65306401591875,-16.0865640016386,-85.2702014738368));
#5518=CARTESIAN_POINT('',(6.68450537756623,-16.2062174667838,-84.6613410820855));
#5519=CARTESIAN_POINT('',(6.48410698877102,-17.2281724407373,-90.5115129938821));
#5520=CARTESIAN_POINT('',(6.38634817956687,-15.1712743439554,-90.2621750003258));
#5521=CARTESIAN_POINT('',(8.33004184935594,-15.240181516673,-89.5491283590239));
#5522=CARTESIAN_POINT('',(7.41594989631907,-17.0000000001146,-92.8797653076478));
#5523=CARTESIAN_POINT('',(7.35665164545426,-14.9613613653851,-92.7448863909651));
#5524=CARTESIAN_POINT('',(9.25386075145202,-15.0000000000003,-91.9957593505479));
#5525=CARTESIAN_POINT('',(8.45637337283985,-17.0000000000003,-95.2462970215529));
#5526=CARTESIAN_POINT('',(8.45637337283985,-15.0000000000003,-95.2462970215529));
#5527=CARTESIAN_POINT('',(10.2872459053831,-15.0000000000003,-94.4413710811219));
#5528=CARTESIAN_POINT('',(100.,-17.0000000000002,-54.9999999999998));
#5529=CARTESIAN_POINT('',(30.2312030111792,-55.0000000000003,-48.3226071781819));
#5530=CARTESIAN_POINT('',(30.2312030111792,0.,-48.3226071781819));
#5531=CARTESIAN_POINT('',(56.1297018296001,-17.0000000000003,-76.645003571793));
#5532=CARTESIAN_POINT('',(28.5195430649085,-55.0000000000003,-49.3571216673663));
#5533=CARTESIAN_POINT('',(27.5008348429741,-55.0000000000003,-47.6716140416622));
#5534=CARTESIAN_POINT('',(29.1704590458747,-55.0000000000003,-46.6270771017544));
#5535=CARTESIAN_POINT('',(28.519543065077,-52.4662795332181,-49.3571216676451));
#5536=CARTESIAN_POINT('',(27.5008348431851,-52.3349876836188,-47.6716140419435));
#5537=CARTESIAN_POINT('',(29.1704590458761,-52.3329258244279,-46.6270771017535));
#5538=CARTESIAN_POINT('',(28.6511927046489,-49.9672132740412,-49.5767861896359));
#5539=CARTESIAN_POINT('',(27.6326178317199,-49.699700932313,-47.9013978512743));
#5540=CARTESIAN_POINT('',(29.3066236949564,-49.7023297621649,-46.8534546552606));
#5541=CARTESIAN_POINT('',(29.1814714311725,-45.0375428517874,-50.4392404187796));
#5542=CARTESIAN_POINT('',(28.1628102296206,-44.5084792713935,-48.8013294850371));
#5543=CARTESIAN_POINT('',(29.8542033193917,-44.5132030018651,-47.7427970232252));
#5544=CARTESIAN_POINT('',(29.584926103606,-42.6005549847052,-51.0893176177493));
#5545=CARTESIAN_POINT('',(28.5684080003316,-41.935205520409,-49.4829190935353));
#5546=CARTESIAN_POINT('',(30.2705615165342,-41.9479526154594,-48.4133009909894));
#5547=CARTESIAN_POINT('',(30.6577802613729,-37.9867203787192,-52.7489841131823));
#5548=CARTESIAN_POINT('',(29.6491203102499,-37.0615353414995,-51.222799238113));
#5549=CARTESIAN_POINT('',(31.3752642959675,-37.0912846091978,-50.1266485748045));
#5550=CARTESIAN_POINT('',(31.3285352006013,-35.7844812741009,-53.7612773909858));
#5551=CARTESIAN_POINT('',(30.3288961744281,-34.7305733382227,-52.2887571297972));
#5552=CARTESIAN_POINT('',(32.0650039981223,-34.7731381833528,-51.1722815068874));
#5553=CARTESIAN_POINT('',(32.9895006539626,-31.5965972095941,-56.1358771150401));
#5554=CARTESIAN_POINT('',(32.0203617424137,-30.2902695908044,-54.7941526460687));
#5555=CARTESIAN_POINT('',(33.7690605469092,-30.364839167905,-53.6277487045697));
#5556=CARTESIAN_POINT('',(33.9587379518561,-29.6683374149415,-57.4669394993079));
#5557=CARTESIAN_POINT('',(33.0125483239855,-28.245983754658,-56.2023462869984));
#5558=CARTESIAN_POINT('',(34.7618204799814,-28.3350920157317,-55.0053005116278));
#5559=CARTESIAN_POINT('',(36.1921319846505,-26.1678501907866,-60.3473397792473));
#5560=CARTESIAN_POINT('',(35.3147668497436,-24.526574242708,-59.2604177142038));
#5561=CARTESIAN_POINT('',(37.0451642217572,-24.6503686218767,-57.9897382040149));
#5562=CARTESIAN_POINT('',(37.4765527269367,-24.574123505473,-61.9204602361085));
#5563=CARTESIAN_POINT('',(36.6430998340772,-22.8383313075943,-60.9310138159733));
#5564=CARTESIAN_POINT('',(38.356422129522,-22.9727615845844,-59.6213043006196));
#5565=CARTESIAN_POINT('',(40.3114888405835,-21.8425288421134,-65.1555138000652));
#5566=CARTESIAN_POINT('',(39.5966255354052,-19.9444531580671,-64.3781839838579));
#5567=CARTESIAN_POINT('',(41.2467558536647,-20.097398781296,-62.9806752726874));
#5568=CARTESIAN_POINT('',(41.8564074037356,-20.6998748826655,-66.8135134218189));
#5569=CARTESIAN_POINT('',(41.2067939150429,-18.7431366267379,-66.1399296060827));
#5570=CARTESIAN_POINT('',(42.8201854057786,-18.894605139688,-64.7043392395452));
#5571=CARTESIAN_POINT('',(45.2307924941759,-18.8482813762633,-70.173462776802));
#5572=CARTESIAN_POINT('',(44.7454612124435,-16.8084448122055,-69.7168098849563));
#5573=CARTESIAN_POINT('',(46.2541248309014,-16.945559343395,-68.2018953348222));
#5574=CARTESIAN_POINT('',(47.0651828216463,-18.1459065935337,-71.8761444472881));
#5575=CARTESIAN_POINT('',(46.6647723801634,-16.086564001633,-71.5196286541486));
#5576=CARTESIAN_POINT('',(48.1196220097826,-16.2062174667825,-69.9766194067465));
#5577=CARTESIAN_POINT('',(50.8711578700754,-17.2281724407503,-75.1432160932838));
#5578=CARTESIAN_POINT('',(50.6618272610668,-15.1712743439585,-74.9761624613957));
#5579=CARTESIAN_POINT('',(51.9885920356079,-15.2401815166743,-73.3867991210058));
#5580=CARTESIAN_POINT('',(52.8622836572268,-17.0000000001146,-76.7282613057986));
#5581=CARTESIAN_POINT('',(52.7434904072215,-14.9613613653594,-76.6411018629598));
#5582=CARTESIAN_POINT('',(54.0119581690959,-15.0000000000003,-75.0437342623357));
#5583=CARTESIAN_POINT('',(54.9465826755421,-17.0000000000003,-78.257526150643));
#5584=CARTESIAN_POINT('',(54.946582675542,-15.0000000000003,-78.257526150643));
#5585=CARTESIAN_POINT('',(56.1297018296001,-15.0000000000003,-76.645003571793));
#5586=CARTESIAN_POINT('',(114.102540378444,-17.0000000000002,2.3686027918561));
#5587=CARTESIAN_POINT('',(50.3422933837367,-55.0000000000003,-26.7330038878122));
#5588=CARTESIAN_POINT('',(50.3422933837367,0.,-26.7330038878122));
#5589=CARTESIAN_POINT('',(86.9322494771761,-17.0000000000003,-38.3116692515218));
#5590=CARTESIAN_POINT('',(49.3772096322182,-55.0000000000003,-28.4847496891644));
#5591=CARTESIAN_POINT('',(47.6522286201269,-55.0000000000003,-27.5344113779994));
#5592=CARTESIAN_POINT('',(48.5758971246582,-55.0000000000003,-25.7950037513977));
#5593=CARTESIAN_POINT('',(49.3772096324828,-52.4662795332115,-28.4847496893101));
#5594=CARTESIAN_POINT('',(47.6522286203818,-52.3349876836037,-27.5344113781313));
#5595=CARTESIAN_POINT('',(48.5758971246725,-52.3329258244233,-25.7950037513708));
#5596=CARTESIAN_POINT('',(49.6010538257747,-49.9672132740499,-28.6091599258939));
#5597=CARTESIAN_POINT('',(47.8812479409968,-49.6997009323105,-27.6675185001575));
#5598=CARTESIAN_POINT('',(48.8070079466064,-49.7023297621711,-25.9229701390504));
#5599=CARTESIAN_POINT('',(50.4915157885875,-45.0375428517787,-29.0909278346637));
#5600=CARTESIAN_POINT('',(48.7903738433106,-44.5084792713735,-28.1817859576599));
#5601=CARTESIAN_POINT('',(49.7258969959586,-44.5132030018589,-26.4193734101306));
#5602=CARTESIAN_POINT('',(51.165956383682,-42.6005549846965,-29.4521838671794));
#5603=CARTESIAN_POINT('',(49.4824266207427,-41.9352055203999,-28.5692609882577));
#5604=CARTESIAN_POINT('',(50.4217257556313,-41.9479526154486,-26.7918677810047));
#5605=CARTESIAN_POINT('',(52.9249085865819,-37.9867203787279,-30.3530701351516));
#5606=CARTESIAN_POINT('',(51.2882910075851,-37.0615353415077,-29.5356852380194));
#5607=CARTESIAN_POINT('',(52.2351002181624,-37.0912846092086,-27.7233189243594));
#5608=CARTESIAN_POINT('',(54.0119460425518,-35.7844812741009,-30.8943643601872));
#5609=CARTESIAN_POINT('',(52.4099731206657,-34.7305733382274,-30.1189439195003));
#5610=CARTESIAN_POINT('',(53.3552487882583,-34.7731381833708,-28.283993755503));
#5611=CARTESIAN_POINT('',(56.6376841820319,-31.5965972095941,-32.1203453183728));
#5612=CARTESIAN_POINT('',(55.1275230303655,-30.2902695907915,-31.4429472991382));
#5613=CARTESIAN_POINT('',(56.0587386478519,-30.3648391678871,-29.5584624524799));
#5614=CARTESIAN_POINT('',(58.1425994964227,-29.6683374149589,-32.7884605082171));
#5615=CARTESIAN_POINT('',(56.6908786357288,-28.2459837546766,-32.1663854748703));
#5616=CARTESIAN_POINT('',(57.6072698732542,-28.3350920157374,-30.2550773458975));
#5617=CARTESIAN_POINT('',(61.5169756054476,-26.1678501907692,-34.166263307313));
#5618=CARTESIAN_POINT('',(60.2136940777134,-24.5265742426832,-33.6636437544759));
#5619=CARTESIAN_POINT('',(61.0769224054333,-24.650368621871,-31.698004332586));
#5620=CARTESIAN_POINT('',(63.415876825864,-24.5741235054686,-34.8864152150311));
#5621=CARTESIAN_POINT('',(62.199362237692,-22.8383313075839,-34.4462559259277));
#5622=CARTESIAN_POINT('',(63.0282881127594,-22.9727615845793,-32.4553530663477));
#5623=CARTESIAN_POINT('',(67.4885303003352,-21.8425288421178,-36.270585727187));
#5624=CARTESIAN_POINT('',(66.4807756097364,-19.9444531580829,-35.9548300118313));
#5625=CARTESIAN_POINT('',(67.2110760293079,-20.0973987813012,-33.9194868068037));
#5626=CARTESIAN_POINT('',(69.6554688337091,-20.6998748826611,-36.9339962375236));
#5627=CARTESIAN_POINT('',(68.7560951420214,-18.7431366267351,-36.675462285897));
#5628=CARTESIAN_POINT('',(69.4355379759458,-18.8946051396771,-34.6255088136853));
#5629=CARTESIAN_POINT('',(74.2577467216463,-18.8482813762677,-38.1566051891407));
#5630=CARTESIAN_POINT('',(73.6091110564767,-16.8084448122027,-38.0037978249281));
#5631=CARTESIAN_POINT('',(74.1581948007791,-16.9455593434058,-35.9375115307107));
#5632=CARTESIAN_POINT('',(76.6977161809342,-18.1459065935424,-38.7139756066055));
#5633=CARTESIAN_POINT('',(76.1726926701003,-16.0865640016383,-38.6054290936442));
#5634=CARTESIAN_POINT('',(76.6611247843367,-16.2062174667849,-36.5417190723047));
#5635=CARTESIAN_POINT('',(81.6273230820703,-17.2281724407416,-39.6403551238125));
#5636=CARTESIAN_POINT('',(81.362510640924,-15.1712743439551,-39.6003477392989));
#5637=CARTESIAN_POINT('',(81.7168409703376,-15.2401815166719,-37.5605363234143));
#5638=CARTESIAN_POINT('',(84.1442112021058,-17.0000000001146,-40.0174816504176));
#5639=CARTESIAN_POINT('',(83.9977535083898,-14.9613613653893,-40.0013959836904));
#5640=CARTESIAN_POINT('',(84.2975950137484,-15.0000000000003,-37.9838011813954));
#5641=CARTESIAN_POINT('',(86.7138995234828,-17.0000000000003,-40.2997143460109));
#5642=CARTESIAN_POINT('',(86.7138995234828,-15.0000000000003,-40.2997143460109));
#5643=CARTESIAN_POINT('',(86.9322494771761,-15.0000000000003,-38.3116692515218));
#5644=CARTESIAN_POINT('',(97.631397208144,-17.0000000000002,59.102540378444));
#5645=CARTESIAN_POINT('',(56.9642068989914,-55.0000000000003,2.01968620555481));
#5646=CARTESIAN_POINT('',(56.9642068989914,0.,2.01968620555481));
#5647=CARTESIAN_POINT('',(94.4413710811219,-17.0000000000003,10.2872459053829));
#5648=CARTESIAN_POINT('',(57.0042927540728,-55.0000000000003,0.0200879648518506));
#5649=CARTESIAN_POINT('',(55.0352462209735,-55.0000000000003,-0.0193854215353673));
#5650=CARTESIAN_POINT('',(54.9654627972724,-55.0000000000003,1.94882002290377));
#5651=CARTESIAN_POINT('',(57.0042927543805,-52.466279533205,0.0200879648580175));
#5652=CARTESIAN_POINT('',(55.0352462212812,-52.3349876835887,-0.0193854215813627));
#5653=CARTESIAN_POINT('',(54.9654627972725,-52.3329258244197,1.94882002289981));
#5654=CARTESIAN_POINT('',(57.2603526305569,-49.9672132740586,0.024267636131824));
#5655=CARTESIAN_POINT('',(55.3001363318903,-49.6997009323427,-0.0201499102961771));
#5656=CARTESIAN_POINT('',(55.2295938339938,-49.7023297621759,1.95355329135535));
#5657=CARTESIAN_POINT('',(58.272399265822,-45.0375428517699,0.0522753698148889));
#5658=CARTESIAN_POINT('',(56.3445961872673,-44.5084792713534,-0.0109556417116173));
#5659=CARTESIAN_POINT('',(56.2735767295353,-44.5132030018541,1.98309997272385));
#5660=CARTESIAN_POINT('',(59.0371099707606,-42.6005549847052,0.076638765932214));
#5661=CARTESIAN_POINT('',(57.1376689885519,-41.9352055204052,-0.000492472806516074));
#5662=CARTESIAN_POINT('',(57.0624292975236,-41.9479526154666,2.00842476463079));
#5663=CARTESIAN_POINT('',(61.0108503965492,-37.9867203787192,0.175924473400109));
#5664=CARTESIAN_POINT('',(59.18480554831,-37.0615353414956,0.0654917694857867));
#5665=CARTESIAN_POINT('',(59.098583220342,-37.0912846091906,2.10845164336906));
#5666=CARTESIAN_POINT('',(62.2228995608132,-35.7844812741185,0.250668651584284));
#5667=CARTESIAN_POINT('',(60.4478400939394,-34.7305733382414,0.121215990856065));
#5668=CARTESIAN_POINT('',(60.3489977536304,-34.7731381833603,2.18296728135067));
#5669=CARTESIAN_POINT('',(65.1098459723107,-31.5965972095765,0.501807066973423));
#5670=CARTESIAN_POINT('',(63.4633090415365,-30.2902695907881,0.333370384304277));
#5671=CARTESIAN_POINT('',(63.3275229993839,-30.3648391678976,2.43098994330238));
#5672=CARTESIAN_POINT('',(66.7471984600623,-29.6683374149415,0.675659997110792));
#5673=CARTESIAN_POINT('',(65.1789337988399,-28.245983754651,0.488532348733489));
#5674=CARTESIAN_POINT('',(65.01689782586,-28.3350920157292,2.60196936164572));
#5675=CARTESIAN_POINT('',(70.3583952919744,-26.1678501907865,1.16963582620428));
#5676=CARTESIAN_POINT('',(68.9784106042385,-24.5265742427097,0.953276363501293));
#5677=CARTESIAN_POINT('',(68.7431685543621,-24.6503686218792,3.087184201399));
#5678=CARTESIAN_POINT('',(72.3629679419526,-24.5741235054599,1.49541658973787));
#5679=CARTESIAN_POINT('',(71.0893557599934,-22.8383313075783,1.2683484217357));
#5680=CARTESIAN_POINT('',(70.8117751958671,-22.9727615845804,3.40698381211872));
#5681=CARTESIAN_POINT('',(76.5820745677856,-21.8425288421265,2.33301650028755));
#5682=CARTESIAN_POINT('',(75.5514555472599,-19.9444531580772,2.10259162587098));
#5683=CARTESIAN_POINT('',(75.1662426604709,-20.0973987813001,4.23040075664143));
#5684=CARTESIAN_POINT('',(78.7904036412492,-20.6998748826655,2.84195541187488));
#5685=CARTESIAN_POINT('',(77.8822562009338,-18.7431366267448,2.61616553585265));
#5686=CARTESIAN_POINT('',(77.4456942194213,-18.8946051396895,4.73119873634144));
#5687=CARTESIAN_POINT('',(83.3873976833265,-18.8482813762633,4.08428394485945));
#5688=CARTESIAN_POINT('',(82.7492590373829,-16.808444812195,3.8923011715944));
#5689=CARTESIAN_POINT('',(82.1916363616546,-16.9455593433934,5.95629946601581));
#5690=CARTESIAN_POINT('',(85.7791584282673,-18.1459065935467,4.82157173366503));
#5691=CARTESIAN_POINT('',(85.2702014738358,-16.0865640016388,4.65306401594776));
#5692=CARTESIAN_POINT('',(84.6613410820854,-16.2062174667833,6.68450537759757));
#5693=CARTESIAN_POINT('',(90.5115129938723,-17.2281724407373,6.48410698876747));
#5694=CARTESIAN_POINT('',(90.2621750003247,-15.1712743439556,6.38634817953733));
#5695=CARTESIAN_POINT('',(89.5491283590239,-15.2401815166735,8.33004184932441));
#5696=CARTESIAN_POINT('',(92.8797653076549,-17.0000000001146,7.41594989632209));
#5697=CARTESIAN_POINT('',(92.7448863909549,-14.9613613654288,7.35665164549619));
#5698=CARTESIAN_POINT('',(91.995759350553,-15.0000000000003,9.25386075146338));
#5699=CARTESIAN_POINT('',(95.2462970215529,-17.0000000000003,8.45637337283975));
#5700=CARTESIAN_POINT('',(95.2462970215529,-15.0000000000003,8.45637337283974));
#5701=CARTESIAN_POINT('',(94.4413710811218,-15.0000000000003,10.287245905383));
#5702=CARTESIAN_POINT('',(54.9999999999999,-17.0000000000002,100.));
#5703=CARTESIAN_POINT('',(48.3226071781819,-55.0000000000003,30.2312030111791));
#5704=CARTESIAN_POINT('',(48.3226071781819,0.,30.2312030111791));
#5705=CARTESIAN_POINT('',(76.6450035717931,-17.0000000000003,56.1297018296));
#5706=CARTESIAN_POINT('',(49.3571216673663,-55.0000000000003,28.5195430649084));
#5707=CARTESIAN_POINT('',(47.6716140416623,-55.0000000000003,27.500834842974));
#5708=CARTESIAN_POINT('',(46.6270771017545,-55.0000000000003,29.1704590458746));
#5709=CARTESIAN_POINT('',(49.3571216675818,-52.4662795332181,28.5195430650386));
#5710=CARTESIAN_POINT('',(47.6716140419172,-52.3349876836187,27.5008348430795));
#5711=CARTESIAN_POINT('',(46.6270771017595,-52.3329258244357,29.1704590458666));
#5712=CARTESIAN_POINT('',(49.5767861896364,-49.9672132740412,28.6511927046491));
#5713=CARTESIAN_POINT('',(47.9013978513019,-49.6997009322957,27.6326178317207));
#5714=CARTESIAN_POINT('',(46.8534546552712,-49.7023297621546,29.3066236949433));
#5715=CARTESIAN_POINT('',(50.4392404187792,-45.0375428517874,29.1814714311722));
#5716=CARTESIAN_POINT('',(48.8013294850124,-44.5084792713936,28.1628102296214));
#5717=CARTESIAN_POINT('',(47.7427970232146,-44.5132030018755,29.8542033194047));
#5718=CARTESIAN_POINT('',(51.0893176177452,-42.6005549847052,29.5849261036032));
#5719=CARTESIAN_POINT('',(49.4829190935202,-41.9352055204115,28.5684080003502));
#5720=CARTESIAN_POINT('',(48.4133009909861,-41.9479526154578,30.2705615165407));
#5721=CARTESIAN_POINT('',(52.7489841131865,-37.9867203787192,30.6577802613755));
#5722=CARTESIAN_POINT('',(51.2227992381328,-37.0615353414844,29.6491203102338));
#5723=CARTESIAN_POINT('',(50.1266485748078,-37.0912846091994,31.3752642959608));
#5724=CARTESIAN_POINT('',(53.7612773909793,-35.7844812741097,31.3285352005967));
#5725=CARTESIAN_POINT('',(52.2887571298054,-34.7305733382323,30.3288961743884));
#5726=CARTESIAN_POINT('',(51.1722815068894,-34.7731381833632,32.0650039981059));
#5727=CARTESIAN_POINT('',(56.1358771150466,-31.5965972095853,32.9895006539671));
#5728=CARTESIAN_POINT('',(54.7941526460593,-30.2902695907965,32.020361742453));
#5729=CARTESIAN_POINT('',(53.6277487045678,-30.3648391678947,33.7690605469254));
#5730=CARTESIAN_POINT('',(57.4669394992995,-29.6683374149502,33.9587379518495));
#5731=CARTESIAN_POINT('',(56.2023462870046,-28.2459837546653,33.0125483239576));
#5732=CARTESIAN_POINT('',(55.0053005116261,-28.3350920157383,34.7618204799715));
#5733=CARTESIAN_POINT('',(60.3473397792557,-26.1678501907779,36.192131984657));
#5734=CARTESIAN_POINT('',(59.2604177141927,-24.5265742427067,35.3147668497678));
#5735=CARTESIAN_POINT('',(57.9897382040167,-24.6503686218701,37.045164221767));
#5736=CARTESIAN_POINT('',(61.9204602361129,-24.5741235054599,37.4765527269404));
#5737=CARTESIAN_POINT('',(60.9310138159595,-22.8383313075783,36.6430998340976));
#5738=CARTESIAN_POINT('',(59.6213043006304,-22.972761584575,38.356422129532));
#5739=CARTESIAN_POINT('',(65.1555138000609,-21.8425288421265,40.3114888405797));
#5740=CARTESIAN_POINT('',(64.378183983879,-19.9444531580772,39.5966255353907));
#5741=CARTESIAN_POINT('',(62.9806752726767,-20.0973987813055,41.2467558536546));
#5742=CARTESIAN_POINT('',(66.8135134218232,-20.6998748826742,41.8564074037398));
#5743=CARTESIAN_POINT('',(66.1399296061176,-18.7431366267422,41.2067939150167));
#5744=CARTESIAN_POINT('',(64.7043392395772,-18.8946051396836,42.8201854057504));
#5745=CARTESIAN_POINT('',(70.1734627767978,-18.8482813762546,45.2307924941715));
#5746=CARTESIAN_POINT('',(69.7168098849216,-16.8084448122011,44.7454612124695));
#5747=CARTESIAN_POINT('',(68.2018953347904,-16.9455593433994,46.2541248309294));
#5748=CARTESIAN_POINT('',(71.8761444472839,-18.1459065935294,47.0651828216412));
#5749=CARTESIAN_POINT('',(71.5196286541626,-16.0865640016208,46.6647723801505));
#5750=CARTESIAN_POINT('',(69.9766194067474,-16.2062174667833,48.1196220097744));
#5751=CARTESIAN_POINT('',(75.1432160932881,-17.2281724407547,50.8711578700803));
#5752=CARTESIAN_POINT('',(74.9761624613751,-15.1712743439723,50.6618272610714));
#5753=CARTESIAN_POINT('',(73.386799121005,-15.2401815166735,51.9885920356159));
#5754=CARTESIAN_POINT('',(76.7282613057958,-17.0000000001146,52.8622836572227));
#5755=CARTESIAN_POINT('',(76.6411018628196,-14.9613613653578,52.7434904073222));
#5756=CARTESIAN_POINT('',(75.043734262208,-15.0000000000003,54.0119581691867));
#5757=CARTESIAN_POINT('',(78.2575261506431,-17.0000000000003,54.9465826755419));
#5758=CARTESIAN_POINT('',(78.2575261506431,-15.0000000000003,54.9465826755419));
#5759=CARTESIAN_POINT('',(76.6450035717931,-15.0000000000003,56.1297018296));
#5760=CARTESIAN_POINT('',(-2.36860279185594,-17.0000000000002,114.102540378444));
#5761=CARTESIAN_POINT('',(26.7330038878123,-55.0000000000003,50.3422933837367));
#5762=CARTESIAN_POINT('',(26.7330038878123,0.,50.3422933837367));
#5763=CARTESIAN_POINT('',(38.3116692515219,-17.0000000000003,86.932249477176));
#5764=CARTESIAN_POINT('',(28.4847496891644,-55.0000000000003,49.3772096322182));
#5765=CARTESIAN_POINT('',(27.5344113779995,-55.0000000000003,47.6522286201269));
#5766=CARTESIAN_POINT('',(25.7950037513978,-55.0000000000003,48.5758971246582));
#5767=CARTESIAN_POINT('',(28.484749689265,-52.4662795332181,49.3772096324006));
#5768=CARTESIAN_POINT('',(27.5344113780874,-52.3349876836365,47.6522286202939));
#5769=CARTESIAN_POINT('',(25.7950037513858,-52.3329258244342,48.5758971246646));
#5770=CARTESIAN_POINT('',(28.6091599258886,-49.9672132740412,49.6010538257649));
#5771=CARTESIAN_POINT('',(27.6675185001611,-49.6997009322844,47.8812479409692));
#5772=CARTESIAN_POINT('',(25.9229701390658,-49.7023297621565,48.8070079466016));
#5773=CARTESIAN_POINT('',(29.0909278346691,-45.0375428517874,50.4915157885974));
#5774=CARTESIAN_POINT('',(28.1817859576547,-44.5084792714172,48.7903738433353));
#5775=CARTESIAN_POINT('',(26.4193734101153,-44.5132030018735,49.7258969959634));
#5776=CARTESIAN_POINT('',(29.4521838671742,-42.6005549847139,51.1659563836718));
#5777=CARTESIAN_POINT('',(28.5692609882621,-41.9352055204172,49.4824266207167));
#5778=CARTESIAN_POINT('',(26.7918677810145,-41.9479526154708,50.4217257556155));
#5779=CARTESIAN_POINT('',(30.3530701351569,-37.9867203787105,52.9249085865922));
#5780=CARTESIAN_POINT('',(29.5356852380151,-37.0615353414903,51.2882910076112));
#5781=CARTESIAN_POINT('',(27.7233189243497,-37.0912846091864,52.2351002181782));
#5782=CARTESIAN_POINT('',(30.8943643602103,-35.7844812741273,54.0119460426012));
#5783=CARTESIAN_POINT('',(30.1189439195313,-34.7305733382523,52.4099731207101));
#5784=CARTESIAN_POINT('',(28.2839937555204,-34.7731381833562,53.3552487882602));
#5785=CARTESIAN_POINT('',(32.1203453183498,-31.5965972095678,56.6376841819823));
#5786=CARTESIAN_POINT('',(31.4429472991077,-30.2902695907637,55.1275230303222));
#5787=CARTESIAN_POINT('',(29.5584624524626,-30.3648391679017,56.0587386478499));
#5788=CARTESIAN_POINT('',(32.7884605082111,-29.6683374149415,58.1425994964078));
#5789=CARTESIAN_POINT('',(32.1663854748673,-28.2459837546495,56.6908786357043));
#5790=CARTESIAN_POINT('',(30.2550773458956,-28.3350920157347,57.6072698732583));
#5791=CARTESIAN_POINT('',(34.1662633073192,-26.1678501907865,61.5169756054624));
#5792=CARTESIAN_POINT('',(33.663643754473,-24.5265742427257,60.2136940777236));
#5793=CARTESIAN_POINT('',(31.6980043325881,-24.6503686218737,61.0769224054291));
#5794=CARTESIAN_POINT('',(34.886415215025,-24.5741235054556,63.4158768258457));
#5795=CARTESIAN_POINT('',(34.4462559259285,-22.8383313075781,62.1993622376768));
#5796=CARTESIAN_POINT('',(32.4553530663526,-22.9727615845825,63.0282881127514));
#5797=CARTESIAN_POINT('',(36.2705857271933,-21.8425288421309,67.4885303003535));
#5798=CARTESIAN_POINT('',(35.9548300118322,-19.9444531580858,66.480775609756));
#5799=CARTESIAN_POINT('',(33.919486806799,-20.097398781298,67.2110760293158));
#5800=CARTESIAN_POINT('',(36.9339962375236,-20.6998748826611,69.655468833709));
#5801=CARTESIAN_POINT('',(36.6754622858956,-18.7431366267285,68.7560951420159));
#5802=CARTESIAN_POINT('',(34.6255088136769,-18.8946051396784,69.4355379759462));
#5803=CARTESIAN_POINT('',(38.1566051891408,-18.8482813762677,74.2577467216462));
#5804=CARTESIAN_POINT('',(38.0037978249267,-16.8084448122135,73.6091110564712));
#5805=CARTESIAN_POINT('',(35.9375115307193,-16.9455593434045,74.1581948007785));
#5806=CARTESIAN_POINT('',(38.7139756066036,-18.1459065935467,76.6977161809237));
#5807=CARTESIAN_POINT('',(38.6054290936803,-16.0865640016504,76.1726926700886));
#5808=CARTESIAN_POINT('',(36.5417190723478,-16.2062174667846,76.6611247843185));
#5809=CARTESIAN_POINT('',(39.6403551238146,-17.2281724407373,81.6273230820807));
#5810=CARTESIAN_POINT('',(39.6003477392656,-15.1712743439412,81.3625106409469));
#5811=CARTESIAN_POINT('',(37.5605363233714,-15.2401815166722,81.7168409703558));
#5812=CARTESIAN_POINT('',(40.0174816504168,-17.0000000001146,84.1442112020978));
#5813=CARTESIAN_POINT('',(40.0013959836967,-14.9613613653868,83.9977535083834));
#5814=CARTESIAN_POINT('',(37.983801181403,-15.0000000000003,84.2975950137377));
#5815=CARTESIAN_POINT('',(40.299714346011,-17.0000000000003,86.7138995234828));
#5816=CARTESIAN_POINT('',(40.299714346011,-15.0000000000003,86.7138995234828));
#5817=CARTESIAN_POINT('',(38.3116692515219,-15.0000000000003,86.932249477176));
#5818=CARTESIAN_POINT('',(-59.1025403784439,-17.0000000000002,97.6313972081441));
#5819=CARTESIAN_POINT('',(-48.1537778052004,-17.0000000000002,81.8914750330422));
#5820=CARTESIAN_POINT('',(-114.102540378444,-17.0000000000002,-2.36860279185642));
#5821=CARTESIAN_POINT('',(-22.2327806752024,-55.0000000000003,52.4852690137752));
#5822=CARTESIAN_POINT('',(-49.3864649561022,-17.0000000000003,80.3165203073431));
#5823=CARTESIAN_POINT('',(-49.3864649561022,-15.0000000000003,80.3165203073431));
#5824=CARTESIAN_POINT('',(-48.1537778052004,-15.0000000000003,81.8914750330422));
#5825=CARTESIAN_POINT('',(-45.4636778953364,-17.0000000001676,77.2462293798478));
#5826=CARTESIAN_POINT('',(-45.3735476279046,-15.0890446129231,77.1756861312858));
#5827=CARTESIAN_POINT('',(-44.0303561336632,-15.0000000000003,78.5484851577996));
#5828=CARTESIAN_POINT('',(-41.7253201484685,-17.9081713938639,73.8417485127754));
#5829=CARTESIAN_POINT('',(-41.4326710732638,-16.0853734358903,73.5795273288011));
#5830=CARTESIAN_POINT('',(-40.104370246781,-15.9559698883284,74.8505296973832));
#5831=CARTESIAN_POINT('',(-35.2921480180631,-21.5276202661316,67.1684499943854));
#5832=CARTESIAN_POINT('',(-34.7657915009182,-19.9515089628746,66.581997713634));
#5833=CARTESIAN_POINT('',(-33.3525308411014,-19.7659160695616,67.615426686919));
#5834=CARTESIAN_POINT('',(-32.5203901808927,-24.2835990625757,63.8301275291438));
#5835=CARTESIAN_POINT('',(-31.8738518723956,-22.8637809514785,63.0426400681229));
#5836=CARTESIAN_POINT('',(-30.4455593895651,-22.666946381787,64.0027310204489));
#5837=CARTESIAN_POINT('',(-29.26846474279,-29.5079214859751,59.5297767732521));
#5838=CARTESIAN_POINT('',(-28.5210714288235,-28.340110483448,58.5077727245001));
#5839=CARTESIAN_POINT('',(-27.0346527654184,-28.1662331430675,59.3540331206475));
#5840=CARTESIAN_POINT('',(-28.3114554885121,-31.4630765254907,58.1864445408666));
#5841=CARTESIAN_POINT('',(-27.5352505760444,-30.3872785468491,57.0883243341199));
#5842=CARTESIAN_POINT('',(-26.0307921088052,-30.2242910794372,57.9028285754445));
#5843=CARTESIAN_POINT('',(-26.7022952591131,-35.6319617882383,55.8398257828844));
#5844=CARTESIAN_POINT('',(-25.8811412061636,-34.74556544331,54.6085126116634));
#5845=CARTESIAN_POINT('',(-24.3424848434874,-34.6125913560669,55.3688392387772));
#5846=CARTESIAN_POINT('',(-26.0456295544302,-37.8405700161252,54.8323204806717));
#5847=CARTESIAN_POINT('',(-25.2066336042105,-37.0552954096174,53.541551866708));
#5848=CARTESIAN_POINT('',(-23.6533107069953,-36.9374421222767,54.2814718567552));
#5849=CARTESIAN_POINT('',(-24.9907422612016,-42.5065320052874,53.1746470537351));
#5850=CARTESIAN_POINT('',(-24.1238119756836,-41.9333050864811,51.7846365073202));
#5851=CARTESIAN_POINT('',(-22.545899135047,-41.8489810581575,52.4928680738259));
#5852=CARTESIAN_POINT('',(-24.5962879785673,-44.9672221185631,52.530203150877));
#5853=CARTESIAN_POINT('',(-23.7194984969977,-44.5060171694587,51.10092096005));
#5854=CARTESIAN_POINT('',(-22.1316242145853,-44.4391811774292,51.7978083663945));
#5855=CARTESIAN_POINT('',(-24.0794598022872,-49.9193091135435,51.6785347473983));
#5856=CARTESIAN_POINT('',(-23.1894268197889,-49.6859022011778,50.1962932188156));
#5857=CARTESIAN_POINT('',(-21.5887459515201,-49.6519043300514,50.8793365983168));
#5858=CARTESIAN_POINT('',(-23.9499724454984,-52.4378187138408,51.4599629989543));
#5859=CARTESIAN_POINT('',(-23.0568506834765,-52.3192031348813,49.9641546092254));
#5860=CARTESIAN_POINT('',(-21.4526831076435,-52.3029670671967,50.6436806273303));
#5861=CARTESIAN_POINT('',(-23.9499724453564,-55.0000000000003,51.4599629987167));
#5862=CARTESIAN_POINT('',(-23.0568506833743,-55.0000000000003,49.964154608932));
#5863=CARTESIAN_POINT('',(-21.4526831076514,-55.0000000000003,50.6436806273269));
#5864=CARTESIAN_POINT('',(-22.2327806752024,563.499999999997,52.4852690137752));
#5865=CARTESIAN_POINT('',(-82.6481323840159,-17.0000000000002,46.8432088293934));
#5866=CARTESIAN_POINT('',(-97.6313972081439,-17.0000000000002,-59.1025403784443));
#5867=CARTESIAN_POINT('',(-45.4967873683806,-55.0000000000003,34.3371859527884));
#5868=CARTESIAN_POINT('',(-82.9281934087659,-17.0000000000003,44.8629144516769));
#5869=CARTESIAN_POINT('',(-82.9281934087659,-15.0000000000003,44.8629144516769));
#5870=CARTESIAN_POINT('',(-82.6481323840159,-15.0000000000003,46.8432088293934));
#5871=CARTESIAN_POINT('',(-77.9958146967366,-17.0000000001148,44.1653580418369));
#5872=CARTESIAN_POINT('',(-77.882487971238,-15.0890446128528,44.1493309299935));
#5873=CARTESIAN_POINT('',(-77.4056495283638,-15.0000000000003,46.0098055083976));
#5874=CARTESIAN_POINT('',(-73.0560614860281,-17.9081713938288,43.0861699976991));
#5875=CARTESIAN_POINT('',(-72.671509360527,-16.0853734358467,43.0054043285373));
#5876=CARTESIAN_POINT('',(-72.156668285179,-15.9559698883302,44.7702750812592));
#5877=CARTESIAN_POINT('',(-64.148121734928,-21.5276202661667,40.5235100189229));
#5878=CARTESIAN_POINT('',(-63.3990574792471,-19.9515089629187,40.2788057042878));
#5879=CARTESIAN_POINT('',(-62.6918523323589,-19.7659160695598,41.8804117780511));
#5880=CARTESIAN_POINT('',(-60.0785478022187,-24.2835990625932,39.0183168765975));
#5881=CARTESIAN_POINT('',(-59.1248854720064,-22.863780951519,38.6596018844215));
#5882=CARTESIAN_POINT('',(-58.3679933740068,-22.6669463817972,40.205211280503));
#5883=CARTESIAN_POINT('',(-55.1121223836455,-29.5079214859664,36.9200665958557));
#5884=CARTESIAN_POINT('',(-53.9538587627638,-28.3401104834318,36.4086817838569));
#5885=CARTESIAN_POINT('',(-53.0897126376718,-28.1662331430624,37.8847741168373));
#5886=CARTESIAN_POINT('',(-53.6116619416237,-31.4630765255171,36.2352113840415));
#5887=CARTESIAN_POINT('',(-52.3903886655062,-30.3872785468743,35.6723138448222));
#5888=CARTESIAN_POINT('',(-51.494741534582,-30.2242910794432,37.1299244428968));
#5889=CARTESIAN_POINT('',(-51.0447789251603,-35.6319617882119,35.0075600413059));
#5890=CARTESIAN_POINT('',(-49.7179820692812,-34.7455654432824,34.3517885814911));
#5891=CARTESIAN_POINT('',(-48.7656298850833,-34.612591356061,35.779578937105));
#5892=CARTESIAN_POINT('',(-49.972337092014,-37.8405700161075,34.4633677074874));
#5893=CARTESIAN_POINT('',(-48.6003609784732,-37.0552954096053,33.7650272725208));
#5894=CARTESIAN_POINT('',(-47.6251038842328,-36.9374421222621,35.1824782292851));
#5895=CARTESIAN_POINT('',(-48.2299411845147,-42.506532005305,33.5552240552141));
#5896=CARTESIAN_POINT('',(-46.784152260731,-41.9333050865042,32.7849047532236));
#5897=CARTESIAN_POINT('',(-45.7717554390344,-41.8489810581721,34.1872077018922));
#5898=CARTESIAN_POINT('',(-47.5661118036752,-44.9672221185631,33.1943464053331));
#5899=CARTESIAN_POINT('',(-46.0921487434307,-44.5060171694573,32.3949464597083));
#5900=CARTESIAN_POINT('',(-45.0654529800282,-44.4391811774303,33.792405798377));
#5901=CARTESIAN_POINT('',(-46.6926912718864,-49.9193091135435,32.7151940204604));
#5902=CARTESIAN_POINT('',(-45.1807793345667,-49.6859022011763,31.8765516933897));
#5903=CARTESIAN_POINT('',(-44.136070729034,-49.6519043300503,33.2684250460678));
#5904=CARTESIAN_POINT('',(-46.4712660572322,-52.4378187138408,32.5906490121616));
#5905=CARTESIAN_POINT('',(-44.9498957278438,-52.3192031348801,31.7418018284125));
#5906=CARTESIAN_POINT('',(-43.90040886425,-52.3029670671975,33.1323724105547));
#5907=CARTESIAN_POINT('',(-46.4712660569743,-55.0000000000003,32.5906490120177));
#5908=CARTESIAN_POINT('',(-44.9498957275327,-55.0000000000003,31.7418018282614));
#5909=CARTESIAN_POINT('',(-43.9004088642269,-55.0000000000003,33.1323724105853));
#5910=CARTESIAN_POINT('',(-45.4967873683806,563.499999999997,34.3371859527884));
#5911=CARTESIAN_POINT('',(-94.9969866345938,-17.0000000000002,-0.756657350973651));
#5912=CARTESIAN_POINT('',(-54.9999999999996,-17.0000000000002,-100.));
#5913=CARTESIAN_POINT('',(-56.5699666279907,-55.0000000000003,6.98848164539465));
#5914=CARTESIAN_POINT('',(-94.249379407779,-17.0000000000003,-2.61167310142275));
#5915=CARTESIAN_POINT('',(-94.249379407779,-15.0000000000003,-2.61167310142275));
#5916=CARTESIAN_POINT('',(-94.9969866345938,-15.0000000000003,-0.756657350973651));
#5917=CARTESIAN_POINT('',(-89.6290359371538,-17.0000000001676,-0.749585316901285));
#5918=CARTESIAN_POINT('',(-89.5228785580395,-15.0890446128573,-0.706801840125078));
#5919=CARTESIAN_POINT('',(-90.0401616422222,-15.0000000000003,1.14283562940117));
#5920=CARTESIAN_POINT('',(-84.8114901461911,-17.9081713938551,0.785687026767492));
#5921=CARTESIAN_POINT('',(-84.4380754018371,-16.0853734358815,0.908017968246799));
#5922=CARTESIAN_POINT('',(-84.8746453280541,-15.9559698883262,2.69386141214745));
#5923=CARTESIAN_POINT('',(-75.8156580369625,-21.5276202661404,3.02032825943735));
#5924=CARTESIAN_POINT('',(-75.0445972051717,-19.9515089628833,3.18294023441015));
#5925=CARTESIAN_POINT('',(-75.2329426191386,-19.7659160695638,4.92357435461686));
#5926=CARTESIAN_POINT('',(-71.5387070575289,-24.2835990625757,3.75157972693143));
#5927=CARTESIAN_POINT('',(-70.5334537568813,-22.863780951513,3.91775459610572));
#5928=CARTESIAN_POINT('',(-70.6507706700912,-22.6669463817704,5.63473764642834));
#5929=CARTESIAN_POINT('',(-66.1885313386263,-29.5079214859751,4.41765438960349));
#5930=CARTESIAN_POINT('',(-64.9297532126438,-28.3401104834368,4.5539139617387));
#5931=CARTESIAN_POINT('',(-64.9194268822442,-28.1662331430758,6.26432048298272));
#5932=CARTESIAN_POINT('',(-64.5466668725566,-31.4630765255171,4.57478259926828));
#5933=CARTESIAN_POINT('',(-63.2075644208808,-30.3872785468647,4.69793566862315));
#5934=CARTESIAN_POINT('',(-63.1607165517066,-30.2242910794486,6.40808704085261));
#5935=CARTESIAN_POINT('',(-61.7098553004159,-35.6319617882119,4.79504685769874));
#5936=CARTESIAN_POINT('',(-60.2329297876425,-34.7455654432904,4.89053054237406));
#5937=CARTESIAN_POINT('',(-60.1220637805878,-34.6125913560555,6.60320935370389));
#5938=CARTESIAN_POINT('',(-60.508997261916,-37.8405700161163,4.85998338864107));
#5939=CARTESIAN_POINT('',(-58.971660876699,-37.0552954096057,4.94119088824837));
#5940=CARTESIAN_POINT('',(-58.835788936257,-36.937442122271,6.65636797254004));
#5941=CARTESIAN_POINT('',(-58.5459663164174,-42.5065320052962,4.94470586923722));
#5942=CARTESIAN_POINT('',(-56.9087167289367,-41.9333050865046,5.00048424657191));
#5943=CARTESIAN_POINT('',(-56.7331068369625,-41.8489810581632,6.72111263477401));
#5944=CARTESIAN_POINT('',(-57.7906343839259,-44.9672221185718,4.96409134720097));
#5945=CARTESIAN_POINT('',(-56.1144449566896,-44.506017169452,5.00877221658672));
#5946=CARTESIAN_POINT('',(-55.9240300129479,-44.4391811774356,6.73235538634958));
#5947=CARTESIAN_POINT('',(-56.794653822722,-49.9193091135347,4.98584347551287));
#5948=CARTESIAN_POINT('',(-55.0659785131973,-49.685902201171,5.01551388428208));
#5949=CARTESIAN_POINT('',(-54.8571709976023,-49.6519043300449,6.74326586929964));
#5950=CARTESIAN_POINT('',(-56.5406214576217,-52.4378187138474,4.98869694173878));
#5951=CARTESIAN_POINT('',(-54.7986525119556,-52.3192031348761,5.01425888150824));
#5952=CARTESIAN_POINT('',(-54.5850555182311,-52.3029670672016,6.74327176314542));
#5953=CARTESIAN_POINT('',(-56.5406214573741,-55.0000000000003,4.98869694174241));
#5954=CARTESIAN_POINT('',(-54.7986525116356,-55.0000000000003,5.01425888139934));
#5955=CARTESIAN_POINT('',(-54.5850555182367,-55.0000000000003,6.7432717631001));
#5956=CARTESIAN_POINT('',(-56.5699666279907,563.499999999997,6.98848164539464));
#5957=CARTESIAN_POINT('',(-81.8914750330423,-17.0000000000002,-48.1537778052003));
#5958=CARTESIAN_POINT('',(2.36860279185621,-17.0000000000002,-114.102540378444));
#5959=CARTESIAN_POINT('',(-52.4852690137752,-55.0000000000003,-22.2327806752023));
#5960=CARTESIAN_POINT('',(-80.3165203073432,-17.0000000000003,-49.386464956102));
#5961=CARTESIAN_POINT('',(-80.3165203073432,-15.0000000000003,-49.386464956102));
#5962=CARTESIAN_POINT('',(-81.8914750330423,-15.0000000000003,-48.1537778052003));
#5963=CARTESIAN_POINT('',(-77.2462293798195,-17.0000000001148,-45.4636778952999));
#5964=CARTESIAN_POINT('',(-77.1756861310873,-15.0890446128798,-45.3735476280352));
#5965=CARTESIAN_POINT('',(-78.5484851576169,-15.0000000000003,-44.0303561337792));
#5966=CARTESIAN_POINT('',(-73.8417485128199,-17.9081713938463,-41.7253201485113));
#5967=CARTESIAN_POINT('',(-73.5795273288119,-16.0853734358489,-41.4326710733272));
#5968=CARTESIAN_POINT('',(-74.8505296973893,-15.9559698883192,-40.1043702468191));
#5969=CARTESIAN_POINT('',(-67.168449994341,-21.5276202661491,-35.2921480180201));
#5970=CARTESIAN_POINT('',(-66.5819977136444,-19.9515089629036,-34.7657915008758));
#5971=CARTESIAN_POINT('',(-67.6154266869129,-19.7659160695707,-33.352530841063));
#5972=CARTESIAN_POINT('',(-63.8301275291381,-24.2835990625494,-32.5203901808883));
#5973=CARTESIAN_POINT('',(-63.0426400681304,-22.8637809514819,-31.8738518723529));
#5974=CARTESIAN_POINT('',(-64.0027310204795,-22.6669463817755,-30.4455593895272));
#5975=CARTESIAN_POINT('',(-59.529776773255,-29.5079214859883,-29.2684647427921));
#5976=CARTESIAN_POINT('',(-58.5077727244889,-28.3401104834554,-28.521071428839));
#5977=CARTESIAN_POINT('',(-59.3540331206323,-28.1662331430733,-27.0346527654372));
#5978=CARTESIAN_POINT('',(-58.1864445408647,-31.4630765254907,-28.3114554885107));
#5979=CARTESIAN_POINT('',(-57.0883243341148,-30.3872785468338,-27.5352505760599));
#5980=CARTESIAN_POINT('',(-57.9028285754423,-30.2242910794356,-26.0307921088129));
#5981=CARTESIAN_POINT('',(-55.8398257828863,-35.6319617882383,-26.7022952591143));
#5982=CARTESIAN_POINT('',(-54.608512611676,-34.7455654433124,-25.8811412061527));
#5983=CARTESIAN_POINT('',(-55.3688392387795,-34.6125913560686,-24.3424848434794));
#5984=CARTESIAN_POINT('',(-54.8323204806863,-37.8405700161163,-26.0456295544393));
#5985=CARTESIAN_POINT('',(-53.5415518667338,-37.0552954096104,-25.20663360421));
#5986=CARTESIAN_POINT('',(-54.2814718567657,-36.9374421222605,-23.6533107069883));
#5987=CARTESIAN_POINT('',(-53.1746470537207,-42.5065320052962,-24.9907422611923));
#5988=CARTESIAN_POINT('',(-51.7846365072931,-41.9333050864917,-24.1238119756831));
#5989=CARTESIAN_POINT('',(-52.4928680738155,-41.8489810581737,-22.5458991350538));
#5990=CARTESIAN_POINT('',(-52.5302031508899,-44.9672221185631,-24.5962879785749));
#5991=CARTESIAN_POINT('',(-51.1009209600597,-44.5060171694539,-23.7194984969937));
#5992=CARTESIAN_POINT('',(-51.7978083663962,-44.4391811774276,-22.1316242145822));
#5993=CARTESIAN_POINT('',(-51.6785347473856,-49.9193091135435,-24.0794598022793));
#5994=CARTESIAN_POINT('',(-50.1962932188077,-49.6859022011729,-23.1894268197937));
#5995=CARTESIAN_POINT('',(-50.8793365983152,-49.651904330053,-21.588745951523));
#5996=CARTESIAN_POINT('',(-51.4599629989752,-52.4378187138407,-23.9499724455107));
#5997=CARTESIAN_POINT('',(-49.9641546092254,-52.3192031348775,-23.0568506835475));
#5998=CARTESIAN_POINT('',(-50.6436806273128,-52.3029670671956,-21.4526831076848));
#5999=CARTESIAN_POINT('',(-51.4599629987167,-55.0000000000003,-23.9499724453563));
#6000=CARTESIAN_POINT('',(-49.9641546089321,-55.0000000000003,-23.0568506833742));
#6001=CARTESIAN_POINT('',(-50.643680627327,-55.0000000000003,-21.4526831076513));
#6002=CARTESIAN_POINT('',(-52.4852690137752,563.499999999997,-22.2327806752023));
#6003=CARTESIAN_POINT('',(-46.8432088293936,-17.0000000000002,-82.6481323840158));
#6004=CARTESIAN_POINT('',(59.1025403784441,-17.0000000000002,-97.631397208144));
#6005=CARTESIAN_POINT('',(-34.3371859527884,-55.0000000000003,-45.4967873683805));
#6006=CARTESIAN_POINT('',(-44.862914451677,-17.0000000000003,-82.9281934087659));
#6007=CARTESIAN_POINT('',(-44.862914451677,-15.0000000000003,-82.9281934087659));
#6008=CARTESIAN_POINT('',(-46.8432088293936,-15.0000000000003,-82.6481323840159));
#6009=CARTESIAN_POINT('',(-44.165358041834,-17.0000000001148,-77.9958146967154));
#6010=CARTESIAN_POINT('',(-44.1493309301643,-15.089044612853,-77.8824879711932));
#6011=CARTESIAN_POINT('',(-46.0098055085424,-15.0000000000003,-77.4056495283223));
#6012=CARTESIAN_POINT('',(-43.0861699977072,-17.9081713938463,-73.0560614860558));
#6013=CARTESIAN_POINT('',(-43.0054043285024,-16.0853734358726,-72.6715093605643));
#6014=CARTESIAN_POINT('',(-44.7702750812371,-15.9559698883257,-72.1566682852067));
#6015=CARTESIAN_POINT('',(-40.523510018915,-21.5276202661491,-64.1481217349002));
#6016=CARTESIAN_POINT('',(-40.2788057043231,-19.9515089628919,-63.3990574792141));
#6017=CARTESIAN_POINT('',(-41.8804117780735,-19.7659160695643,-62.6918523323312));
#6018=CARTESIAN_POINT('',(-39.0183168765976,-24.2835990625757,-60.0785478022186));
#6019=CARTESIAN_POINT('',(-38.6596018844369,-22.8637809515069,-59.1248854719837));
#6020=CARTESIAN_POINT('',(-40.2052112805081,-22.6669463817887,-58.3679933740139));
#6021=CARTESIAN_POINT('',(-36.9200665958557,-29.5079214859751,-55.1121223836454));
#6022=CARTESIAN_POINT('',(-36.4086817838477,-28.3401104834419,-53.9538587627712));
#6023=CARTESIAN_POINT('',(-37.8847741168348,-28.1662331430667,-53.0897126376681));
#6024=CARTESIAN_POINT('',(-36.2352113840329,-31.4630765254995,-53.6116619416056));
#6025=CARTESIAN_POINT('',(-35.6723138448307,-30.3872785468491,-52.3903886654966));
#6026=CARTESIAN_POINT('',(-37.1299244429142,-30.2242910794354,-51.4947415345759));
#6027=CARTESIAN_POINT('',(-35.0075600413146,-35.6319617882295,-51.0447789251783));
#6028=CARTESIAN_POINT('',(-34.351788581482,-34.74556544331,-49.7179820692893));
#6029=CARTESIAN_POINT('',(-35.7795789370878,-34.6125913560687,-48.7656298850892));
#6030=CARTESIAN_POINT('',(-34.4633677074856,-37.8405700161163,-49.9723370920103));
#6031=CARTESIAN_POINT('',(-33.7650272725117,-37.0552954096159,-48.6003609784549));
#6032=CARTESIAN_POINT('',(-35.1824782292746,-36.9374421222759,-47.6251038842334));
#6033=CARTESIAN_POINT('',(-33.5552240552161,-42.5065320052962,-48.2299411845182));
#6034=CARTESIAN_POINT('',(-32.7849047532322,-41.9333050864972,-46.7841522607479));
#6035=CARTESIAN_POINT('',(-34.1872077019029,-41.8489810581583,-45.7717554390337));
#6036=CARTESIAN_POINT('',(-33.1943464053328,-44.9672221185718,-47.5661118036745));
#6037=CARTESIAN_POINT('',(-32.3949464596737,-44.5060171694617,-46.0921487434402));
#6038=CARTESIAN_POINT('',(-33.7924057983646,-44.4391811774408,-45.0654529800349));
#6039=CARTESIAN_POINT('',(-32.7151940204608,-49.9193091135348,-46.692691271887));
#6040=CARTESIAN_POINT('',(-31.8765516934252,-49.6859022011632,-45.1807793345587));
#6041=CARTESIAN_POINT('',(-33.2684250460803,-49.6519043300398,-44.1360707290272));
#6042=CARTESIAN_POINT('',(-32.5906490121835,-52.4378187138473,-46.4712660572714));
#6043=CARTESIAN_POINT('',(-31.741801828457,-52.3192031348834,-44.9498957277727));
#6044=CARTESIAN_POINT('',(-33.132372410593,-52.3029670672054,-43.900408864221));
#6045=CARTESIAN_POINT('',(-32.5906490120177,-55.0000000000003,-46.4712660569743));
#6046=CARTESIAN_POINT('',(-31.7418018282614,-55.0000000000003,-44.9498957275327));
#6047=CARTESIAN_POINT('',(-33.1323724105853,-55.0000000000003,-43.9004088642268));
#6048=CARTESIAN_POINT('',(-34.3371859527884,563.499999999997,-45.4967873683805));
#6049=CARTESIAN_POINT('',(0.756657350973515,-17.0000000000002,-94.9969866345938));
#6050=CARTESIAN_POINT('',(100.,-17.0000000000002,-54.9999999999998));
#6051=CARTESIAN_POINT('',(-6.98848164539473,-55.0000000000003,-56.5699666279907));
#6052=CARTESIAN_POINT('',(2.6116731014226,-17.0000000000003,-94.249379407779));
#6053=CARTESIAN_POINT('',(2.6116731014226,-15.0000000000003,-94.249379407779));
#6054=CARTESIAN_POINT('',(0.756657350973509,-15.0000000000003,-94.9969866345938));
#6055=CARTESIAN_POINT('',(0.74958531690608,-17.0000000001148,-89.629035937166));
#6056=CARTESIAN_POINT('',(0.706801839994556,-15.0890446128095,-89.5228785581116));
#6057=CARTESIAN_POINT('',(-1.14283562948683,-15.0000000000003,-90.040161642267));
#6058=CARTESIAN_POINT('',(-0.785687026771927,-17.90817139382,-84.8114901461738));
#6059=CARTESIAN_POINT('',(-0.908017968320116,-16.0853734358371,-84.4380754018371));
#6060=CARTESIAN_POINT('',(-2.69386141222051,-15.9559698883201,-84.8746453280656));
#6061=CARTESIAN_POINT('',(-3.02032825943317,-21.5276202661754,-75.8156580369798));
#6062=CARTESIAN_POINT('',(-3.18294023433868,-19.9515089629266,-75.0445972051717));
#6063=CARTESIAN_POINT('',(-4.92357435454404,-19.7659160695698,-75.232942619127));
#6064=CARTESIAN_POINT('',(-3.75157972693581,-24.2835990625845,-71.5387070574943));
#6065=CARTESIAN_POINT('',(-3.9177545961105,-22.8637809515245,-70.5334537568434));
#6066=CARTESIAN_POINT('',(-5.63473764643173,-22.666946381792,-70.6507706700686));
#6067=CARTESIAN_POINT('',(-4.41765438960141,-29.5079214859708,-66.1885313386436));
#6068=CARTESIAN_POINT('',(-4.55391396173665,-28.3401104834331,-64.9297532126606));
#6069=CARTESIAN_POINT('',(-6.26432048298114,-28.166233143065,-64.9194268822555));
#6070=CARTESIAN_POINT('',(-4.57478259926846,-31.4630765255083,-64.5466668725553));
#6071=CARTESIAN_POINT('',(-4.69793566864997,-30.387278546872,-63.2075644208934));
#6072=CARTESIAN_POINT('',(-6.40808704086827,-30.2242910794337,-63.1607165517152));
#6073=CARTESIAN_POINT('',(-4.79504685769873,-35.6319617882207,-61.7098553004172));
#6074=CARTESIAN_POINT('',(-4.89053054234803,-34.7455654432977,-60.2329297876199));
#6075=CARTESIAN_POINT('',(-6.6032093536884,-34.6125913560705,-60.1220637805792));
#6076=CARTESIAN_POINT('',(-4.85998338864115,-37.8405700161075,-60.5089972619159));
#6077=CARTESIAN_POINT('',(-4.94119088824955,-37.0552954096062,-58.9716608767076));
#6078=CARTESIAN_POINT('',(-6.65636797254157,-36.9374421222635,-58.8357889362601));
#6079=CARTESIAN_POINT('',(-4.9447058692373,-42.506532005305,-58.5459663164174));
#6080=CARTESIAN_POINT('',(-5.00048424657089,-41.9333050865051,-56.9087167289277));
#6081=CARTESIAN_POINT('',(-6.72111263477264,-41.8489810581707,-56.7331068369594));
#6082=CARTESIAN_POINT('',(-4.96409134720145,-44.9672221185718,-57.7906343839083));
#6083=CARTESIAN_POINT('',(-5.00877221659447,-44.5060171694558,-56.1144449566713));
#6084=CARTESIAN_POINT('',(-6.73235538635169,-44.439181177439,-55.9240300129469));
#6085=CARTESIAN_POINT('',(-4.98584347551258,-49.9193091135347,-56.7946538227395));
#6086=CARTESIAN_POINT('',(-5.01551388427448,-49.6859022011749,-55.065978513214));
#6087=CARTESIAN_POINT('',(-6.74326586929771,-49.6519043300415,-54.8571709976032));
#6088=CARTESIAN_POINT('',(-4.98869694173781,-52.4378187138474,-56.5406214576941));
#6089=CARTESIAN_POINT('',(-5.01425888135943,-52.319203134879,-54.7986525119467));
#6090=CARTESIAN_POINT('',(-6.7432717630558,-52.3029670672041,-54.5850555182421));
#6091=CARTESIAN_POINT('',(-4.9886969417425,-55.0000000000003,-56.5406214573741));
#6092=CARTESIAN_POINT('',(-5.01425888139943,-55.0000000000003,-54.7986525116356));
#6093=CARTESIAN_POINT('',(-6.74327176310019,-55.0000000000003,-54.5850555182367));
#6094=CARTESIAN_POINT('',(-6.98848164539474,563.499999999997,-56.5699666279907));
#6095=CARTESIAN_POINT('',(48.1537778052002,-17.0000000000002,-81.8914750330423));
#6096=CARTESIAN_POINT('',(114.102540378444,-17.0000000000002,2.36860279185611));
#6097=CARTESIAN_POINT('',(22.2327806752023,-55.0000000000003,-52.4852690137753));
#6098=CARTESIAN_POINT('',(49.386464956102,-17.0000000000003,-80.3165203073432));
#6099=CARTESIAN_POINT('',(49.3864649561019,-15.0000000000003,-80.3165203073432));
#6100=CARTESIAN_POINT('',(48.1537778052002,-15.0000000000003,-81.8914750330423));
#6101=CARTESIAN_POINT('',(45.4636778953142,-17.0000000001148,-77.2462293798307));
#6102=CARTESIAN_POINT('',(45.3735476279866,-15.0890446129133,-77.1756861311406));
#6103=CARTESIAN_POINT('',(44.030356133713,-15.0000000000003,-78.5484851577251));
#6104=CARTESIAN_POINT('',(41.7253201484943,-17.9081713938376,-73.8417485128025));
#6105=CARTESIAN_POINT('',(41.4326710733094,-16.0853734358311,-73.5795273288475));
#6106=CARTESIAN_POINT('',(40.1043702467864,-15.9559698883235,-74.850529697394));
#6107=CARTESIAN_POINT('',(35.292148018037,-21.5276202661579,-67.1684499943586));
#6108=CARTESIAN_POINT('',(34.7657915008931,-19.9515089629209,-66.5819977136097));
#6109=CARTESIAN_POINT('',(33.3525308410957,-19.7659160695664,-67.6154266869083));
#6110=CARTESIAN_POINT('',(32.520390180919,-24.2835990626108,-63.8301275291788));
#6111=CARTESIAN_POINT('',(31.8738518724089,-22.863780951538,-63.0426400681349));
#6112=CARTESIAN_POINT('',(30.4455593895752,-22.6669463817826,-64.0027310204492));
#6113=CARTESIAN_POINT('',(29.2684647427767,-29.5079214859576,-59.5297767732347));
#6114=CARTESIAN_POINT('',(28.5210714288135,-28.3401104834234,-58.5077727244901));
#6115=CARTESIAN_POINT('',(27.0346527654132,-28.1662331430697,-59.3540331206475));
#6116=CARTESIAN_POINT('',(28.3114554885107,-31.4630765254994,-58.1864445408647));
#6117=CARTESIAN_POINT('',(27.5352505760624,-30.3872785468563,-57.0883243341208));
#6118=CARTESIAN_POINT('',(26.0307921088056,-30.2242910794484,-57.9028285754359));
#6119=CARTESIAN_POINT('',(26.7022952591143,-35.6319617882295,-55.8398257828863));
#6120=CARTESIAN_POINT('',(25.8811412061464,-34.7455654432996,-54.6085126116644));
#6121=CARTESIAN_POINT('',(24.3424848434866,-34.6125913560557,-55.3688392387858));
#6122=CARTESIAN_POINT('',(26.0456295544077,-37.8405700161075,-54.8323204806367));
#6123=CARTESIAN_POINT('',(25.2066336041824,-37.0552954096066,-53.5415518666792));
#6124=CARTESIAN_POINT('',(23.653310706984,-36.9374421222707,-54.2814718567628));
#6125=CARTESIAN_POINT('',(24.9907422612238,-42.506532005305,-53.1746470537702));
#6126=CARTESIAN_POINT('',(24.1238119757084,-41.9333050865055,-51.7846365073443));
#6127=CARTESIAN_POINT('',(22.545899135058,-41.8489810581635,-52.4928680738184));
#6128=CARTESIAN_POINT('',(24.596287978557,-44.9672221185718,-52.5302031508604));
#6129=CARTESIAN_POINT('',(23.7194984969847,-44.5060171694558,-51.1009209600243));
#6130=CARTESIAN_POINT('',(22.1316242145855,-44.4391811774449,-51.797808366391));
#6131=CARTESIAN_POINT('',(24.0794598022972,-49.9193091135348,-51.6785347474151));
#6132=CARTESIAN_POINT('',(23.1894268198022,-49.6859022011749,-50.1962932188425));
#6133=CARTESIAN_POINT('',(21.5887459515197,-49.6519043300357,-50.8793365983204));
#6134=CARTESIAN_POINT('',(23.9499724455239,-52.4378187138473,-51.4599629989974));
#6135=CARTESIAN_POINT('',(23.0568506835742,-52.319203134879,-49.9641546092254));
#6136=CARTESIAN_POINT('',(21.4526831076871,-52.3029670672085,-50.6436806273118));
#6137=CARTESIAN_POINT('',(23.9499724453563,-55.0000000000003,-51.4599629987167));
#6138=CARTESIAN_POINT('',(23.0568506833742,-55.0000000000003,-49.9641546089321));
#6139=CARTESIAN_POINT('',(21.4526831076513,-55.0000000000003,-50.643680627327));
#6140=CARTESIAN_POINT('',(22.2327806752023,563.499999999996,-52.4852690137753));
#6141=CARTESIAN_POINT('',(82.6481323840158,-17.0000000000002,-46.8432088293937));
#6142=CARTESIAN_POINT('',(97.631397208144,-17.0000000000002,59.102540378444));
#6143=CARTESIAN_POINT('',(45.4967873683805,-55.0000000000003,-34.3371859527885));
#6144=CARTESIAN_POINT('',(82.9281934087658,-17.0000000000003,-44.8629144516771));
#6145=CARTESIAN_POINT('',(82.9281934087658,-15.0000000000003,-44.8629144516771));
#6146=CARTESIAN_POINT('',(82.6481323840157,-15.0000000000003,-46.8432088293937));
#6147=CARTESIAN_POINT('',(77.9958146967508,-17.0000000001676,-44.1653580418391));
#6148=CARTESIAN_POINT('',(77.88248797123,-15.0890446128781,-44.1493309301184));
#6149=CARTESIAN_POINT('',(77.4056495283329,-15.0000000000003,-46.0098055085403));
#6150=CARTESIAN_POINT('',(73.0560614860096,-17.9081713938113,-43.086169997694));
#6151=CARTESIAN_POINT('',(72.6715093604807,-16.0853734358512,-43.0054043286053));
#6152=CARTESIAN_POINT('',(72.1566682851807,-15.9559698883179,-44.7702750813132));
#6153=CARTESIAN_POINT('',(64.1481217349463,-21.5276202661842,-40.5235100189284));
#6154=CARTESIAN_POINT('',(63.3990574792715,-19.951508962923,-40.2788057042156));
#6155=CARTESIAN_POINT('',(62.691852332357,-19.765916069572,-41.8804117779975));
#6156=CARTESIAN_POINT('',(60.0785478022123,-24.2835990625757,-39.0183168765951));
#6157=CARTESIAN_POINT('',(59.1248854720226,-22.8637809515116,-38.6596018844035));
#6158=CARTESIAN_POINT('',(58.3679933740143,-22.666946381798,-40.205211280491));
#6159=CARTESIAN_POINT('',(55.1121223836485,-29.5079214859752,-36.9200665958571));
#6160=CARTESIAN_POINT('',(53.9538587627546,-28.3401104834365,-36.4086817838657));
#6161=CARTESIAN_POINT('',(53.0897126376679,-28.166233143062,-37.8847741168435));
#6162=CARTESIAN_POINT('',(53.6116619416093,-31.4630765255171,-36.2352113840348));
#6163=CARTESIAN_POINT('',(52.3903886655056,-30.3872785468663,-35.6723138448309));
#6164=CARTESIAN_POINT('',(51.494741534577,-30.2242910794465,-37.1299244428999));
#6165=CARTESIAN_POINT('',(51.0447789251746,-35.6319617882119,-35.0075600413129));
#6166=CARTESIAN_POINT('',(49.7179820692807,-34.745565443292,-34.3517885814822));
#6167=CARTESIAN_POINT('',(48.7656298850881,-34.6125913560576,-35.7795789371023));
#6168=CARTESIAN_POINT('',(49.9723370920247,-37.8405700161075,-34.4633677074932));
#6169=CARTESIAN_POINT('',(48.6003609784557,-37.0552954096048,-33.7650272725386));
#6170=CARTESIAN_POINT('',(47.6251038842251,-36.9374421222628,-35.182478229295));
#6171=CARTESIAN_POINT('',(48.2299411845037,-42.5065320053051,-33.5552240552086));
#6172=CARTESIAN_POINT('',(46.7841522607486,-41.9333050865037,-32.7849047532062));
#6173=CARTESIAN_POINT('',(45.7717554390418,-41.8489810581715,-34.1872077018826));
#6174=CARTESIAN_POINT('',(47.5661118036812,-44.9672221185631,-33.1943464053366));
#6175=CARTESIAN_POINT('',(46.0921487434399,-44.5060171694544,-32.3949464596736));
#6176=CARTESIAN_POINT('',(45.0654529800396,-44.439181177431,-33.7924057983617));
#6177=CARTESIAN_POINT('',(46.6926912718802,-49.9193091135435,-32.7151940204572));
#6178=CARTESIAN_POINT('',(45.1807793345584,-49.6859022011734,-31.8765516934252));
#6179=CARTESIAN_POINT('',(44.1360707290224,-49.6519043300496,-33.2684250460834));
#6180=CARTESIAN_POINT('',(46.4712660572773,-52.4378187138407,-32.590649012187));
#6181=CARTESIAN_POINT('',(44.9498957278793,-52.3192031348779,-31.7418018284393));
#6182=CARTESIAN_POINT('',(43.9004088642435,-52.3029670671981,-33.1323724105633));
#6183=CARTESIAN_POINT('',(46.4712660569742,-55.0000000000003,-32.5906490120178));
#6184=CARTESIAN_POINT('',(44.9498957275326,-55.0000000000003,-31.7418018282615));
#6185=CARTESIAN_POINT('',(43.9004088642268,-55.0000000000003,-33.1323724105854));
#6186=CARTESIAN_POINT('',(45.4967873683805,563.499999999997,-34.3371859527885));
#6187=CARTESIAN_POINT('',(94.9969866345938,-17.0000000000002,0.756657350973402));
#6188=CARTESIAN_POINT('',(54.9999999999999,-17.0000000000002,100.));
#6189=CARTESIAN_POINT('',(56.5699666279907,-55.0000000000003,-6.98848164539479));
#6190=CARTESIAN_POINT('',(94.249379407779,-17.0000000000003,2.61167310142252));
#6191=CARTESIAN_POINT('',(94.249379407779,-15.0000000000003,2.61167310142252));
#6192=CARTESIAN_POINT('',(94.9969866345938,-15.0000000000003,0.75665735097342));
#6193=CARTESIAN_POINT('',(89.6290359371895,-17.0000000001148,0.749585316915458));
#6194=CARTESIAN_POINT('',(89.5228785581137,-15.0890446128088,0.70680184005332));
#6195=CARTESIAN_POINT('',(90.0401616422603,-15.0000000000003,-1.14283562942728));
#6196=CARTESIAN_POINT('',(84.8114901461408,-17.9081713937937,-0.785687026780202));
#6197=CARTESIAN_POINT('',(84.4380754018016,-16.0853734358105,-0.908017968321281));
#6198=CARTESIAN_POINT('',(84.8746453280444,-15.9559698883286,-2.69386141222123));
#6199=CARTESIAN_POINT('',(75.8156580370128,-21.5276202662018,-3.02032825942501));
#6200=CARTESIAN_POINT('',(75.0445972052064,-19.9515089629527,-3.18294023433765));
#6201=CARTESIAN_POINT('',(75.2329426191482,-19.7659160695613,-4.92357435454344));
#6202=CARTESIAN_POINT('',(71.5387070574986,-24.2835990625932,-3.75157972693536));
#6203=CARTESIAN_POINT('',(70.533453756842,-22.8637809515258,-3.9177545960734));
#6204=CARTESIAN_POINT('',(70.650770670066,-22.6669463817981,-5.63473764639212));
#6205=CARTESIAN_POINT('',(66.1885313386415,-29.5079214859664,-4.41765438960176));
#6206=CARTESIAN_POINT('',(64.9297532126603,-28.3401104834335,-4.55391396175539));
#6207=CARTESIAN_POINT('',(64.9194268822568,-28.166233143062,-6.26432048300107));
#6208=CARTESIAN_POINT('',(64.5466668725552,-31.4630765254995,-4.57478259926855));
#6209=CARTESIAN_POINT('',(63.2075644208808,-30.3872785468559,-4.69793566864311));
#6210=CARTESIAN_POINT('',(63.1607165517134,-30.2242910794358,-6.40808704087112));
#6211=CARTESIAN_POINT('',(61.7098553004173,-35.6319617882295,-4.79504685769879));
#6212=CARTESIAN_POINT('',(60.2329297876425,-34.7455654432992,-4.89053054235439));
#6213=CARTESIAN_POINT('',(60.1220637805809,-34.6125913560684,-6.6032093536857));
#6214=CARTESIAN_POINT('',(60.5089972619071,-37.8405700161075,-4.8599833886416));
#6215=CARTESIAN_POINT('',(58.9716608766904,-37.0552954096053,-4.9411908882496));
#6216=CARTESIAN_POINT('',(58.8357889362585,-36.9374421222666,-6.65636797254357));
#6217=CARTESIAN_POINT('',(58.5459663164263,-42.506532005305,-4.94470586923698));
#6218=CARTESIAN_POINT('',(56.9087167289457,-41.9333050865042,-5.00048424657094));
#6219=CARTESIAN_POINT('',(56.733106836961,-41.8489810581676,-6.72111263477076));
#6220=CARTESIAN_POINT('',(57.790634383882,-44.9672221185631,-4.96409134720207));
#6221=CARTESIAN_POINT('',(56.1144449566435,-44.506017169463,-5.00877221660768));
#6222=CARTESIAN_POINT('',(55.9240300129476,-44.439181177434,-6.73235538635396));
#6223=CARTESIAN_POINT('',(56.7946538227658,-49.9193091135435,-4.98584347551206));
#6224=CARTESIAN_POINT('',(55.0659785132389,-49.6859022011821,-5.01551388426138));
#6225=CARTESIAN_POINT('',(54.8571709976025,-49.6519043300466,-6.74326586929554));
#6226=CARTESIAN_POINT('',(56.5406214576586,-52.4378187138408,-4.98869694173838));
#6227=CARTESIAN_POINT('',(54.7986525119556,-52.3192031348846,-5.01425888140059));
#6228=CARTESIAN_POINT('',(54.5850555182419,-52.3029670672003,-6.743271763058));
#6229=CARTESIAN_POINT('',(56.5406214573741,-55.0000000000003,-4.98869694174255));
#6230=CARTESIAN_POINT('',(54.7986525116356,-55.0000000000003,-5.01425888139948));
#6231=CARTESIAN_POINT('',(54.5850555182367,-55.0000000000003,-6.74327176310024));
#6232=CARTESIAN_POINT('',(56.5699666279907,563.499999999997,-6.98848164539478));
#6233=CARTESIAN_POINT('',(81.8914750330424,-17.0000000000002,48.1537778052001));
#6234=CARTESIAN_POINT('',(-2.36860279185595,-17.0000000000002,114.102540378444));
#6235=CARTESIAN_POINT('',(52.4852690137753,-55.0000000000003,22.2327806752022));
#6236=CARTESIAN_POINT('',(80.3165203073433,-17.0000000000003,49.3864649561018));
#6237=CARTESIAN_POINT('',(80.3165203073433,-15.0000000000003,49.3864649561018));
#6238=CARTESIAN_POINT('',(81.8914750330424,-15.0000000000003,48.1537778052001));
#6239=CARTESIAN_POINT('',(77.246229379842,-17.0000000001148,45.4636778953283));
#6240=CARTESIAN_POINT('',(77.1756861310989,-15.0890446128365,45.373547628067));
#6241=CARTESIAN_POINT('',(78.5484851576297,-15.0000000000003,44.0303561337947));
#6242=CARTESIAN_POINT('',(73.841748512785,-17.9081713938288,41.7253201484773));
#6243=CARTESIAN_POINT('',(73.5795273288053,-16.0853734358437,41.4326710732497));
#6244=CARTESIAN_POINT('',(74.85052969743,-15.9559698883171,40.1043702467516));
#6245=CARTESIAN_POINT('',(67.1684499943761,-21.5276202661667,35.2921480180538));
#6246=CARTESIAN_POINT('',(66.581997713638,-19.9515089629158,34.765791500939));
#6247=CARTESIAN_POINT('',(67.6154266868724,-19.7659160695728,33.3525308411303));
#6248=CARTESIAN_POINT('',(63.8301275291635,-24.2835990625932,32.5203901809073));
#6249=CARTESIAN_POINT('',(63.042640068114,-22.8637809515333,31.8738518723975));
#6250=CARTESIAN_POINT('',(64.0027310204355,-22.666946381798,30.4455593895674));
#6251=CARTESIAN_POINT('',(59.5297767732424,-29.5079214859664,29.2684647427824));
#6252=CARTESIAN_POINT('',(58.507772724498,-28.3401104834288,28.5210714288172));
#6253=CARTESIAN_POINT('',(59.3540331206544,-28.166233143062,27.0346527654169));
#6254=CARTESIAN_POINT('',(58.1864445408747,-31.4630765254995,28.3114554885174));
#6255=CARTESIAN_POINT('',(57.0883243341441,-30.3872785468619,27.535250576047));
#6256=CARTESIAN_POINT('',(57.9028285754473,-30.2242910794349,26.0307921088027));
#6257=CARTESIAN_POINT('',(55.8398257828764,-35.6319617882295,26.7022952591074));
#6258=CARTESIAN_POINT('',(54.6085126116348,-34.7455654433053,25.8811412061574));
#6259=CARTESIAN_POINT('',(55.3688392387745,-34.6125913560692,24.3424848434893));
#6260=CARTESIAN_POINT('',(54.8323204806618,-37.8405700160987,26.0456295544236));
#6261=CARTESIAN_POINT('',(53.5415518667088,-37.0552954095804,25.2066336041975));
#6262=CARTESIAN_POINT('',(54.2814718567733,-36.9374421222546,23.653310706977));
#6263=CARTESIAN_POINT('',(53.1746470537452,-42.5065320053139,24.9907422612077));
#6264=CARTESIAN_POINT('',(51.784636507321,-41.9333050865145,24.1238119756971));
#6265=CARTESIAN_POINT('',(52.492868073808,-41.8489810581797,22.5458991350648));
#6266=CARTESIAN_POINT('',(52.5302031508791,-44.9672221185631,24.5962879785682));
#6267=CARTESIAN_POINT('',(51.100920960041,-44.5060171694611,23.7194984969928));
#6268=CARTESIAN_POINT('',(51.7978083663914,-44.4391811774304,22.1316242145919));
#6269=CARTESIAN_POINT('',(51.6785347473965,-49.9193091135435,24.0794598022858));
#6270=CARTESIAN_POINT('',(50.196293218824,-49.6859022011802,23.1894268197928));
#6271=CARTESIAN_POINT('',(50.8793365983201,-49.6519043300502,21.5887459515131));
#6272=CARTESIAN_POINT('',(51.4599629990055,-52.4378187138408,23.9499724455286));
#6273=CARTESIAN_POINT('',(49.9641546092521,-52.3192031348832,23.0568506834941));
#6274=CARTESIAN_POINT('',(50.6436806273303,-52.3029670671976,21.4526831076435));
#6275=CARTESIAN_POINT('',(51.4599629987168,-55.0000000000003,23.9499724453562));
#6276=CARTESIAN_POINT('',(49.9641546089321,-55.0000000000003,23.0568506833741));
#6277=CARTESIAN_POINT('',(50.643680627327,-55.0000000000003,21.4526831076512));
#6278=CARTESIAN_POINT('',(52.4852690137753,563.499999999997,22.2327806752022));
#6279=CARTESIAN_POINT('',(46.8432088293938,-17.0000000000002,82.6481323840157));
#6280=CARTESIAN_POINT('',(-59.1025403784439,-17.0000000000002,97.6313972081441));
#6281=CARTESIAN_POINT('',(34.3371859527886,-55.0000000000003,45.4967873683805));
#6282=CARTESIAN_POINT('',(44.8629144516772,-17.0000000000003,82.9281934087658));
#6283=CARTESIAN_POINT('',(44.8629144516772,-15.0000000000003,82.9281934087658));
#6284=CARTESIAN_POINT('',(46.8432088293938,-15.0000000000003,82.6481323840157));
#6285=CARTESIAN_POINT('',(44.1653580418392,-17.0000000001148,77.9958146967506));
#6286=CARTESIAN_POINT('',(44.149330929986,-15.0890446128559,77.8824879712323));
#6287=CARTESIAN_POINT('',(46.0098055084263,-15.0000000000003,77.4056495283555));
#6288=CARTESIAN_POINT('',(43.0861699976941,-17.9081713938288,73.0560614860095));
#6289=CARTESIAN_POINT('',(43.0054043285996,-16.0853734358771,72.671509360461));
#6290=CARTESIAN_POINT('',(44.7702750813101,-15.9559698883203,72.1566682851756));
#6291=CARTESIAN_POINT('',(40.5235100189285,-21.5276202661667,64.1481217349462));
#6292=CARTESIAN_POINT('',(40.2788057042101,-19.9515089629134,63.3990574792526));
#6293=CARTESIAN_POINT('',(41.8804117780008,-19.7659160695696,62.691852332362));
#6294=CARTESIAN_POINT('',(39.0183168766094,-24.2835990626108,60.078547802246));
#6295=CARTESIAN_POINT('',(38.6596018844722,-22.8637809515596,59.1248854720363));
#6296=CARTESIAN_POINT('',(40.2052112805023,-22.6669463817906,58.3679933740155));
#6297=CARTESIAN_POINT('',(36.9200665958501,-29.5079214859576,55.1121223836316));
#6298=CARTESIAN_POINT('',(36.4086817838303,-28.3401104834156,53.9538587627448));
#6299=CARTESIAN_POINT('',(37.884774116838,-28.1662331430657,53.0897126376672));
#6300=CARTESIAN_POINT('',(36.2352113840365,-31.4630765255083,53.6116619416126));
#6301=CARTESIAN_POINT('',(35.6723138448225,-30.3872785468563,52.3903886654975));
#6302=CARTESIAN_POINT('',(37.1299244429023,-30.2242910794405,51.4947415345803));
#6303=CARTESIAN_POINT('',(35.0075600413113,-35.6319617882207,51.0447789251711));
#6304=CARTESIAN_POINT('',(34.3517885814915,-34.7455654432996,49.7179820692902));
#6305=CARTESIAN_POINT('',(35.7795789371,-34.6125913560636,48.7656298850847));
#6306=CARTESIAN_POINT('',(34.4633677074913,-37.8405700161163,49.9723370920208));
#6307=CARTESIAN_POINT('',(33.7650272725127,-37.0552954096113,48.6003609784653));
#6308=CARTESIAN_POINT('',(35.1824782292809,-36.937442122274,47.6251038842297));
#6309=CARTESIAN_POINT('',(33.5552240552107,-42.5065320052962,48.2299411845076));
#6310=CARTESIAN_POINT('',(32.7849047532332,-41.9333050864926,46.7841522607407));
#6311=CARTESIAN_POINT('',(34.1872077018968,-41.8489810581602,45.7717554390372));
#6312=CARTESIAN_POINT('',(33.1943464053366,-44.9672221185718,47.5661118036812));
#6313=CARTESIAN_POINT('',(32.3949464596821,-44.506017169467,46.0921487434655));
#6314=CARTESIAN_POINT('',(33.7924057983624,-44.439181177437,45.0654529800375));
#6315=CARTESIAN_POINT('',(32.7151940204572,-49.9193091135348,46.6926912718802));
#6316=CARTESIAN_POINT('',(31.876551693416,-49.6859022011685,45.1807793345313));
#6317=CARTESIAN_POINT('',(33.2684250460828,-49.6519043300436,44.1360707290244));
#6318=CARTESIAN_POINT('',(32.5906490121811,-52.4378187138473,46.4712660572667));
#6319=CARTESIAN_POINT('',(31.7418018284304,-52.3192031348875,44.949895727817));
#6320=CARTESIAN_POINT('',(33.1323724105618,-52.3029670672026,43.9004088642446));
#6321=CARTESIAN_POINT('',(32.5906490120179,-55.0000000000003,46.4712660569742));
#6322=CARTESIAN_POINT('',(31.7418018282615,-55.0000000000003,44.9498957275326));
#6323=CARTESIAN_POINT('',(33.1323724105855,-55.0000000000003,43.9004088642267));
#6324=CARTESIAN_POINT('',(34.3371859527886,563.499999999997,45.4967873683805));
#6325=CARTESIAN_POINT('',(0.,-0.399999999999997,0.));
#6326=CARTESIAN_POINT('',(0.,-10.0000000000008,0.));
#6327=CARTESIAN_POINT('',(0.,3.07046055247895E-15,0.));
#6328=MECHANICAL_DESIGN_GEOMETRIC_PRESENTATION_REPRESENTATION('',(#24),
#6329);
#6329=(
GEOMETRIC_REPRESENTATION_CONTEXT(3)
GLOBAL_UNCERTAINTY_ASSIGNED_CONTEXT((#6330))
GLOBAL_UNIT_ASSIGNED_CONTEXT((#6336,#6332,#6331))
REPRESENTATION_CONTEXT('ImpellerOpen','TOP_LEVEL_ASSEMBLY_PART')
);
#6330=UNCERTAINTY_MEASURE_WITH_UNIT(LENGTH_MEASURE(0.0508),#6336,
'DISTANCE_ACCURACY_VALUE','Maximum Tolerance applied to model');
#6331=(
NAMED_UNIT(*)
SI_UNIT($,.STERADIAN.)
SOLID_ANGLE_UNIT()
);
#6332=(
CONVERSION_BASED_UNIT('DEGREE',#6334)
NAMED_UNIT(#6333)
PLANE_ANGLE_UNIT()
);
#6333=DIMENSIONAL_EXPONENTS(0.,0.,0.,0.,0.,0.,0.);
#6334=PLANE_ANGLE_MEASURE_WITH_UNIT(PLANE_ANGLE_MEASURE(0.0174532925),#6335);
#6335=(
NAMED_UNIT(*)
PLANE_ANGLE_UNIT()
SI_UNIT($,.RADIAN.)
);
#6336=(
LENGTH_UNIT()
NAMED_UNIT(*)
SI_UNIT(.MILLI.,.METRE.)
);
ENDSEC;
END-ISO-10303-21;
